2026-09-09T02:48:23+00:00 start      STL-14   implement
2026-09-09T02:48:24+00:00 fail       STL-14   implement rc=1:   File "/usr/lib/python3.11/subprocess.py", line 1901, in _execute_child |     raise child_exception_type(errno_num, err_msg, err_filename) | OSError: [Errno 7] Argument list too long: '/home/rpw/.local/node/bin/paseo'
2026-09-09T02:49:06+00:00 boot       -        repo=/home/rpw/repos/stellarc-dev tick=120s parallel=3
2026-09-09T02:49:15+00:00 start      STL-14   implement
2026-09-09T02:51:45+00:00 fail       STL-14   implement rc=1: dispatched 9bba1bc1-fea3-41cd-8eca-af6c63e0d241 on forge/stl-14-c1 (hermes:accept_edits/cx/gpt-6-astra); waiting up to 7200s… | forge: no PR on forge/stl-14-c1. Salvage: `git -C <worktree> status`; `paseo logs 9bba1bc1-fea3-41cd-8eca-af6c63e0d241 | tail -40`
2026-09-09T02:53:43+00:00 boot       -        repo=/home/rpw/repos/stellarc-dev tick=120s parallel=3
2026-09-09T02:53:52+00:00 start      STL-14   implement
2026-09-09T02:58:07+00:00 fail       STL-14   implement rc=1: dispatched e1ab31b8-a743-4691-b366-819148208c5a on forge/stl-14-c2 (hermes:accept_edits/glm/glm-5.3-flash); waiting up to 7200s… | forge: implementer e1ab31b8-a743-4691-b366-819148208c5a reported a spec gap — amend .forge/STL-14.spec.md then re-run `forge implement 14`
2026-09-09T03:00:18+00:00 start      STL-14   implement
2026-09-09T03:02:09+00:00 boot       -        repo=/home/rpw/repos/stellarc-dev tick=120s parallel=3
2026-09-09T03:02:18+00:00 start      STL-14   implement
2026-09-09T03:06:12+00:00 fail       STL-14   implement rc=1: dispatched 42c26f6f-1a7f-44a7-995f-ce937f2747fd on forge/stl-14-c3 (hermes:accept_edits/cx/gpt-6-astra); waiting up to 7200s… | forge: implementer 42c26f6f-1a7f-44a7-995f-ce937f2747fd reported a spec gap — amend .forge/STL-14.spec.md then re-run `forge implement 14`
2026-09-09T03:08:21+00:00 start      STL-14   implement
2026-09-09T03:08:27+00:00 boot       -        repo=/home/rpw/repos/stellarc-dev tick=120s parallel=3
2026-09-09T03:08:39+00:00 start      STL-14   implement
2026-09-09T03:41:45+00:00 boot       -        repo=/home/rpw/repos/stellarc-dev tick=120s parallel=3
2026-09-09T03:41:53+00:00 idle       -        0/14 merged; nothing runnable (waiting on agents, blockers, or escalations)
2026-09-09T03:44:03+00:00 idle       -        0/14 merged; nothing runnable (waiting on agents, blockers, or escalations)
2026-09-09T03:44:16+00:00 boot       -        repo=/home/rpw/repos/stellarc-dev tick=120s parallel=3
2026-09-09T03:44:25+00:00 start      STL-14   implement
2026-09-09T03:47:13+00:00 ok         STL-14   implement: dispatched 0c746580-3802-47f7-8128-a4b2e394b973 on forge/stl-14-c4 (hermes:accept_edits/cx/gpt-6-astra); waiting up to 7200s… | STL-14 implement c5 → PARTIAL draft https://github.com/NevrLabs/stellarc/pull/28 (will continue)
2026-09-09T03:48:59+00:00 boot       -        repo=/home/rpw/repos/stellarc-dev tick=120s parallel=3
2026-09-09T03:49:08+00:00 start      STL-14   implement
2026-09-09T03:56:37+00:00 fail       STL-14   implement rc=1: dispatched 23abddb7-a15d-47fa-972d-86aa9bb46947 on forge/stl-14-c4 (hermes:accept_edits/glm/glm-5.3-flash); waiting up to 7200s… | forge: implementer 23abddb7-a15d-47fa-972d-86aa9bb46947 pushed nothing to forge/stl-14-c4 — cycle wasted
2026-09-09T03:56:38+00:00 escalate   STL-14   implement — human needed; delete .forge/STL-14.escalation to resume
2026-09-09T03:58:04+00:00 boot       -        repo=/home/rpw/repos/stellarc-dev tick=120s parallel=3
2026-09-09T03:58:12+00:00 idle       -        0/14 merged; nothing runnable (waiting on agents, blockers, or escalations)
2026-09-09T04:00:23+00:00 idle       -        0/14 merged; nothing runnable (waiting on agents, blockers, or escalations)
2026-09-09T04:02:32+00:00 idle       -        0/14 merged; nothing runnable (waiting on agents, blockers, or escalations)
2026-09-09T04:03:57+00:00 boot       -        repo=/home/rpw/repos/stellarc-dev tick=120s parallel=3
2026-09-09T04:04:07+00:00 start      STL-14   implement
2026-09-09T04:08:34+00:00 fail       STL-14   implement rc=1: dispatched 84b4d1da-77b3-438c-9838-6a1391831e75 on forge/stl-14-c4 (hermes:accept_edits/cx/gpt-6-astra); waiting up to 10800s… | forge: implementer 84b4d1da-77b3-438c-9838-6a1391831e75 pushed nothing to forge/stl-14-c4 — cycle wasted
2026-09-09T04:10:44+00:00 start      STL-14   implement
2026-09-09T04:28:58+00:00 fail       STL-14   implement rc=1: dispatched 76f4e72d-8da7-422c-8ea8-e4e6ea990192 on forge/stl-14-c4 (hermes:accept_edits/glm/glm-5.3-flash); waiting up to 10800s… | forge: implementer 76f4e72d-8da7-422c-8ea8-e4e6ea990192 pushed nothing to forge/stl-14-c4 — cycle wasted
2026-09-09T04:28:59+00:00 escalate   STL-14   implement — human needed; delete .forge/STL-14.escalation to resume
2026-09-09T04:31:16+00:00 idle       -        0/14 merged; nothing runnable (waiting on agents, blockers, or escalations)
2026-09-09T04:33:24+00:00 idle       -        0/14 merged; nothing runnable (waiting on agents, blockers, or escalations)
2026-09-09T04:35:40+00:00 idle       -        0/14 merged; nothing runnable (waiting on agents, blockers, or escalations)
2026-09-09T04:37:53+00:00 idle       -        0/14 merged; nothing runnable (waiting on agents, blockers, or escalations)
2026-09-09T04:40:08+00:00 idle       -        0/14 merged; nothing runnable (waiting on agents, blockers, or escalations)
2026-09-09T04:40:22+00:00 boot       -        repo=/home/rpw/repos/stellarc-dev tick=120s parallel=3
2026-09-09T04:40:36+00:00 idle       -        0/14 merged; nothing runnable (waiting on agents, blockers, or escalations)
2026-09-09T04:42:51+00:00 idle       -        0/14 merged; nothing runnable (waiting on agents, blockers, or escalations)
2026-09-09T04:45:05+00:00 idle       -        0/14 merged; nothing runnable (waiting on agents, blockers, or escalations)
2026-09-09T04:47:19+00:00 idle       -        0/14 merged; nothing runnable (waiting on agents, blockers, or escalations)
2026-09-09T04:49:31+00:00 idle       -        0/14 merged; nothing runnable (waiting on agents, blockers, or escalations)
2026-09-09T04:51:44+00:00 idle       -        0/14 merged; nothing runnable (waiting on agents, blockers, or escalations)
2026-09-09T04:53:55+00:00 idle       -        0/14 merged; nothing runnable (waiting on agents, blockers, or escalations)
2026-09-09T04:56:05+00:00 idle       -        0/14 merged; nothing runnable (waiting on agents, blockers, or escalations)
2026-09-09T04:58:17+00:00 idle       -        0/14 merged; nothing runnable (waiting on agents, blockers, or escalations)
2026-09-09T05:00:33+00:00 idle       -        0/14 merged; nothing runnable (waiting on agents, blockers, or escalations)
2026-09-09T05:02:47+00:00 idle       -        0/14 merged; nothing runnable (waiting on agents, blockers, or escalations)
2026-09-09T05:05:02+00:00 idle       -        0/14 merged; nothing runnable (waiting on agents, blockers, or escalations)
2026-09-09T05:07:15+00:00 idle       -        0/14 merged; nothing runnable (waiting on agents, blockers, or escalations)
2026-09-09T05:09:30+00:00 idle       -        0/14 merged; nothing runnable (waiting on agents, blockers, or escalations)
2026-09-09T05:11:41+00:00 idle       -        0/14 merged; nothing runnable (waiting on agents, blockers, or escalations)
2026-09-09T05:13:53+00:00 idle       -        0/14 merged; nothing runnable (waiting on agents, blockers, or escalations)
2026-09-09T05:16:03+00:00 start      STL-14   implement
2026-09-09T05:26:35+00:00 fail       STL-14   implement rc=1: dispatched da5ef10a-483a-4ee4-bdfa-b491579047ed on forge/stl-14-c4 (hermes:accept_edits/glm/glm-5.3-flash); waiting up to 10800s… | forge: implementer da5ef10a-483a-4ee4-bdfa-b491579047ed pushed nothing to forge/stl-14-c4 — cycle wasted
2026-09-09T05:28:46+00:00 start      STL-14   implement
2026-09-09T05:31:07+00:00 fail       STL-14   implement rc=1: dispatched 648aa9b7-116b-4f53-af61-06036515ba63 on forge/stl-14-c4 (hermes:accept_edits/ocg/deepseek-v4-pro); waiting up to 10800s… | forge: implementer 648aa9b7-116b-4f53-af61-06036515ba63 pushed nothing to forge/stl-14-c4 — cycle wasted
2026-09-09T05:31:07+00:00 escalate   STL-14   implement — human needed; delete .forge/STL-14.escalation to resume
2026-09-09T05:33:19+00:00 question   STL-14   unanswered → write STL-14.answer-1.md
2026-09-09T05:33:19+00:00 idle       -        0/14 merged; nothing runnable (waiting on agents, blockers, or escalations)
2026-09-09T05:35:28+00:00 question   STL-14   unanswered → write STL-14.answer-1.md
2026-09-09T05:35:28+00:00 idle       -        0/14 merged; nothing runnable (waiting on agents, blockers, or escalations)
2026-09-09T05:37:37+00:00 question   STL-14   unanswered → write STL-14.answer-1.md
2026-09-09T05:37:37+00:00 idle       -        0/14 merged; nothing runnable (waiting on agents, blockers, or escalations)
2026-09-09T05:39:47+00:00 question   STL-14   unanswered → write STL-14.answer-1.md
2026-09-09T05:39:47+00:00 idle       -        0/14 merged; nothing runnable (waiting on agents, blockers, or escalations)
2026-09-09T05:41:56+00:00 question   STL-14   unanswered → write STL-14.answer-1.md
2026-09-09T05:41:56+00:00 idle       -        0/14 merged; nothing runnable (waiting on agents, blockers, or escalations)
2026-09-09T05:44:06+00:00 question   STL-14   unanswered → write STL-14.answer-1.md
2026-09-09T05:44:06+00:00 idle       -        0/14 merged; nothing runnable (waiting on agents, blockers, or escalations)
2026-09-09T05:46:15+00:00 question   STL-14   unanswered → write STL-14.answer-1.md
2026-09-09T05:46:15+00:00 idle       -        0/14 merged; nothing runnable (waiting on agents, blockers, or escalations)
2026-09-09T05:48:24+00:00 question   STL-14   unanswered → write STL-14.answer-1.md
2026-09-09T05:48:24+00:00 idle       -        0/14 merged; nothing runnable (waiting on agents, blockers, or escalations)
2026-09-09T05:50:33+00:00 question   STL-14   unanswered → write STL-14.answer-1.md
2026-09-09T05:50:33+00:00 idle       -        0/14 merged; nothing runnable (waiting on agents, blockers, or escalations)
2026-09-09T05:52:42+00:00 question   STL-14   unanswered → write STL-14.answer-1.md
2026-09-09T05:52:42+00:00 idle       -        0/14 merged; nothing runnable (waiting on agents, blockers, or escalations)
2026-09-09T05:54:52+00:00 question   STL-14   unanswered → write STL-14.answer-1.md
2026-09-09T05:54:52+00:00 idle       -        0/14 merged; nothing runnable (waiting on agents, blockers, or escalations)
2026-09-09T05:57:02+00:00 question   STL-14   unanswered → write STL-14.answer-1.md
2026-09-09T05:57:02+00:00 idle       -        0/14 merged; nothing runnable (waiting on agents, blockers, or escalations)
2026-09-09T05:59:11+00:00 question   STL-14   unanswered → write STL-14.answer-1.md
2026-09-09T05:59:11+00:00 idle       -        0/14 merged; nothing runnable (waiting on agents, blockers, or escalations)
2026-09-09T06:01:20+00:00 question   STL-14   unanswered → write STL-14.answer-1.md
2026-09-09T06:01:20+00:00 idle       -        0/14 merged; nothing runnable (waiting on agents, blockers, or escalations)
2026-09-09T06:03:30+00:00 question   STL-14   unanswered → write STL-14.answer-1.md
2026-09-09T06:03:30+00:00 idle       -        0/14 merged; nothing runnable (waiting on agents, blockers, or escalations)
2026-09-09T06:05:39+00:00 question   STL-14   unanswered → write STL-14.answer-1.md
2026-09-09T06:05:39+00:00 idle       -        0/14 merged; nothing runnable (waiting on agents, blockers, or escalations)
2026-09-09T06:07:48+00:00 question   STL-14   unanswered → write STL-14.answer-1.md
2026-09-09T06:07:48+00:00 idle       -        0/14 merged; nothing runnable (waiting on agents, blockers, or escalations)
2026-09-09T06:09:58+00:00 question   STL-14   unanswered → write STL-14.answer-1.md
2026-09-09T06:09:58+00:00 idle       -        0/14 merged; nothing runnable (waiting on agents, blockers, or escalations)
2026-09-09T06:12:07+00:00 question   STL-14   unanswered → write STL-14.answer-1.md
2026-09-09T06:12:07+00:00 idle       -        0/14 merged; nothing runnable (waiting on agents, blockers, or escalations)
2026-09-09T06:14:16+00:00 question   STL-14   unanswered → write STL-14.answer-1.md
2026-09-09T06:14:16+00:00 idle       -        0/14 merged; nothing runnable (waiting on agents, blockers, or escalations)
2026-09-09T06:16:25+00:00 question   STL-14   unanswered → write STL-14.answer-1.md
2026-09-09T06:16:25+00:00 idle       -        0/14 merged; nothing runnable (waiting on agents, blockers, or escalations)
2026-09-09T06:18:35+00:00 question   STL-14   unanswered → write STL-14.answer-1.md
2026-09-09T06:18:35+00:00 idle       -        0/14 merged; nothing runnable (waiting on agents, blockers, or escalations)
2026-09-09T06:20:45+00:00 question   STL-14   unanswered → write STL-14.answer-1.md
2026-09-09T06:20:45+00:00 idle       -        0/14 merged; nothing runnable (waiting on agents, blockers, or escalations)
2026-09-09T06:22:55+00:00 question   STL-14   unanswered → write STL-14.answer-1.md
2026-09-09T06:22:55+00:00 idle       -        0/14 merged; nothing runnable (waiting on agents, blockers, or escalations)
2026-09-09T06:25:04+00:00 question   STL-14   unanswered → write STL-14.answer-1.md
2026-09-09T06:25:04+00:00 idle       -        0/14 merged; nothing runnable (waiting on agents, blockers, or escalations)
2026-09-09T06:27:14+00:00 question   STL-14   unanswered → write STL-14.answer-1.md
2026-09-09T06:27:14+00:00 idle       -        0/14 merged; nothing runnable (waiting on agents, blockers, or escalations)
2026-09-09T06:29:23+00:00 question   STL-14   unanswered → write STL-14.answer-1.md
2026-09-09T06:29:23+00:00 idle       -        0/14 merged; nothing runnable (waiting on agents, blockers, or escalations)
2026-09-09T06:31:32+00:00 question   STL-14   unanswered → write STL-14.answer-1.md
2026-09-09T06:31:32+00:00 idle       -        0/14 merged; nothing runnable (waiting on agents, blockers, or escalations)
2026-09-09T06:33:41+00:00 question   STL-14   unanswered → write STL-14.answer-1.md
2026-09-09T06:33:41+00:00 idle       -        0/14 merged; nothing runnable (waiting on agents, blockers, or escalations)
2026-09-09T06:35:51+00:00 question   STL-14   unanswered → write STL-14.answer-1.md
2026-09-09T06:35:51+00:00 idle       -        0/14 merged; nothing runnable (waiting on agents, blockers, or escalations)
2026-09-09T06:38:01+00:00 question   STL-14   unanswered → write STL-14.answer-1.md
2026-09-09T06:38:01+00:00 idle       -        0/14 merged; nothing runnable (waiting on agents, blockers, or escalations)
2026-09-09T06:40:10+00:00 question   STL-14   unanswered → write STL-14.answer-1.md
2026-09-09T06:40:10+00:00 idle       -        0/14 merged; nothing runnable (waiting on agents, blockers, or escalations)
2026-09-09T06:42:20+00:00 question   STL-14   unanswered → write STL-14.answer-1.md
2026-09-09T06:42:20+00:00 idle       -        0/14 merged; nothing runnable (waiting on agents, blockers, or escalations)
2026-09-09T06:44:29+00:00 question   STL-14   unanswered → write STL-14.answer-1.md
2026-09-09T06:44:29+00:00 idle       -        0/14 merged; nothing runnable (waiting on agents, blockers, or escalations)
2026-09-09T06:46:38+00:00 question   STL-14   unanswered → write STL-14.answer-1.md
2026-09-09T06:46:38+00:00 idle       -        0/14 merged; nothing runnable (waiting on agents, blockers, or escalations)
2026-09-09T06:48:48+00:00 question   STL-14   unanswered → write STL-14.answer-1.md
2026-09-09T06:48:48+00:00 idle       -        0/14 merged; nothing runnable (waiting on agents, blockers, or escalations)
2026-09-09T06:50:57+00:00 question   STL-14   unanswered → write STL-14.answer-1.md
2026-09-09T06:50:57+00:00 idle       -        0/14 merged; nothing runnable (waiting on agents, blockers, or escalations)
2026-09-09T06:53:06+00:00 question   STL-14   unanswered → write STL-14.answer-1.md
2026-09-09T06:53:06+00:00 idle       -        0/14 merged; nothing runnable (waiting on agents, blockers, or escalations)
2026-09-09T06:55:16+00:00 question   STL-14   unanswered → write STL-14.answer-1.md
2026-09-09T06:55:16+00:00 idle       -        0/14 merged; nothing runnable (waiting on agents, blockers, or escalations)
2026-09-09T06:57:25+00:00 question   STL-14   unanswered → write STL-14.answer-1.md
2026-09-09T06:57:25+00:00 idle       -        0/14 merged; nothing runnable (waiting on agents, blockers, or escalations)
2026-09-09T06:59:35+00:00 question   STL-14   unanswered → write STL-14.answer-1.md
2026-09-09T06:59:35+00:00 idle       -        0/14 merged; nothing runnable (waiting on agents, blockers, or escalations)
2026-09-09T07:01:45+00:00 question   STL-14   unanswered → write STL-14.answer-1.md
2026-09-09T07:01:45+00:00 idle       -        0/14 merged; nothing runnable (waiting on agents, blockers, or escalations)
2026-09-09T07:03:55+00:00 question   STL-14   unanswered → write STL-14.answer-1.md
2026-09-09T07:03:55+00:00 idle       -        0/14 merged; nothing runnable (waiting on agents, blockers, or escalations)
2026-09-09T07:06:04+00:00 question   STL-14   unanswered → write STL-14.answer-1.md
2026-09-09T07:06:04+00:00 idle       -        0/14 merged; nothing runnable (waiting on agents, blockers, or escalations)
2026-09-09T07:08:14+00:00 question   STL-14   unanswered → write STL-14.answer-1.md
2026-09-09T07:08:14+00:00 idle       -        0/14 merged; nothing runnable (waiting on agents, blockers, or escalations)
2026-09-09T07:10:24+00:00 question   STL-14   unanswered → write STL-14.answer-1.md
2026-09-09T07:10:24+00:00 idle       -        0/14 merged; nothing runnable (waiting on agents, blockers, or escalations)
2026-09-09T07:12:33+00:00 question   STL-14   unanswered → write STL-14.answer-1.md
2026-09-09T07:12:33+00:00 idle       -        0/14 merged; nothing runnable (waiting on agents, blockers, or escalations)
2026-09-09T07:14:43+00:00 question   STL-14   unanswered → write STL-14.answer-1.md
2026-09-09T07:14:43+00:00 idle       -        0/14 merged; nothing runnable (waiting on agents, blockers, or escalations)
2026-09-09T07:16:52+00:00 question   STL-14   unanswered → write STL-14.answer-1.md
2026-09-09T07:16:52+00:00 idle       -        0/14 merged; nothing runnable (waiting on agents, blockers, or escalations)
2026-09-09T07:19:02+00:00 question   STL-14   unanswered → write STL-14.answer-1.md
2026-09-09T07:19:02+00:00 idle       -        0/14 merged; nothing runnable (waiting on agents, blockers, or escalations)
2026-09-09T07:21:12+00:00 question   STL-14   unanswered → write STL-14.answer-1.md
2026-09-09T07:21:12+00:00 idle       -        0/14 merged; nothing runnable (waiting on agents, blockers, or escalations)
2026-09-09T07:23:21+00:00 question   STL-14   unanswered → write STL-14.answer-1.md
2026-09-09T07:23:21+00:00 idle       -        0/14 merged; nothing runnable (waiting on agents, blockers, or escalations)
2026-09-09T07:25:31+00:00 question   STL-14   unanswered → write STL-14.answer-1.md
2026-09-09T07:25:31+00:00 idle       -        0/14 merged; nothing runnable (waiting on agents, blockers, or escalations)
2026-09-09T07:27:40+00:00 question   STL-14   unanswered → write STL-14.answer-1.md
2026-09-09T07:27:40+00:00 idle       -        0/14 merged; nothing runnable (waiting on agents, blockers, or escalations)
2026-09-09T07:29:49+00:00 question   STL-14   unanswered → write STL-14.answer-1.md
2026-09-09T07:29:49+00:00 idle       -        0/14 merged; nothing runnable (waiting on agents, blockers, or escalations)
2026-09-09T07:31:59+00:00 question   STL-14   unanswered → write STL-14.answer-1.md
2026-09-09T07:31:59+00:00 idle       -        0/14 merged; nothing runnable (waiting on agents, blockers, or escalations)
2026-09-09T07:34:09+00:00 question   STL-14   unanswered → write STL-14.answer-1.md
2026-09-09T07:34:09+00:00 idle       -        0/14 merged; nothing runnable (waiting on agents, blockers, or escalations)
2026-09-09T07:36:18+00:00 question   STL-14   unanswered → write STL-14.answer-1.md
2026-09-09T07:36:18+00:00 idle       -        0/14 merged; nothing runnable (waiting on agents, blockers, or escalations)
2026-09-09T07:38:27+00:00 question   STL-14   unanswered → write STL-14.answer-1.md
2026-09-09T07:38:27+00:00 idle       -        0/14 merged; nothing runnable (waiting on agents, blockers, or escalations)
2026-09-09T07:40:36+00:00 question   STL-14   unanswered → write STL-14.answer-1.md
2026-09-09T07:40:36+00:00 idle       -        0/14 merged; nothing runnable (waiting on agents, blockers, or escalations)
2026-09-09T07:42:46+00:00 question   STL-14   unanswered → write STL-14.answer-1.md
2026-09-09T07:42:46+00:00 idle       -        0/14 merged; nothing runnable (waiting on agents, blockers, or escalations)
2026-09-09T07:44:55+00:00 question   STL-14   unanswered → write STL-14.answer-1.md
2026-09-09T07:44:55+00:00 idle       -        0/14 merged; nothing runnable (waiting on agents, blockers, or escalations)
2026-09-09T07:47:04+00:00 question   STL-14   unanswered → write STL-14.answer-1.md
2026-09-09T07:47:04+00:00 idle       -        0/14 merged; nothing runnable (waiting on agents, blockers, or escalations)
2026-09-09T07:49:15+00:00 question   STL-14   unanswered → write STL-14.answer-1.md
2026-09-09T07:49:15+00:00 idle       -        0/14 merged; nothing runnable (waiting on agents, blockers, or escalations)
2026-09-09T07:51:24+00:00 question   STL-14   unanswered → write STL-14.answer-1.md
2026-09-09T07:51:24+00:00 idle       -        0/14 merged; nothing runnable (waiting on agents, blockers, or escalations)
2026-09-09T07:53:34+00:00 question   STL-14   unanswered → write STL-14.answer-1.md
2026-09-09T07:53:34+00:00 idle       -        0/14 merged; nothing runnable (waiting on agents, blockers, or escalations)
2026-09-09T07:55:42+00:00 question   STL-14   unanswered → write STL-14.answer-1.md
2026-09-09T07:55:42+00:00 idle       -        0/14 merged; nothing runnable (waiting on agents, blockers, or escalations)
2026-09-09T07:57:52+00:00 question   STL-14   unanswered → write STL-14.answer-1.md
2026-09-09T07:57:52+00:00 idle       -        0/14 merged; nothing runnable (waiting on agents, blockers, or escalations)
2026-09-09T08:00:01+00:00 question   STL-14   unanswered → write STL-14.answer-1.md
2026-09-09T08:00:01+00:00 idle       -        0/14 merged; nothing runnable (waiting on agents, blockers, or escalations)
2026-09-09T08:02:11+00:00 question   STL-14   unanswered → write STL-14.answer-1.md
2026-09-09T08:02:11+00:00 idle       -        0/14 merged; nothing runnable (waiting on agents, blockers, or escalations)
2026-09-09T08:04:21+00:00 question   STL-14   unanswered → write STL-14.answer-1.md
2026-09-09T08:04:21+00:00 idle       -        0/14 merged; nothing runnable (waiting on agents, blockers, or escalations)
2026-09-09T08:06:29+00:00 question   STL-14   unanswered → write STL-14.answer-1.md
2026-09-09T08:06:29+00:00 idle       -        0/14 merged; nothing runnable (waiting on agents, blockers, or escalations)
2026-09-09T08:08:40+00:00 question   STL-14   unanswered → write STL-14.answer-1.md
2026-09-09T08:08:40+00:00 idle       -        0/14 merged; nothing runnable (waiting on agents, blockers, or escalations)
2026-09-09T08:10:49+00:00 question   STL-14   unanswered → write STL-14.answer-1.md
2026-09-09T08:10:49+00:00 idle       -        0/14 merged; nothing runnable (waiting on agents, blockers, or escalations)
2026-09-09T08:13:00+00:00 question   STL-14   unanswered → write STL-14.answer-1.md
2026-09-09T08:13:00+00:00 idle       -        0/14 merged; nothing runnable (waiting on agents, blockers, or escalations)
2026-09-09T08:15:09+00:00 question   STL-14   unanswered → write STL-14.answer-1.md
2026-09-09T08:15:09+00:00 idle       -        0/14 merged; nothing runnable (waiting on agents, blockers, or escalations)
2026-09-09T08:17:20+00:00 question   STL-14   unanswered → write STL-14.answer-1.md
2026-09-09T08:17:20+00:00 idle       -        0/14 merged; nothing runnable (waiting on agents, blockers, or escalations)
2026-09-09T08:19:29+00:00 question   STL-14   unanswered → write STL-14.answer-1.md
2026-09-09T08:19:29+00:00 idle       -        0/14 merged; nothing runnable (waiting on agents, blockers, or escalations)
2026-09-09T08:21:39+00:00 question   STL-14   unanswered → write STL-14.answer-1.md
2026-09-09T08:21:39+00:00 idle       -        0/14 merged; nothing runnable (waiting on agents, blockers, or escalations)
2026-09-09T08:23:49+00:00 question   STL-14   unanswered → write STL-14.answer-1.md
2026-09-09T08:23:49+00:00 idle       -        0/14 merged; nothing runnable (waiting on agents, blockers, or escalations)
2026-09-09T08:25:58+00:00 question   STL-14   unanswered → write STL-14.answer-1.md
2026-09-09T08:25:58+00:00 idle       -        0/14 merged; nothing runnable (waiting on agents, blockers, or escalations)
2026-09-09T08:28:08+00:00 question   STL-14   unanswered → write STL-14.answer-1.md
2026-09-09T08:28:08+00:00 idle       -        0/14 merged; nothing runnable (waiting on agents, blockers, or escalations)
2026-09-09T08:30:18+00:00 question   STL-14   unanswered → write STL-14.answer-1.md
2026-09-09T08:30:18+00:00 idle       -        0/14 merged; nothing runnable (waiting on agents, blockers, or escalations)
2026-09-09T08:32:27+00:00 question   STL-14   unanswered → write STL-14.answer-1.md
2026-09-09T08:32:27+00:00 idle       -        0/14 merged; nothing runnable (waiting on agents, blockers, or escalations)
2026-09-09T08:34:36+00:00 question   STL-14   unanswered → write STL-14.answer-1.md
2026-09-09T08:34:36+00:00 idle       -        0/14 merged; nothing runnable (waiting on agents, blockers, or escalations)
2026-09-09T08:36:45+00:00 question   STL-14   unanswered → write STL-14.answer-1.md
2026-09-09T08:36:45+00:00 idle       -        0/14 merged; nothing runnable (waiting on agents, blockers, or escalations)
2026-09-09T08:38:55+00:00 question   STL-14   unanswered → write STL-14.answer-1.md
2026-09-09T08:38:55+00:00 idle       -        0/14 merged; nothing runnable (waiting on agents, blockers, or escalations)
2026-09-09T08:41:04+00:00 question   STL-14   unanswered → write STL-14.answer-1.md
2026-09-09T08:41:04+00:00 idle       -        0/14 merged; nothing runnable (waiting on agents, blockers, or escalations)
2026-09-09T08:43:14+00:00 question   STL-14   unanswered → write STL-14.answer-1.md
2026-09-09T08:43:14+00:00 idle       -        0/14 merged; nothing runnable (waiting on agents, blockers, or escalations)
2026-09-09T08:45:23+00:00 question   STL-14   unanswered → write STL-14.answer-1.md
2026-09-09T08:45:23+00:00 idle       -        0/14 merged; nothing runnable (waiting on agents, blockers, or escalations)
2026-09-09T08:47:33+00:00 question   STL-14   unanswered → write STL-14.answer-1.md
2026-09-09T08:47:33+00:00 idle       -        0/14 merged; nothing runnable (waiting on agents, blockers, or escalations)
2026-09-09T08:49:42+00:00 question   STL-14   unanswered → write STL-14.answer-1.md
2026-09-09T08:49:42+00:00 idle       -        0/14 merged; nothing runnable (waiting on agents, blockers, or escalations)
2026-09-09T08:51:51+00:00 question   STL-14   unanswered → write STL-14.answer-1.md
2026-09-09T08:51:51+00:00 idle       -        0/14 merged; nothing runnable (waiting on agents, blockers, or escalations)
2026-09-09T08:54:01+00:00 question   STL-14   unanswered → write STL-14.answer-1.md
2026-09-09T08:54:01+00:00 idle       -        0/14 merged; nothing runnable (waiting on agents, blockers, or escalations)
2026-09-09T08:56:11+00:00 question   STL-14   unanswered → write STL-14.answer-1.md
2026-09-09T08:56:11+00:00 idle       -        0/14 merged; nothing runnable (waiting on agents, blockers, or escalations)
2026-09-09T08:58:21+00:00 question   STL-14   unanswered → write STL-14.answer-1.md
2026-09-09T08:58:21+00:00 idle       -        0/14 merged; nothing runnable (waiting on agents, blockers, or escalations)
2026-09-09T09:00:32+00:00 question   STL-14   unanswered → write STL-14.answer-1.md
2026-09-09T09:00:32+00:00 idle       -        0/14 merged; nothing runnable (waiting on agents, blockers, or escalations)
2026-09-09T09:02:41+00:00 question   STL-14   unanswered → write STL-14.answer-1.md
2026-09-09T09:02:41+00:00 idle       -        0/14 merged; nothing runnable (waiting on agents, blockers, or escalations)
2026-09-09T09:04:51+00:00 question   STL-14   unanswered → write STL-14.answer-1.md
2026-09-09T09:04:51+00:00 idle       -        0/14 merged; nothing runnable (waiting on agents, blockers, or escalations)
2026-09-09T09:07:00+00:00 question   STL-14   unanswered → write STL-14.answer-1.md
2026-09-09T09:07:00+00:00 idle       -        0/14 merged; nothing runnable (waiting on agents, blockers, or escalations)
2026-09-09T09:09:10+00:00 question   STL-14   unanswered → write STL-14.answer-1.md
2026-09-09T09:09:10+00:00 idle       -        0/14 merged; nothing runnable (waiting on agents, blockers, or escalations)
2026-09-09T09:11:19+00:00 question   STL-14   unanswered → write STL-14.answer-1.md
2026-09-09T09:11:19+00:00 idle       -        0/14 merged; nothing runnable (waiting on agents, blockers, or escalations)
2026-09-09T09:13:29+00:00 question   STL-14   unanswered → write STL-14.answer-1.md
2026-09-09T09:13:29+00:00 idle       -        0/14 merged; nothing runnable (waiting on agents, blockers, or escalations)
2026-09-09T09:15:39+00:00 question   STL-14   unanswered → write STL-14.answer-1.md
2026-09-09T09:15:39+00:00 idle       -        0/14 merged; nothing runnable (waiting on agents, blockers, or escalations)
2026-09-09T09:17:49+00:00 question   STL-14   unanswered → write STL-14.answer-1.md
2026-09-09T09:17:49+00:00 idle       -        0/14 merged; nothing runnable (waiting on agents, blockers, or escalations)
2026-09-09T09:19:59+00:00 question   STL-14   unanswered → write STL-14.answer-1.md
2026-09-09T09:19:59+00:00 idle       -        0/14 merged; nothing runnable (waiting on agents, blockers, or escalations)
2026-09-09T09:22:09+00:00 question   STL-14   unanswered → write STL-14.answer-1.md
2026-09-09T09:22:09+00:00 idle       -        0/14 merged; nothing runnable (waiting on agents, blockers, or escalations)
2026-09-09T09:24:18+00:00 question   STL-14   unanswered → write STL-14.answer-1.md
2026-09-09T09:24:18+00:00 idle       -        0/14 merged; nothing runnable (waiting on agents, blockers, or escalations)
2026-09-09T09:26:28+00:00 question   STL-14   unanswered → write STL-14.answer-1.md
2026-09-09T09:26:28+00:00 idle       -        0/14 merged; nothing runnable (waiting on agents, blockers, or escalations)
2026-09-09T09:28:38+00:00 question   STL-14   unanswered → write STL-14.answer-1.md
2026-09-09T09:28:38+00:00 idle       -        0/14 merged; nothing runnable (waiting on agents, blockers, or escalations)
2026-09-09T09:30:49+00:00 question   STL-14   unanswered → write STL-14.answer-1.md
2026-09-09T09:30:49+00:00 idle       -        0/14 merged; nothing runnable (waiting on agents, blockers, or escalations)
2026-09-09T09:32:58+00:00 question   STL-14   unanswered → write STL-14.answer-1.md
2026-09-09T09:32:58+00:00 idle       -        0/14 merged; nothing runnable (waiting on agents, blockers, or escalations)
2026-09-09T09:35:08+00:00 question   STL-14   unanswered → write STL-14.answer-1.md
2026-09-09T09:35:08+00:00 idle       -        0/14 merged; nothing runnable (waiting on agents, blockers, or escalations)
2026-09-09T09:37:17+00:00 question   STL-14   unanswered → write STL-14.answer-1.md
2026-09-09T09:37:17+00:00 idle       -        0/14 merged; nothing runnable (waiting on agents, blockers, or escalations)
2026-09-09T09:39:28+00:00 question   STL-14   unanswered → write STL-14.answer-1.md
2026-09-09T09:39:28+00:00 idle       -        0/14 merged; nothing runnable (waiting on agents, blockers, or escalations)
2026-09-09T09:41:38+00:00 question   STL-14   unanswered → write STL-14.answer-1.md
2026-09-09T09:41:38+00:00 idle       -        0/14 merged; nothing runnable (waiting on agents, blockers, or escalations)
2026-09-09T09:43:47+00:00 question   STL-14   unanswered → write STL-14.answer-1.md
2026-09-09T09:43:47+00:00 idle       -        0/14 merged; nothing runnable (waiting on agents, blockers, or escalations)
2026-09-09T09:45:56+00:00 question   STL-14   unanswered → write STL-14.answer-1.md
2026-09-09T09:45:56+00:00 idle       -        0/14 merged; nothing runnable (waiting on agents, blockers, or escalations)
2026-09-09T09:48:06+00:00 question   STL-14   unanswered → write STL-14.answer-1.md
2026-09-09T09:48:06+00:00 idle       -        0/14 merged; nothing runnable (waiting on agents, blockers, or escalations)
2026-09-09T09:50:16+00:00 question   STL-14   unanswered → write STL-14.answer-1.md
2026-09-09T09:50:16+00:00 idle       -        0/14 merged; nothing runnable (waiting on agents, blockers, or escalations)
2026-09-09T09:52:26+00:00 question   STL-14   unanswered → write STL-14.answer-1.md
2026-09-09T09:52:26+00:00 idle       -        0/14 merged; nothing runnable (waiting on agents, blockers, or escalations)
2026-09-09T09:54:36+00:00 question   STL-14   unanswered → write STL-14.answer-1.md
2026-09-09T09:54:36+00:00 idle       -        0/14 merged; nothing runnable (waiting on agents, blockers, or escalations)
2026-09-09T09:56:46+00:00 question   STL-14   unanswered → write STL-14.answer-1.md
2026-09-09T09:56:46+00:00 idle       -        0/14 merged; nothing runnable (waiting on agents, blockers, or escalations)
2026-09-09T09:58:56+00:00 question   STL-14   unanswered → write STL-14.answer-1.md
2026-09-09T09:58:56+00:00 idle       -        0/14 merged; nothing runnable (waiting on agents, blockers, or escalations)
2026-09-09T10:01:06+00:00 question   STL-14   unanswered → write STL-14.answer-1.md
2026-09-09T10:01:06+00:00 idle       -        0/14 merged; nothing runnable (waiting on agents, blockers, or escalations)
2026-09-09T10:03:16+00:00 question   STL-14   unanswered → write STL-14.answer-1.md
2026-09-09T10:03:16+00:00 idle       -        0/14 merged; nothing runnable (waiting on agents, blockers, or escalations)
2026-09-09T10:05:25+00:00 question   STL-14   unanswered → write STL-14.answer-1.md
2026-09-09T10:05:25+00:00 idle       -        0/14 merged; nothing runnable (waiting on agents, blockers, or escalations)
2026-09-09T10:07:35+00:00 question   STL-14   unanswered → write STL-14.answer-1.md
2026-09-09T10:07:35+00:00 idle       -        0/14 merged; nothing runnable (waiting on agents, blockers, or escalations)
2026-09-09T10:09:45+00:00 question   STL-14   unanswered → write STL-14.answer-1.md
2026-09-09T10:09:45+00:00 idle       -        0/14 merged; nothing runnable (waiting on agents, blockers, or escalations)
2026-09-09T10:11:55+00:00 question   STL-14   unanswered → write STL-14.answer-1.md
2026-09-09T10:11:55+00:00 idle       -        0/14 merged; nothing runnable (waiting on agents, blockers, or escalations)
2026-09-09T10:14:06+00:00 question   STL-14   unanswered → write STL-14.answer-1.md
2026-09-09T10:14:06+00:00 idle       -        0/14 merged; nothing runnable (waiting on agents, blockers, or escalations)
2026-09-09T10:16:16+00:00 question   STL-14   unanswered → write STL-14.answer-1.md
2026-09-09T10:16:16+00:00 idle       -        0/14 merged; nothing runnable (waiting on agents, blockers, or escalations)
2026-09-09T10:18:27+00:00 question   STL-14   unanswered → write STL-14.answer-1.md
2026-09-09T10:18:27+00:00 idle       -        0/14 merged; nothing runnable (waiting on agents, blockers, or escalations)
2026-09-09T10:20:38+00:00 question   STL-14   unanswered → write STL-14.answer-1.md
2026-09-09T10:20:38+00:00 idle       -        0/14 merged; nothing runnable (waiting on agents, blockers, or escalations)
2026-09-09T10:22:47+00:00 question   STL-14   unanswered → write STL-14.answer-1.md
2026-09-09T10:22:47+00:00 idle       -        0/14 merged; nothing runnable (waiting on agents, blockers, or escalations)
2026-09-09T10:24:58+00:00 question   STL-14   unanswered → write STL-14.answer-1.md
2026-09-09T10:24:58+00:00 idle       -        0/14 merged; nothing runnable (waiting on agents, blockers, or escalations)
2026-09-09T10:27:08+00:00 question   STL-14   unanswered → write STL-14.answer-1.md
2026-09-09T10:27:08+00:00 idle       -        0/14 merged; nothing runnable (waiting on agents, blockers, or escalations)
2026-09-09T10:29:18+00:00 question   STL-14   unanswered → write STL-14.answer-1.md
2026-09-09T10:29:18+00:00 idle       -        0/14 merged; nothing runnable (waiting on agents, blockers, or escalations)
2026-09-09T10:31:27+00:00 question   STL-14   unanswered → write STL-14.answer-1.md
2026-09-09T10:31:27+00:00 idle       -        0/14 merged; nothing runnable (waiting on agents, blockers, or escalations)
2026-09-09T10:33:37+00:00 question   STL-14   unanswered → write STL-14.answer-1.md
2026-09-09T10:33:37+00:00 idle       -        0/14 merged; nothing runnable (waiting on agents, blockers, or escalations)
2026-09-09T10:35:47+00:00 question   STL-14   unanswered → write STL-14.answer-1.md
2026-09-09T10:35:47+00:00 idle       -        0/14 merged; nothing runnable (waiting on agents, blockers, or escalations)
2026-09-09T10:37:56+00:00 question   STL-14   unanswered → write STL-14.answer-1.md
2026-09-09T10:37:56+00:00 idle       -        0/14 merged; nothing runnable (waiting on agents, blockers, or escalations)
2026-09-09T10:40:06+00:00 question   STL-14   unanswered → write STL-14.answer-1.md
2026-09-09T10:40:06+00:00 idle       -        0/14 merged; nothing runnable (waiting on agents, blockers, or escalations)
2026-09-09T10:42:16+00:00 question   STL-14   unanswered → write STL-14.answer-1.md
2026-09-09T10:42:16+00:00 idle       -        0/14 merged; nothing runnable (waiting on agents, blockers, or escalations)
2026-09-09T10:44:26+00:00 question   STL-14   unanswered → write STL-14.answer-1.md
2026-09-09T10:44:26+00:00 idle       -        0/14 merged; nothing runnable (waiting on agents, blockers, or escalations)
2026-09-09T10:46:35+00:00 question   STL-14   unanswered → write STL-14.answer-1.md
2026-09-09T10:46:35+00:00 idle       -        0/14 merged; nothing runnable (waiting on agents, blockers, or escalations)
2026-09-09T10:48:45+00:00 question   STL-14   unanswered → write STL-14.answer-1.md
2026-09-09T10:48:45+00:00 idle       -        0/14 merged; nothing runnable (waiting on agents, blockers, or escalations)
2026-09-09T10:50:54+00:00 question   STL-14   unanswered → write STL-14.answer-1.md
2026-09-09T10:50:54+00:00 idle       -        0/14 merged; nothing runnable (waiting on agents, blockers, or escalations)
2026-09-09T10:53:05+00:00 question   STL-14   unanswered → write STL-14.answer-1.md
2026-09-09T10:53:05+00:00 idle       -        0/14 merged; nothing runnable (waiting on agents, blockers, or escalations)
2026-09-09T10:55:14+00:00 question   STL-14   unanswered → write STL-14.answer-1.md
2026-09-09T10:55:14+00:00 idle       -        0/14 merged; nothing runnable (waiting on agents, blockers, or escalations)
2026-09-09T10:57:23+00:00 question   STL-14   unanswered → write STL-14.answer-1.md
2026-09-09T10:57:23+00:00 idle       -        0/14 merged; nothing runnable (waiting on agents, blockers, or escalations)
2026-09-09T10:59:33+00:00 question   STL-14   unanswered → write STL-14.answer-1.md
2026-09-09T10:59:33+00:00 idle       -        0/14 merged; nothing runnable (waiting on agents, blockers, or escalations)
2026-09-09T11:01:42+00:00 question   STL-14   unanswered → write STL-14.answer-1.md
2026-09-09T11:01:42+00:00 idle       -        0/14 merged; nothing runnable (waiting on agents, blockers, or escalations)
2026-09-09T11:03:52+00:00 question   STL-14   unanswered → write STL-14.answer-1.md
2026-09-09T11:03:52+00:00 idle       -        0/14 merged; nothing runnable (waiting on agents, blockers, or escalations)
2026-09-09T11:06:02+00:00 question   STL-14   unanswered → write STL-14.answer-1.md
2026-09-09T11:06:02+00:00 idle       -        0/14 merged; nothing runnable (waiting on agents, blockers, or escalations)
2026-09-09T11:08:11+00:00 question   STL-14   unanswered → write STL-14.answer-1.md
2026-09-09T11:08:11+00:00 idle       -        0/14 merged; nothing runnable (waiting on agents, blockers, or escalations)
2026-09-09T11:10:22+00:00 question   STL-14   unanswered → write STL-14.answer-1.md
2026-09-09T11:10:22+00:00 idle       -        0/14 merged; nothing runnable (waiting on agents, blockers, or escalations)
2026-09-09T11:12:31+00:00 question   STL-14   unanswered → write STL-14.answer-1.md
2026-09-09T11:12:31+00:00 idle       -        0/14 merged; nothing runnable (waiting on agents, blockers, or escalations)
2026-09-09T11:14:40+00:00 question   STL-14   unanswered → write STL-14.answer-1.md
2026-09-09T11:14:40+00:00 idle       -        0/14 merged; nothing runnable (waiting on agents, blockers, or escalations)
2026-09-09T11:16:50+00:00 question   STL-14   unanswered → write STL-14.answer-1.md
2026-09-09T11:16:50+00:00 idle       -        0/14 merged; nothing runnable (waiting on agents, blockers, or escalations)
2026-09-09T11:19:01+00:00 question   STL-14   unanswered → write STL-14.answer-1.md
2026-09-09T11:19:01+00:00 idle       -        0/14 merged; nothing runnable (waiting on agents, blockers, or escalations)
2026-09-09T11:21:11+00:00 question   STL-14   unanswered → write STL-14.answer-1.md
2026-09-09T11:21:11+00:00 idle       -        0/14 merged; nothing runnable (waiting on agents, blockers, or escalations)
2026-09-09T11:23:21+00:00 question   STL-14   unanswered → write STL-14.answer-1.md
2026-09-09T11:23:21+00:00 idle       -        0/14 merged; nothing runnable (waiting on agents, blockers, or escalations)
2026-09-09T11:25:31+00:00 question   STL-14   unanswered → write STL-14.answer-1.md
2026-09-09T11:25:31+00:00 idle       -        0/14 merged; nothing runnable (waiting on agents, blockers, or escalations)
2026-09-09T11:27:40+00:00 question   STL-14   unanswered → write STL-14.answer-1.md
2026-09-09T11:27:40+00:00 idle       -        0/14 merged; nothing runnable (waiting on agents, blockers, or escalations)
2026-09-09T11:29:50+00:00 question   STL-14   unanswered → write STL-14.answer-1.md
2026-09-09T11:29:50+00:00 idle       -        0/14 merged; nothing runnable (waiting on agents, blockers, or escalations)
2026-09-09T11:32:00+00:00 question   STL-14   unanswered → write STL-14.answer-1.md
2026-09-09T11:32:00+00:00 idle       -        0/14 merged; nothing runnable (waiting on agents, blockers, or escalations)
2026-09-09T11:34:10+00:00 question   STL-14   unanswered → write STL-14.answer-1.md
2026-09-09T11:34:10+00:00 idle       -        0/14 merged; nothing runnable (waiting on agents, blockers, or escalations)
2026-09-09T11:36:19+00:00 question   STL-14   unanswered → write STL-14.answer-1.md
2026-09-09T11:36:19+00:00 idle       -        0/14 merged; nothing runnable (waiting on agents, blockers, or escalations)
2026-09-09T11:38:29+00:00 question   STL-14   unanswered → write STL-14.answer-1.md
2026-09-09T11:38:29+00:00 idle       -        0/14 merged; nothing runnable (waiting on agents, blockers, or escalations)
2026-09-09T11:40:38+00:00 question   STL-14   unanswered → write STL-14.answer-1.md
2026-09-09T11:40:38+00:00 idle       -        0/14 merged; nothing runnable (waiting on agents, blockers, or escalations)
2026-09-09T11:42:49+00:00 question   STL-14   unanswered → write STL-14.answer-1.md
2026-09-09T11:42:49+00:00 idle       -        0/14 merged; nothing runnable (waiting on agents, blockers, or escalations)
2026-09-09T11:44:58+00:00 question   STL-14   unanswered → write STL-14.answer-1.md
2026-09-09T11:44:58+00:00 idle       -        0/14 merged; nothing runnable (waiting on agents, blockers, or escalations)
2026-09-09T11:47:07+00:00 question   STL-14   unanswered → write STL-14.answer-1.md
2026-09-09T11:47:07+00:00 start      STL-14   implement
2026-09-09T11:47:11+00:00 fail       STL-14   implement rc=1: forge: command failed (128): git branch -f forge/stl-14-c4 origin/forge/stl-14-c4 | fatal: cannot force update the branch 'forge/stl-14-c4' checked out at '/tmp/stl14-salvage'
2026-09-09T11:47:45+00:00 boot       -        repo=/home/rpw/repos/stellarc-dev tick=120s parallel=3
2026-09-09T11:47:54+00:00 question   STL-14   unanswered → write STL-14.answer-1.md
2026-09-09T11:47:54+00:00 start      STL-14   implement
11:49 c12 dispatched on correct head
2026-09-09T12:23:31+00:00 ok         STL-14   implement: dispatched eb09dccb-0089-475d-9150-748c9844256e on forge/stl-14-c4 (hermes:accept_edits/ocg/deepseek-v4-pro); waiting up to 10800s… | STL-14 implement c12 → PARTIAL draft https://github.com/NevrLabs/stellarc/pull/28 (will continue)
2026-09-09T12:25:41+00:00 start      STL-14   implement
2026-09-09T12:33:43+00:00 boot       -        repo=/home/rpw/repos/stellarc-dev tick=120s parallel=3
2026-09-09T12:33:53+00:00 idle       -        0/14 merged; nothing runnable (waiting on agents, blockers, or escalations)
2026-09-09T12:36:07+00:00 idle       -        0/14 merged; nothing runnable (waiting on agents, blockers, or escalations)
2026-09-09T12:38:21+00:00 idle       -        0/14 merged; nothing runnable (waiting on agents, blockers, or escalations)
2026-09-09T12:40:34+00:00 idle       -        0/14 merged; nothing runnable (waiting on agents, blockers, or escalations)
2026-09-09T12:42:47+00:00 idle       -        0/14 merged; nothing runnable (waiting on agents, blockers, or escalations)
2026-09-09T12:45:07+00:00 idle       -        0/14 merged; nothing runnable (waiting on agents, blockers, or escalations)
2026-09-09T12:47:22+00:00 idle       -        0/14 merged; nothing runnable (waiting on agents, blockers, or escalations)
2026-09-09T12:49:39+00:00 idle       -        0/14 merged; nothing runnable (waiting on agents, blockers, or escalations)
2026-09-09T12:51:54+00:00 idle       -        0/14 merged; nothing runnable (waiting on agents, blockers, or escalations)
2026-09-09T12:54:12+00:00 idle       -        0/14 merged; nothing runnable (waiting on agents, blockers, or escalations)
2026-09-09T12:56:21+00:00 idle       -        0/14 merged; nothing runnable (waiting on agents, blockers, or escalations)
2026-09-09T12:58:35+00:00 idle       -        0/14 merged; nothing runnable (waiting on agents, blockers, or escalations)
2026-09-09T13:01:14+00:00 idle       -        0/14 merged; nothing runnable (waiting on agents, blockers, or escalations)
2026-09-09T13:03:38+00:00 idle       -        0/14 merged; nothing runnable (waiting on agents, blockers, or escalations)
2026-09-09T13:06:45+00:00 idle       -        0/14 merged; nothing runnable (waiting on agents, blockers, or escalations)
2026-09-09T13:09:41+00:00 idle       -        0/14 merged; nothing runnable (waiting on agents, blockers, or escalations)
2026-09-09T13:13:02+00:00 idle       -        0/14 merged; nothing runnable (waiting on agents, blockers, or escalations)
2026-09-09T13:15:22+00:00 idle       -        0/14 merged; nothing runnable (waiting on agents, blockers, or escalations)
2026-09-09T13:17:51+00:00 idle       -        0/14 merged; nothing runnable (waiting on agents, blockers, or escalations)
2026-09-09T13:20:05+00:00 idle       -        0/14 merged; nothing runnable (waiting on agents, blockers, or escalations)
2026-09-09T13:22:32+00:00 idle       -        0/14 merged; nothing runnable (waiting on agents, blockers, or escalations)
2026-09-09T13:24:43+00:00 boot       -        repo=/home/rpw/repos/stellarc-dev tick=120s parallel=3
2026-09-09T13:25:12+00:00 start      STL-14   implement
2026-09-09T13:58:26+00:00 ok         STL-14   implement: dispatched 2bf10f59-9198-4825-8860-7c7c5855ef1d on forge/stl-14-c4 (hermes:accept_edits/ocg/deepseek-v4-pro); waiting up to 10800s… | STL-14 implement c14 → PARTIAL draft https://github.com/NevrLabs/stellarc/pull/28 (will continue)
2026-09-09T14:03:34+00:00 start      STL-14   implement
2026-09-09T14:17:37+00:00 fail       STL-14   implement rc=1: dispatched 11e0db0b-f1ab-4edb-b070-c9961a4ffe5d on forge/stl-14-c4 (hermes:accept_edits/glm/glm-5.3-flash); waiting up to 10800s… | forge: implementer 11e0db0b-f1ab-4edb-b070-c9961a4ffe5d pushed nothing to forge/stl-14-c4 — cycle wasted
2026-09-09T14:20:02+00:00 start      STL-14   implement
2026-09-09T14:20:35+00:00 fail       STL-14   implement rc=1:     "details": "Start the daemon with: paseo daemon start" |   } | }
2026-09-09T14:23:04+00:00 idle       -        0/14 merged; nothing runnable (waiting on agents, blockers, or escalations)
2026-09-09T14:25:23+00:00 idle       -        0/14 merged; nothing runnable (waiting on agents, blockers, or escalations)
2026-09-09T14:25:55+00:00 boot       -        repo=/home/rpw/repos/stellarc-dev tick=120s parallel=3
2026-09-09T14:26:13+00:00 start      STL-14   implement
2026-09-09T15:34:22+00:00 ok         STL-14   implement: dispatched 0ab534cf-44fd-43dc-846d-92cf88699db9 on forge/stl-14-c4 (hermes:accept_edits/glm/glm-5.3-flash); waiting up to 10800s… | STL-14 implement c17 → PARTIAL draft https://github.com/NevrLabs/stellarc/pull/28 (will continue)
2026-09-09T15:36:33+00:00 start      STL-14   implement
2026-09-09T16:34:11+00:00 ok         STL-14   implement: dispatched cac84503-aad8-478b-aa8a-c16f40f87afe on forge/stl-14-c4 (hermes:accept_edits/ocg/deepseek-v4-pro); waiting up to 10800s… | STL-14 implement c18 → PARTIAL draft https://github.com/NevrLabs/stellarc/pull/28 (will continue)
2026-09-09T16:36:23+00:00 start      STL-14   implement
2026-09-09T17:02:05+00:00 ok         STL-14   implement: dispatched 93dd61a7-f19b-47e9-8c5e-8b1f3b25fb93 on forge/stl-14-c4 (hermes:accept_edits/glm/glm-5.3-flash); waiting up to 10800s… | answered question 1 for 93dd61a7-f19b-47e9-8c5e-8b1f3b25fb93 | STL-14 implement c19 → PARTIAL draft https://github.com/NevrLabs/stellarc/pull/28 (will continue)
2026-09-09T17:04:16+00:00 start      STL-14   implement
2026-09-09T17:09:26+00:00 ok         STL-14   implement: dispatched b4d775ec-d662-4f19-9dca-d615df0e64c9 on forge/stl-14-c4 (hermes:accept_edits/ocg/deepseek-v4-pro); waiting up to 10800s… | answered question 1 for b4d775ec-d662-4f19-9dca-d615df0e64c9 | STL-14 implement c20 → PARTIAL draft https://github.com/NevrLabs/stellarc/pull/28 (will continue)
2026-09-09T17:11:36+00:00 start      STL-14   implement
2026-09-09T17:22:50+00:00 fail       STL-14   implement rc=1: Write the answer to `.forge/STL-14.answer-1.md`; the driver delivers it on the next poll. -R NevrLabs/stellarc | error connecting to api.github.com | check your internet connection or https://githubstatus.com
2026-09-09T17:25:07+00:00 question   STL-14   unanswered → write STL-14.answer-1.md
2026-09-09T17:25:07+00:00 idle       -        0/14 merged; nothing runnable (waiting on agents, blockers, or escalations)
2026-09-09T17:27:17+00:00 question   STL-14   unanswered → write STL-14.answer-1.md
2026-09-09T17:27:17+00:00 idle       -        0/14 merged; nothing runnable (waiting on agents, blockers, or escalations)
2026-09-09T17:29:27+00:00 question   STL-14   unanswered → write STL-14.answer-1.md
2026-09-09T17:29:27+00:00 idle       -        0/14 merged; nothing runnable (waiting on agents, blockers, or escalations)
2026-09-09T17:31:36+00:00 question   STL-14   unanswered → write STL-14.answer-1.md
2026-09-09T17:31:36+00:00 idle       -        0/14 merged; nothing runnable (waiting on agents, blockers, or escalations)
2026-09-09T17:33:47+00:00 question   STL-14   unanswered → write STL-14.answer-1.md
2026-09-09T17:33:47+00:00 idle       -        0/14 merged; nothing runnable (waiting on agents, blockers, or escalations)
2026-09-09T17:35:57+00:00 question   STL-14   unanswered → write STL-14.answer-1.md
2026-09-09T17:35:57+00:00 idle       -        0/14 merged; nothing runnable (waiting on agents, blockers, or escalations)
2026-09-09T17:38:07+00:00 question   STL-14   unanswered → write STL-14.answer-1.md
2026-09-09T17:38:07+00:00 idle       -        0/14 merged; nothing runnable (waiting on agents, blockers, or escalations)
2026-09-09T17:40:17+00:00 question   STL-14   unanswered → write STL-14.answer-1.md
2026-09-09T17:40:17+00:00 idle       -        0/14 merged; nothing runnable (waiting on agents, blockers, or escalations)
2026-09-09T17:42:26+00:00 question   STL-14   unanswered → write STL-14.answer-1.md
2026-09-09T17:42:26+00:00 idle       -        0/14 merged; nothing runnable (waiting on agents, blockers, or escalations)
2026-09-09T17:44:35+00:00 question   STL-14   unanswered → write STL-14.answer-1.md
2026-09-09T17:44:35+00:00 idle       -        0/14 merged; nothing runnable (waiting on agents, blockers, or escalations)
2026-09-09T17:46:45+00:00 question   STL-14   unanswered → write STL-14.answer-1.md
2026-09-09T17:46:45+00:00 idle       -        0/14 merged; nothing runnable (waiting on agents, blockers, or escalations)
2026-09-09T17:48:54+00:00 question   STL-14   unanswered → write STL-14.answer-1.md
2026-09-09T17:48:54+00:00 idle       -        0/14 merged; nothing runnable (waiting on agents, blockers, or escalations)
2026-09-09T17:51:04+00:00 question   STL-14   unanswered → write STL-14.answer-1.md
2026-09-09T17:51:04+00:00 idle       -        0/14 merged; nothing runnable (waiting on agents, blockers, or escalations)
2026-09-09T17:53:13+00:00 question   STL-14   unanswered → write STL-14.answer-1.md
2026-09-09T17:53:13+00:00 idle       -        0/14 merged; nothing runnable (waiting on agents, blockers, or escalations)
2026-09-09T17:55:24+00:00 question   STL-14   unanswered → write STL-14.answer-1.md
2026-09-09T17:55:24+00:00 idle       -        0/14 merged; nothing runnable (waiting on agents, blockers, or escalations)
2026-09-09T17:57:33+00:00 question   STL-14   unanswered → write STL-14.answer-1.md
2026-09-09T17:57:33+00:00 idle       -        0/14 merged; nothing runnable (waiting on agents, blockers, or escalations)
2026-09-09T17:59:42+00:00 question   STL-14   unanswered → write STL-14.answer-1.md
2026-09-09T17:59:42+00:00 idle       -        0/14 merged; nothing runnable (waiting on agents, blockers, or escalations)
2026-09-09T18:01:52+00:00 question   STL-14   unanswered → write STL-14.answer-1.md
2026-09-09T18:01:52+00:00 idle       -        0/14 merged; nothing runnable (waiting on agents, blockers, or escalations)
2026-09-09T18:04:02+00:00 question   STL-14   unanswered → write STL-14.answer-1.md
2026-09-09T18:04:02+00:00 idle       -        0/14 merged; nothing runnable (waiting on agents, blockers, or escalations)
2026-09-09T18:06:11+00:00 question   STL-14   unanswered → write STL-14.answer-1.md
2026-09-09T18:06:11+00:00 idle       -        0/14 merged; nothing runnable (waiting on agents, blockers, or escalations)
2026-09-09T18:08:20+00:00 question   STL-14   unanswered → write STL-14.answer-1.md
2026-09-09T18:08:20+00:00 idle       -        0/14 merged; nothing runnable (waiting on agents, blockers, or escalations)
2026-09-09T18:10:30+00:00 question   STL-14   unanswered → write STL-14.answer-1.md
2026-09-09T18:10:30+00:00 idle       -        0/14 merged; nothing runnable (waiting on agents, blockers, or escalations)
2026-09-09T18:12:40+00:00 question   STL-14   unanswered → write STL-14.answer-1.md
2026-09-09T18:12:40+00:00 idle       -        0/14 merged; nothing runnable (waiting on agents, blockers, or escalations)
2026-09-09T18:14:50+00:00 question   STL-14   unanswered → write STL-14.answer-1.md
2026-09-09T18:14:50+00:00 idle       -        0/14 merged; nothing runnable (waiting on agents, blockers, or escalations)
2026-09-09T18:16:59+00:00 question   STL-14   unanswered → write STL-14.answer-1.md
2026-09-09T18:16:59+00:00 idle       -        0/14 merged; nothing runnable (waiting on agents, blockers, or escalations)
2026-09-09T18:19:10+00:00 question   STL-14   unanswered → write STL-14.answer-1.md
2026-09-09T18:19:10+00:00 idle       -        0/14 merged; nothing runnable (waiting on agents, blockers, or escalations)
2026-09-09T18:21:20+00:00 question   STL-14   unanswered → write STL-14.answer-1.md
2026-09-09T18:21:20+00:00 idle       -        0/14 merged; nothing runnable (waiting on agents, blockers, or escalations)
2026-09-09T18:23:29+00:00 question   STL-14   unanswered → write STL-14.answer-1.md
2026-09-09T18:23:29+00:00 idle       -        0/14 merged; nothing runnable (waiting on agents, blockers, or escalations)
2026-09-09T18:25:40+00:00 question   STL-14   unanswered → write STL-14.answer-1.md
2026-09-09T18:25:40+00:00 idle       -        0/14 merged; nothing runnable (waiting on agents, blockers, or escalations)
2026-09-09T18:27:50+00:00 question   STL-14   unanswered → write STL-14.answer-1.md
2026-09-09T18:27:50+00:00 idle       -        0/14 merged; nothing runnable (waiting on agents, blockers, or escalations)
2026-09-09T18:30:00+00:00 question   STL-14   unanswered → write STL-14.answer-1.md
2026-09-09T18:30:00+00:00 idle       -        0/14 merged; nothing runnable (waiting on agents, blockers, or escalations)
2026-09-09T18:32:10+00:00 question   STL-14   unanswered → write STL-14.answer-1.md
2026-09-09T18:32:10+00:00 idle       -        0/14 merged; nothing runnable (waiting on agents, blockers, or escalations)
2026-09-09T18:34:20+00:00 question   STL-14   unanswered → write STL-14.answer-1.md
2026-09-09T18:34:20+00:00 idle       -        0/14 merged; nothing runnable (waiting on agents, blockers, or escalations)
2026-09-09T18:36:30+00:00 question   STL-14   unanswered → write STL-14.answer-1.md
2026-09-09T18:36:30+00:00 idle       -        0/14 merged; nothing runnable (waiting on agents, blockers, or escalations)
2026-09-09T18:38:39+00:00 question   STL-14   unanswered → write STL-14.answer-1.md
2026-09-09T18:38:39+00:00 idle       -        0/14 merged; nothing runnable (waiting on agents, blockers, or escalations)
2026-09-09T18:40:51+00:00 question   STL-14   unanswered → write STL-14.answer-1.md
2026-09-09T18:40:51+00:00 idle       -        0/14 merged; nothing runnable (waiting on agents, blockers, or escalations)
2026-09-09T18:43:00+00:00 question   STL-14   unanswered → write STL-14.answer-1.md
2026-09-09T18:43:00+00:00 idle       -        0/14 merged; nothing runnable (waiting on agents, blockers, or escalations)
2026-09-09T18:45:10+00:00 question   STL-14   unanswered → write STL-14.answer-1.md
2026-09-09T18:45:10+00:00 idle       -        0/14 merged; nothing runnable (waiting on agents, blockers, or escalations)
2026-09-09T18:47:21+00:00 question   STL-14   unanswered → write STL-14.answer-1.md
2026-09-09T18:47:21+00:00 idle       -        0/14 merged; nothing runnable (waiting on agents, blockers, or escalations)
2026-09-09T18:49:30+00:00 question   STL-14   unanswered → write STL-14.answer-1.md
2026-09-09T18:49:30+00:00 idle       -        0/14 merged; nothing runnable (waiting on agents, blockers, or escalations)
2026-09-09T18:51:41+00:00 question   STL-14   unanswered → write STL-14.answer-1.md
2026-09-09T18:51:41+00:00 idle       -        0/14 merged; nothing runnable (waiting on agents, blockers, or escalations)
2026-09-09T18:53:51+00:00 question   STL-14   unanswered → write STL-14.answer-1.md
2026-09-09T18:53:51+00:00 idle       -        0/14 merged; nothing runnable (waiting on agents, blockers, or escalations)
2026-09-09T18:56:00+00:00 question   STL-14   unanswered → write STL-14.answer-1.md
2026-09-09T18:56:00+00:00 idle       -        0/14 merged; nothing runnable (waiting on agents, blockers, or escalations)
2026-09-09T18:58:10+00:00 question   STL-14   unanswered → write STL-14.answer-1.md
2026-09-09T18:58:10+00:00 idle       -        0/14 merged; nothing runnable (waiting on agents, blockers, or escalations)
2026-09-09T19:00:20+00:00 question   STL-14   unanswered → write STL-14.answer-1.md
2026-09-09T19:00:20+00:00 idle       -        0/14 merged; nothing runnable (waiting on agents, blockers, or escalations)
2026-09-09T19:02:30+00:00 question   STL-14   unanswered → write STL-14.answer-1.md
2026-09-09T19:02:30+00:00 idle       -        0/14 merged; nothing runnable (waiting on agents, blockers, or escalations)
2026-09-09T19:04:39+00:00 question   STL-14   unanswered → write STL-14.answer-1.md
2026-09-09T19:04:39+00:00 idle       -        0/14 merged; nothing runnable (waiting on agents, blockers, or escalations)
2026-09-09T19:06:49+00:00 question   STL-14   unanswered → write STL-14.answer-1.md
2026-09-09T19:06:49+00:00 idle       -        0/14 merged; nothing runnable (waiting on agents, blockers, or escalations)
2026-09-09T19:08:59+00:00 question   STL-14   unanswered → write STL-14.answer-1.md
2026-09-09T19:08:59+00:00 idle       -        0/14 merged; nothing runnable (waiting on agents, blockers, or escalations)
2026-09-09T19:11:09+00:00 question   STL-14   unanswered → write STL-14.answer-1.md
2026-09-09T19:11:09+00:00 idle       -        0/14 merged; nothing runnable (waiting on agents, blockers, or escalations)
2026-09-09T19:13:18+00:00 question   STL-14   unanswered → write STL-14.answer-1.md
2026-09-09T19:13:18+00:00 idle       -        0/14 merged; nothing runnable (waiting on agents, blockers, or escalations)
2026-09-09T19:15:28+00:00 question   STL-14   unanswered → write STL-14.answer-1.md
2026-09-09T19:15:28+00:00 idle       -        0/14 merged; nothing runnable (waiting on agents, blockers, or escalations)
2026-09-09T19:17:38+00:00 question   STL-14   unanswered → write STL-14.answer-1.md
2026-09-09T19:17:38+00:00 idle       -        0/14 merged; nothing runnable (waiting on agents, blockers, or escalations)
2026-09-09T19:19:47+00:00 question   STL-14   unanswered → write STL-14.answer-1.md
2026-09-09T19:19:47+00:00 idle       -        0/14 merged; nothing runnable (waiting on agents, blockers, or escalations)
2026-09-09T19:21:56+00:00 question   STL-14   unanswered → write STL-14.answer-1.md
2026-09-09T19:21:56+00:00 idle       -        0/14 merged; nothing runnable (waiting on agents, blockers, or escalations)
2026-09-09T19:24:06+00:00 question   STL-14   unanswered → write STL-14.answer-1.md
2026-09-09T19:24:06+00:00 idle       -        0/14 merged; nothing runnable (waiting on agents, blockers, or escalations)
2026-09-09T19:26:16+00:00 question   STL-14   unanswered → write STL-14.answer-1.md
2026-09-09T19:26:16+00:00 idle       -        0/14 merged; nothing runnable (waiting on agents, blockers, or escalations)
2026-09-09T19:28:26+00:00 question   STL-14   unanswered → write STL-14.answer-1.md
2026-09-09T19:28:26+00:00 idle       -        0/14 merged; nothing runnable (waiting on agents, blockers, or escalations)
2026-09-09T19:30:36+00:00 question   STL-14   unanswered → write STL-14.answer-1.md
2026-09-09T19:30:36+00:00 idle       -        0/14 merged; nothing runnable (waiting on agents, blockers, or escalations)
2026-09-09T19:32:46+00:00 question   STL-14   unanswered → write STL-14.answer-1.md
2026-09-09T19:32:46+00:00 idle       -        0/14 merged; nothing runnable (waiting on agents, blockers, or escalations)
2026-09-09T19:34:55+00:00 question   STL-14   unanswered → write STL-14.answer-1.md
2026-09-09T19:34:55+00:00 idle       -        0/14 merged; nothing runnable (waiting on agents, blockers, or escalations)
2026-09-09T19:37:05+00:00 question   STL-14   unanswered → write STL-14.answer-1.md
2026-09-09T19:37:05+00:00 idle       -        0/14 merged; nothing runnable (waiting on agents, blockers, or escalations)
2026-09-09T19:39:15+00:00 question   STL-14   unanswered → write STL-14.answer-1.md
2026-09-09T19:39:15+00:00 idle       -        0/14 merged; nothing runnable (waiting on agents, blockers, or escalations)
2026-09-09T19:41:24+00:00 question   STL-14   unanswered → write STL-14.answer-1.md
2026-09-09T19:41:24+00:00 idle       -        0/14 merged; nothing runnable (waiting on agents, blockers, or escalations)
2026-09-09T19:43:33+00:00 question   STL-14   unanswered → write STL-14.answer-1.md
2026-09-09T19:43:33+00:00 idle       -        0/14 merged; nothing runnable (waiting on agents, blockers, or escalations)
2026-09-09T19:45:43+00:00 question   STL-14   unanswered → write STL-14.answer-1.md
2026-09-09T19:45:43+00:00 idle       -        0/14 merged; nothing runnable (waiting on agents, blockers, or escalations)
2026-09-09T19:47:52+00:00 question   STL-14   unanswered → write STL-14.answer-1.md
2026-09-09T19:47:52+00:00 idle       -        0/14 merged; nothing runnable (waiting on agents, blockers, or escalations)
2026-09-09T19:50:01+00:00 question   STL-14   unanswered → write STL-14.answer-1.md
2026-09-09T19:50:01+00:00 idle       -        0/14 merged; nothing runnable (waiting on agents, blockers, or escalations)
2026-09-09T19:52:12+00:00 question   STL-14   unanswered → write STL-14.answer-1.md
2026-09-09T19:52:12+00:00 idle       -        0/14 merged; nothing runnable (waiting on agents, blockers, or escalations)
2026-09-09T19:54:21+00:00 question   STL-14   unanswered → write STL-14.answer-1.md
2026-09-09T19:54:21+00:00 idle       -        0/14 merged; nothing runnable (waiting on agents, blockers, or escalations)
2026-09-09T19:56:30+00:00 question   STL-14   unanswered → write STL-14.answer-1.md
2026-09-09T19:56:30+00:00 idle       -        0/14 merged; nothing runnable (waiting on agents, blockers, or escalations)
2026-09-09T19:58:40+00:00 question   STL-14   unanswered → write STL-14.answer-1.md
2026-09-09T19:58:40+00:00 idle       -        0/14 merged; nothing runnable (waiting on agents, blockers, or escalations)
2026-09-09T20:00:50+00:00 question   STL-14   unanswered → write STL-14.answer-1.md
2026-09-09T20:00:50+00:00 idle       -        0/14 merged; nothing runnable (waiting on agents, blockers, or escalations)
2026-09-09T20:03:00+00:00 question   STL-14   unanswered → write STL-14.answer-1.md
2026-09-09T20:03:00+00:00 idle       -        0/14 merged; nothing runnable (waiting on agents, blockers, or escalations)
2026-09-09T20:05:11+00:00 question   STL-14   unanswered → write STL-14.answer-1.md
2026-09-09T20:05:11+00:00 idle       -        0/14 merged; nothing runnable (waiting on agents, blockers, or escalations)
2026-09-09T20:07:21+00:00 question   STL-14   unanswered → write STL-14.answer-1.md
2026-09-09T20:07:21+00:00 idle       -        0/14 merged; nothing runnable (waiting on agents, blockers, or escalations)
2026-09-09T20:09:31+00:00 question   STL-14   unanswered → write STL-14.answer-1.md
2026-09-09T20:09:31+00:00 idle       -        0/14 merged; nothing runnable (waiting on agents, blockers, or escalations)
2026-09-09T20:11:41+00:00 question   STL-14   unanswered → write STL-14.answer-1.md
2026-09-09T20:11:41+00:00 idle       -        0/14 merged; nothing runnable (waiting on agents, blockers, or escalations)
2026-09-09T20:13:52+00:00 question   STL-14   unanswered → write STL-14.answer-1.md
2026-09-09T20:13:52+00:00 idle       -        0/14 merged; nothing runnable (waiting on agents, blockers, or escalations)
2026-09-09T20:16:02+00:00 question   STL-14   unanswered → write STL-14.answer-1.md
2026-09-09T20:16:02+00:00 idle       -        0/14 merged; nothing runnable (waiting on agents, blockers, or escalations)
2026-09-09T20:18:11+00:00 question   STL-14   unanswered → write STL-14.answer-1.md
2026-09-09T20:18:11+00:00 idle       -        0/14 merged; nothing runnable (waiting on agents, blockers, or escalations)
2026-09-09T20:20:21+00:00 question   STL-14   unanswered → write STL-14.answer-1.md
2026-09-09T20:20:21+00:00 idle       -        0/14 merged; nothing runnable (waiting on agents, blockers, or escalations)
2026-09-09T20:22:30+00:00 question   STL-14   unanswered → write STL-14.answer-1.md
2026-09-09T20:22:30+00:00 idle       -        0/14 merged; nothing runnable (waiting on agents, blockers, or escalations)
2026-09-09T20:24:40+00:00 question   STL-14   unanswered → write STL-14.answer-1.md
2026-09-09T20:24:40+00:00 idle       -        0/14 merged; nothing runnable (waiting on agents, blockers, or escalations)
2026-09-09T20:26:49+00:00 question   STL-14   unanswered → write STL-14.answer-1.md
2026-09-09T20:26:49+00:00 idle       -        0/14 merged; nothing runnable (waiting on agents, blockers, or escalations)
2026-09-09T20:28:58+00:00 question   STL-14   unanswered → write STL-14.answer-1.md
2026-09-09T20:28:58+00:00 idle       -        0/14 merged; nothing runnable (waiting on agents, blockers, or escalations)
2026-09-09T20:31:07+00:00 question   STL-14   unanswered → write STL-14.answer-1.md
2026-09-09T20:31:07+00:00 idle       -        0/14 merged; nothing runnable (waiting on agents, blockers, or escalations)
2026-09-09T20:33:16+00:00 question   STL-14   unanswered → write STL-14.answer-1.md
2026-09-09T20:33:16+00:00 idle       -        0/14 merged; nothing runnable (waiting on agents, blockers, or escalations)
2026-09-09T20:35:26+00:00 question   STL-14   unanswered → write STL-14.answer-1.md
2026-09-09T20:35:26+00:00 idle       -        0/14 merged; nothing runnable (waiting on agents, blockers, or escalations)
2026-09-09T20:37:53+00:00 question   STL-14   unanswered → write STL-14.answer-1.md
2026-09-09T20:37:53+00:00 idle       -        0/14 merged; nothing runnable (waiting on agents, blockers, or escalations)
2026-09-09T20:40:02+00:00 question   STL-14   unanswered → write STL-14.answer-1.md
2026-09-09T20:40:02+00:00 idle       -        0/14 merged; nothing runnable (waiting on agents, blockers, or escalations)
2026-09-09T20:42:11+00:00 question   STL-14   unanswered → write STL-14.answer-1.md
2026-09-09T20:42:11+00:00 idle       -        0/14 merged; nothing runnable (waiting on agents, blockers, or escalations)
2026-09-09T20:44:21+00:00 question   STL-14   unanswered → write STL-14.answer-1.md
2026-09-09T20:44:21+00:00 idle       -        0/14 merged; nothing runnable (waiting on agents, blockers, or escalations)
2026-09-09T20:46:31+00:00 question   STL-14   unanswered → write STL-14.answer-1.md
2026-09-09T20:46:31+00:00 idle       -        0/14 merged; nothing runnable (waiting on agents, blockers, or escalations)
2026-09-09T20:48:40+00:00 question   STL-14   unanswered → write STL-14.answer-1.md
2026-09-09T20:48:40+00:00 idle       -        0/14 merged; nothing runnable (waiting on agents, blockers, or escalations)
2026-09-09T20:50:49+00:00 question   STL-14   unanswered → write STL-14.answer-1.md
2026-09-09T20:50:49+00:00 idle       -        0/14 merged; nothing runnable (waiting on agents, blockers, or escalations)
2026-09-09T20:52:58+00:00 question   STL-14   unanswered → write STL-14.answer-1.md
2026-09-09T20:52:58+00:00 idle       -        0/14 merged; nothing runnable (waiting on agents, blockers, or escalations)
2026-09-09T20:55:08+00:00 question   STL-14   unanswered → write STL-14.answer-1.md
2026-09-09T20:55:08+00:00 idle       -        0/14 merged; nothing runnable (waiting on agents, blockers, or escalations)
2026-09-09T20:57:17+00:00 question   STL-14   unanswered → write STL-14.answer-1.md
2026-09-09T20:57:17+00:00 idle       -        0/14 merged; nothing runnable (waiting on agents, blockers, or escalations)
2026-09-09T20:59:26+00:00 question   STL-14   unanswered → write STL-14.answer-1.md
2026-09-09T20:59:26+00:00 idle       -        0/14 merged; nothing runnable (waiting on agents, blockers, or escalations)
2026-09-09T21:01:35+00:00 question   STL-14   unanswered → write STL-14.answer-1.md
2026-09-09T21:01:35+00:00 idle       -        0/14 merged; nothing runnable (waiting on agents, blockers, or escalations)
2026-09-09T21:03:44+00:00 question   STL-14   unanswered → write STL-14.answer-1.md
2026-09-09T21:03:44+00:00 idle       -        0/14 merged; nothing runnable (waiting on agents, blockers, or escalations)
2026-09-09T21:05:53+00:00 question   STL-14   unanswered → write STL-14.answer-1.md
2026-09-09T21:05:53+00:00 idle       -        0/14 merged; nothing runnable (waiting on agents, blockers, or escalations)
2026-09-09T21:08:02+00:00 question   STL-14   unanswered → write STL-14.answer-1.md
2026-09-09T21:08:02+00:00 idle       -        0/14 merged; nothing runnable (waiting on agents, blockers, or escalations)
2026-09-09T21:10:12+00:00 question   STL-14   unanswered → write STL-14.answer-1.md
2026-09-09T21:10:12+00:00 idle       -        0/14 merged; nothing runnable (waiting on agents, blockers, or escalations)
2026-09-09T21:12:21+00:00 question   STL-14   unanswered → write STL-14.answer-1.md
2026-09-09T21:12:21+00:00 idle       -        0/14 merged; nothing runnable (waiting on agents, blockers, or escalations)
2026-09-09T21:14:31+00:00 question   STL-14   unanswered → write STL-14.answer-1.md
2026-09-09T21:14:31+00:00 idle       -        0/14 merged; nothing runnable (waiting on agents, blockers, or escalations)
2026-09-09T21:16:39+00:00 question   STL-14   unanswered → write STL-14.answer-1.md
2026-09-09T21:16:39+00:00 idle       -        0/14 merged; nothing runnable (waiting on agents, blockers, or escalations)
2026-09-09T21:18:50+00:00 question   STL-14   unanswered → write STL-14.answer-1.md
2026-09-09T21:18:50+00:00 idle       -        0/14 merged; nothing runnable (waiting on agents, blockers, or escalations)
2026-09-09T21:20:59+00:00 question   STL-14   unanswered → write STL-14.answer-1.md
2026-09-09T21:20:59+00:00 idle       -        0/14 merged; nothing runnable (waiting on agents, blockers, or escalations)
2026-09-09T21:23:08+00:00 question   STL-14   unanswered → write STL-14.answer-1.md
2026-09-09T21:23:08+00:00 idle       -        0/14 merged; nothing runnable (waiting on agents, blockers, or escalations)
2026-09-09T21:25:18+00:00 question   STL-14   unanswered → write STL-14.answer-1.md
2026-09-09T21:25:18+00:00 idle       -        0/14 merged; nothing runnable (waiting on agents, blockers, or escalations)
2026-09-09T21:27:27+00:00 question   STL-14   unanswered → write STL-14.answer-1.md
2026-09-09T21:27:27+00:00 idle       -        0/14 merged; nothing runnable (waiting on agents, blockers, or escalations)
2026-09-09T21:29:36+00:00 question   STL-14   unanswered → write STL-14.answer-1.md
2026-09-09T21:29:36+00:00 idle       -        0/14 merged; nothing runnable (waiting on agents, blockers, or escalations)
2026-09-09T21:31:45+00:00 question   STL-14   unanswered → write STL-14.answer-1.md
2026-09-09T21:31:45+00:00 idle       -        0/14 merged; nothing runnable (waiting on agents, blockers, or escalations)
2026-09-09T21:33:54+00:00 question   STL-14   unanswered → write STL-14.answer-1.md
2026-09-09T21:33:54+00:00 idle       -        0/14 merged; nothing runnable (waiting on agents, blockers, or escalations)
2026-09-09T21:36:03+00:00 question   STL-14   unanswered → write STL-14.answer-1.md
2026-09-09T21:36:03+00:00 idle       -        0/14 merged; nothing runnable (waiting on agents, blockers, or escalations)
2026-09-09T21:38:13+00:00 question   STL-14   unanswered → write STL-14.answer-1.md
2026-09-09T21:38:13+00:00 idle       -        0/14 merged; nothing runnable (waiting on agents, blockers, or escalations)
2026-09-09T21:40:23+00:00 question   STL-14   unanswered → write STL-14.answer-1.md
2026-09-09T21:40:23+00:00 idle       -        0/14 merged; nothing runnable (waiting on agents, blockers, or escalations)
2026-09-09T21:42:32+00:00 question   STL-14   unanswered → write STL-14.answer-1.md
2026-09-09T21:42:32+00:00 idle       -        0/14 merged; nothing runnable (waiting on agents, blockers, or escalations)
2026-09-09T21:44:42+00:00 question   STL-14   unanswered → write STL-14.answer-1.md
2026-09-09T21:44:42+00:00 idle       -        0/14 merged; nothing runnable (waiting on agents, blockers, or escalations)
2026-09-09T21:46:51+00:00 question   STL-14   unanswered → write STL-14.answer-1.md
2026-09-09T21:46:51+00:00 idle       -        0/14 merged; nothing runnable (waiting on agents, blockers, or escalations)
2026-09-09T21:49:00+00:00 question   STL-14   unanswered → write STL-14.answer-1.md
2026-09-09T21:49:00+00:00 idle       -        0/14 merged; nothing runnable (waiting on agents, blockers, or escalations)
2026-09-09T21:51:09+00:00 question   STL-14   unanswered → write STL-14.answer-1.md
2026-09-09T21:51:09+00:00 idle       -        0/14 merged; nothing runnable (waiting on agents, blockers, or escalations)
2026-09-09T21:53:18+00:00 question   STL-14   unanswered → write STL-14.answer-1.md
2026-09-09T21:53:18+00:00 idle       -        0/14 merged; nothing runnable (waiting on agents, blockers, or escalations)
2026-09-09T21:55:27+00:00 question   STL-14   unanswered → write STL-14.answer-1.md
2026-09-09T21:55:27+00:00 idle       -        0/14 merged; nothing runnable (waiting on agents, blockers, or escalations)
2026-09-09T21:57:36+00:00 question   STL-14   unanswered → write STL-14.answer-1.md
2026-09-09T21:57:36+00:00 idle       -        0/14 merged; nothing runnable (waiting on agents, blockers, or escalations)
2026-09-09T21:59:46+00:00 question   STL-14   unanswered → write STL-14.answer-1.md
2026-09-09T21:59:46+00:00 idle       -        0/14 merged; nothing runnable (waiting on agents, blockers, or escalations)
2026-09-09T22:01:55+00:00 question   STL-14   unanswered → write STL-14.answer-1.md
2026-09-09T22:01:55+00:00 idle       -        0/14 merged; nothing runnable (waiting on agents, blockers, or escalations)
2026-09-09T22:04:06+00:00 question   STL-14   unanswered → write STL-14.answer-1.md
2026-09-09T22:04:06+00:00 idle       -        0/14 merged; nothing runnable (waiting on agents, blockers, or escalations)
2026-09-09T22:06:16+00:00 question   STL-14   unanswered → write STL-14.answer-1.md
2026-09-09T22:06:16+00:00 idle       -        0/14 merged; nothing runnable (waiting on agents, blockers, or escalations)
2026-09-09T22:08:25+00:00 question   STL-14   unanswered → write STL-14.answer-1.md
2026-09-09T22:08:25+00:00 idle       -        0/14 merged; nothing runnable (waiting on agents, blockers, or escalations)
2026-09-09T22:10:35+00:00 question   STL-14   unanswered → write STL-14.answer-1.md
2026-09-09T22:10:35+00:00 idle       -        0/14 merged; nothing runnable (waiting on agents, blockers, or escalations)
2026-09-09T22:12:45+00:00 question   STL-14   unanswered → write STL-14.answer-1.md
2026-09-09T22:12:45+00:00 idle       -        0/14 merged; nothing runnable (waiting on agents, blockers, or escalations)
2026-09-09T22:14:54+00:00 question   STL-14   unanswered → write STL-14.answer-1.md
2026-09-09T22:14:54+00:00 idle       -        0/14 merged; nothing runnable (waiting on agents, blockers, or escalations)
2026-09-09T22:17:04+00:00 question   STL-14   unanswered → write STL-14.answer-1.md
2026-09-09T22:17:04+00:00 idle       -        0/14 merged; nothing runnable (waiting on agents, blockers, or escalations)
2026-09-09T22:19:12+00:00 question   STL-14   unanswered → write STL-14.answer-1.md
2026-09-09T22:19:12+00:00 idle       -        0/14 merged; nothing runnable (waiting on agents, blockers, or escalations)
2026-09-09T22:21:23+00:00 question   STL-14   unanswered → write STL-14.answer-1.md
2026-09-09T22:21:23+00:00 idle       -        0/14 merged; nothing runnable (waiting on agents, blockers, or escalations)
2026-09-09T22:23:33+00:00 question   STL-14   unanswered → write STL-14.answer-1.md
2026-09-09T22:23:33+00:00 idle       -        0/14 merged; nothing runnable (waiting on agents, blockers, or escalations)
2026-09-09T22:25:42+00:00 question   STL-14   unanswered → write STL-14.answer-1.md
2026-09-09T22:25:42+00:00 idle       -        0/14 merged; nothing runnable (waiting on agents, blockers, or escalations)
2026-09-09T22:27:52+00:00 question   STL-14   unanswered → write STL-14.answer-1.md
2026-09-09T22:27:52+00:00 idle       -        0/14 merged; nothing runnable (waiting on agents, blockers, or escalations)
2026-09-09T22:30:01+00:00 question   STL-14   unanswered → write STL-14.answer-1.md
2026-09-09T22:30:01+00:00 idle       -        0/14 merged; nothing runnable (waiting on agents, blockers, or escalations)
2026-09-09T22:32:10+00:00 question   STL-14   unanswered → write STL-14.answer-1.md
2026-09-09T22:32:10+00:00 idle       -        0/14 merged; nothing runnable (waiting on agents, blockers, or escalations)
2026-09-09T22:34:19+00:00 question   STL-14   unanswered → write STL-14.answer-1.md
2026-09-09T22:34:19+00:00 idle       -        0/14 merged; nothing runnable (waiting on agents, blockers, or escalations)
2026-09-09T22:36:29+00:00 question   STL-14   unanswered → write STL-14.answer-1.md
2026-09-09T22:36:29+00:00 idle       -        0/14 merged; nothing runnable (waiting on agents, blockers, or escalations)
2026-09-09T22:38:40+00:00 question   STL-14   unanswered → write STL-14.answer-1.md
2026-09-09T22:38:40+00:00 idle       -        0/14 merged; nothing runnable (waiting on agents, blockers, or escalations)
2026-09-09T22:40:49+00:00 question   STL-14   unanswered → write STL-14.answer-1.md
2026-09-09T22:40:49+00:00 idle       -        0/14 merged; nothing runnable (waiting on agents, blockers, or escalations)
2026-09-09T22:42:58+00:00 question   STL-14   unanswered → write STL-14.answer-1.md
2026-09-09T22:42:58+00:00 idle       -        0/14 merged; nothing runnable (waiting on agents, blockers, or escalations)
2026-09-09T22:45:09+00:00 question   STL-14   unanswered → write STL-14.answer-1.md
2026-09-09T22:45:09+00:00 idle       -        0/14 merged; nothing runnable (waiting on agents, blockers, or escalations)
2026-09-09T22:47:18+00:00 question   STL-14   unanswered → write STL-14.answer-1.md
2026-09-09T22:47:18+00:00 idle       -        0/14 merged; nothing runnable (waiting on agents, blockers, or escalations)
2026-09-09T22:49:27+00:00 question   STL-14   unanswered → write STL-14.answer-1.md
2026-09-09T22:49:27+00:00 idle       -        0/14 merged; nothing runnable (waiting on agents, blockers, or escalations)
2026-09-09T22:51:39+00:00 question   STL-14   unanswered → write STL-14.answer-1.md
2026-09-09T22:51:39+00:00 idle       -        0/14 merged; nothing runnable (waiting on agents, blockers, or escalations)
2026-09-09T22:53:48+00:00 question   STL-14   unanswered → write STL-14.answer-1.md
2026-09-09T22:53:48+00:00 idle       -        0/14 merged; nothing runnable (waiting on agents, blockers, or escalations)
2026-09-09T22:55:57+00:00 question   STL-14   unanswered → write STL-14.answer-1.md
2026-09-09T22:55:57+00:00 idle       -        0/14 merged; nothing runnable (waiting on agents, blockers, or escalations)
2026-09-09T22:58:07+00:00 question   STL-14   unanswered → write STL-14.answer-1.md
2026-09-09T22:58:07+00:00 idle       -        0/14 merged; nothing runnable (waiting on agents, blockers, or escalations)
2026-09-09T23:00:18+00:00 question   STL-14   unanswered → write STL-14.answer-1.md
2026-09-09T23:00:18+00:00 idle       -        0/14 merged; nothing runnable (waiting on agents, blockers, or escalations)
2026-09-09T23:02:27+00:00 question   STL-14   unanswered → write STL-14.answer-1.md
2026-09-09T23:02:27+00:00 idle       -        0/14 merged; nothing runnable (waiting on agents, blockers, or escalations)
2026-09-09T23:04:37+00:00 question   STL-14   unanswered → write STL-14.answer-1.md
2026-09-09T23:04:37+00:00 idle       -        0/14 merged; nothing runnable (waiting on agents, blockers, or escalations)
2026-09-09T23:06:46+00:00 question   STL-14   unanswered → write STL-14.answer-1.md
2026-09-09T23:06:46+00:00 idle       -        0/14 merged; nothing runnable (waiting on agents, blockers, or escalations)
2026-09-09T23:08:56+00:00 question   STL-14   unanswered → write STL-14.answer-1.md
2026-09-09T23:08:56+00:00 idle       -        0/14 merged; nothing runnable (waiting on agents, blockers, or escalations)
2026-09-09T23:11:06+00:00 question   STL-14   unanswered → write STL-14.answer-1.md
2026-09-09T23:11:06+00:00 idle       -        0/14 merged; nothing runnable (waiting on agents, blockers, or escalations)
2026-09-09T23:13:16+00:00 question   STL-14   unanswered → write STL-14.answer-1.md
2026-09-09T23:13:16+00:00 idle       -        0/14 merged; nothing runnable (waiting on agents, blockers, or escalations)
2026-09-09T23:15:26+00:00 question   STL-14   unanswered → write STL-14.answer-1.md
2026-09-09T23:15:26+00:00 idle       -        0/14 merged; nothing runnable (waiting on agents, blockers, or escalations)
2026-09-09T23:17:35+00:00 question   STL-14   unanswered → write STL-14.answer-1.md
2026-09-09T23:17:35+00:00 idle       -        0/14 merged; nothing runnable (waiting on agents, blockers, or escalations)
2026-09-09T23:19:45+00:00 question   STL-14   unanswered → write STL-14.answer-1.md
2026-09-09T23:19:45+00:00 idle       -        0/14 merged; nothing runnable (waiting on agents, blockers, or escalations)
2026-09-09T23:21:54+00:00 question   STL-14   unanswered → write STL-14.answer-1.md
2026-09-09T23:21:54+00:00 idle       -        0/14 merged; nothing runnable (waiting on agents, blockers, or escalations)
2026-09-09T23:24:04+00:00 question   STL-14   unanswered → write STL-14.answer-1.md
2026-09-09T23:24:04+00:00 idle       -        0/14 merged; nothing runnable (waiting on agents, blockers, or escalations)
2026-09-09T23:26:13+00:00 question   STL-14   unanswered → write STL-14.answer-1.md
2026-09-09T23:26:13+00:00 idle       -        0/14 merged; nothing runnable (waiting on agents, blockers, or escalations)
2026-09-09T23:28:22+00:00 question   STL-14   unanswered → write STL-14.answer-1.md
2026-09-09T23:28:22+00:00 idle       -        0/14 merged; nothing runnable (waiting on agents, blockers, or escalations)
2026-09-09T23:30:31+00:00 question   STL-14   unanswered → write STL-14.answer-1.md
2026-09-09T23:30:31+00:00 idle       -        0/14 merged; nothing runnable (waiting on agents, blockers, or escalations)
2026-09-09T23:32:41+00:00 question   STL-14   unanswered → write STL-14.answer-1.md
2026-09-09T23:32:41+00:00 idle       -        0/14 merged; nothing runnable (waiting on agents, blockers, or escalations)
2026-09-09T23:34:50+00:00 question   STL-14   unanswered → write STL-14.answer-1.md
2026-09-09T23:34:50+00:00 idle       -        0/14 merged; nothing runnable (waiting on agents, blockers, or escalations)
2026-09-09T23:37:00+00:00 question   STL-14   unanswered → write STL-14.answer-1.md
2026-09-09T23:37:00+00:00 idle       -        0/14 merged; nothing runnable (waiting on agents, blockers, or escalations)
2026-09-09T23:39:10+00:00 question   STL-14   unanswered → write STL-14.answer-1.md
2026-09-09T23:39:10+00:00 idle       -        0/14 merged; nothing runnable (waiting on agents, blockers, or escalations)
2026-09-09T23:41:19+00:00 question   STL-14   unanswered → write STL-14.answer-1.md
2026-09-09T23:41:19+00:00 idle       -        0/14 merged; nothing runnable (waiting on agents, blockers, or escalations)
2026-09-09T23:43:28+00:00 question   STL-14   unanswered → write STL-14.answer-1.md
2026-09-09T23:43:28+00:00 idle       -        0/14 merged; nothing runnable (waiting on agents, blockers, or escalations)
2026-09-09T23:45:38+00:00 question   STL-14   unanswered → write STL-14.answer-1.md
2026-09-09T23:45:38+00:00 idle       -        0/14 merged; nothing runnable (waiting on agents, blockers, or escalations)
2026-09-09T23:47:47+00:00 question   STL-14   unanswered → write STL-14.answer-1.md
2026-09-09T23:47:47+00:00 idle       -        0/14 merged; nothing runnable (waiting on agents, blockers, or escalations)
2026-09-09T23:49:56+00:00 question   STL-14   unanswered → write STL-14.answer-1.md
2026-09-09T23:49:56+00:00 idle       -        0/14 merged; nothing runnable (waiting on agents, blockers, or escalations)
2026-09-09T23:52:05+00:00 question   STL-14   unanswered → write STL-14.answer-1.md
2026-09-09T23:52:05+00:00 idle       -        0/14 merged; nothing runnable (waiting on agents, blockers, or escalations)
2026-09-09T23:54:15+00:00 question   STL-14   unanswered → write STL-14.answer-1.md
2026-09-09T23:54:15+00:00 idle       -        0/14 merged; nothing runnable (waiting on agents, blockers, or escalations)
2026-09-09T23:56:24+00:00 question   STL-14   unanswered → write STL-14.answer-1.md
2026-09-09T23:56:24+00:00 idle       -        0/14 merged; nothing runnable (waiting on agents, blockers, or escalations)
2026-09-09T23:58:33+00:00 question   STL-14   unanswered → write STL-14.answer-1.md
2026-09-09T23:58:33+00:00 idle       -        0/14 merged; nothing runnable (waiting on agents, blockers, or escalations)
2026-09-10T00:00:43+00:00 question   STL-14   unanswered → write STL-14.answer-1.md
2026-09-10T00:00:43+00:00 idle       -        0/14 merged; nothing runnable (waiting on agents, blockers, or escalations)
2026-09-10T00:02:52+00:00 question   STL-14   unanswered → write STL-14.answer-1.md
2026-09-10T00:02:52+00:00 idle       -        0/14 merged; nothing runnable (waiting on agents, blockers, or escalations)
2026-09-10T00:05:02+00:00 question   STL-14   unanswered → write STL-14.answer-1.md
2026-09-10T00:05:02+00:00 idle       -        0/14 merged; nothing runnable (waiting on agents, blockers, or escalations)
2026-09-10T00:07:12+00:00 question   STL-14   unanswered → write STL-14.answer-1.md
2026-09-10T00:07:12+00:00 idle       -        0/14 merged; nothing runnable (waiting on agents, blockers, or escalations)
2026-09-10T00:09:21+00:00 question   STL-14   unanswered → write STL-14.answer-1.md
2026-09-10T00:09:21+00:00 idle       -        0/14 merged; nothing runnable (waiting on agents, blockers, or escalations)
2026-09-10T00:11:31+00:00 question   STL-14   unanswered → write STL-14.answer-1.md
2026-09-10T00:11:31+00:00 idle       -        0/14 merged; nothing runnable (waiting on agents, blockers, or escalations)
2026-09-10T00:13:40+00:00 question   STL-14   unanswered → write STL-14.answer-1.md
2026-09-10T00:13:40+00:00 idle       -        0/14 merged; nothing runnable (waiting on agents, blockers, or escalations)
2026-09-10T00:15:50+00:00 question   STL-14   unanswered → write STL-14.answer-1.md
2026-09-10T00:15:50+00:00 idle       -        0/14 merged; nothing runnable (waiting on agents, blockers, or escalations)
2026-09-10T00:17:59+00:00 question   STL-14   unanswered → write STL-14.answer-1.md
2026-09-10T00:17:59+00:00 idle       -        0/14 merged; nothing runnable (waiting on agents, blockers, or escalations)
2026-09-10T00:20:08+00:00 question   STL-14   unanswered → write STL-14.answer-1.md
2026-09-10T00:20:08+00:00 idle       -        0/14 merged; nothing runnable (waiting on agents, blockers, or escalations)
2026-09-10T00:22:18+00:00 question   STL-14   unanswered → write STL-14.answer-1.md
2026-09-10T00:22:18+00:00 idle       -        0/14 merged; nothing runnable (waiting on agents, blockers, or escalations)
2026-09-10T00:24:27+00:00 question   STL-14   unanswered → write STL-14.answer-1.md
2026-09-10T00:24:27+00:00 idle       -        0/14 merged; nothing runnable (waiting on agents, blockers, or escalations)
2026-09-10T00:26:36+00:00 question   STL-14   unanswered → write STL-14.answer-1.md
2026-09-10T00:26:36+00:00 idle       -        0/14 merged; nothing runnable (waiting on agents, blockers, or escalations)
2026-09-10T00:28:46+00:00 question   STL-14   unanswered → write STL-14.answer-1.md
2026-09-10T00:28:46+00:00 idle       -        0/14 merged; nothing runnable (waiting on agents, blockers, or escalations)
2026-09-10T00:30:55+00:00 question   STL-14   unanswered → write STL-14.answer-1.md
2026-09-10T00:30:55+00:00 idle       -        0/14 merged; nothing runnable (waiting on agents, blockers, or escalations)
2026-09-10T00:33:03+00:00 question   STL-14   unanswered → write STL-14.answer-1.md
2026-09-10T00:33:03+00:00 idle       -        0/14 merged; nothing runnable (waiting on agents, blockers, or escalations)
2026-09-10T00:35:12+00:00 question   STL-14   unanswered → write STL-14.answer-1.md
2026-09-10T00:35:12+00:00 idle       -        0/14 merged; nothing runnable (waiting on agents, blockers, or escalations)
2026-09-10T00:37:21+00:00 question   STL-14   unanswered → write STL-14.answer-1.md
2026-09-10T00:37:21+00:00 idle       -        0/14 merged; nothing runnable (waiting on agents, blockers, or escalations)
2026-09-10T00:39:30+00:00 question   STL-14   unanswered → write STL-14.answer-1.md
2026-09-10T00:39:30+00:00 idle       -        0/14 merged; nothing runnable (waiting on agents, blockers, or escalations)
2026-09-10T00:41:39+00:00 question   STL-14   unanswered → write STL-14.answer-1.md
2026-09-10T00:41:39+00:00 idle       -        0/14 merged; nothing runnable (waiting on agents, blockers, or escalations)
2026-09-10T00:43:48+00:00 question   STL-14   unanswered → write STL-14.answer-1.md
2026-09-10T00:43:48+00:00 idle       -        0/14 merged; nothing runnable (waiting on agents, blockers, or escalations)
2026-09-10T00:45:58+00:00 question   STL-14   unanswered → write STL-14.answer-1.md
2026-09-10T00:45:58+00:00 idle       -        0/14 merged; nothing runnable (waiting on agents, blockers, or escalations)
2026-09-10T00:48:08+00:00 question   STL-14   unanswered → write STL-14.answer-1.md
2026-09-10T00:48:08+00:00 idle       -        0/14 merged; nothing runnable (waiting on agents, blockers, or escalations)
2026-09-10T00:50:17+00:00 question   STL-14   unanswered → write STL-14.answer-1.md
2026-09-10T00:50:17+00:00 idle       -        0/14 merged; nothing runnable (waiting on agents, blockers, or escalations)
2026-09-10T00:52:26+00:00 question   STL-14   unanswered → write STL-14.answer-1.md
2026-09-10T00:52:26+00:00 idle       -        0/14 merged; nothing runnable (waiting on agents, blockers, or escalations)
2026-09-10T00:54:35+00:00 question   STL-14   unanswered → write STL-14.answer-1.md
2026-09-10T00:54:35+00:00 idle       -        0/14 merged; nothing runnable (waiting on agents, blockers, or escalations)
2026-09-10T00:56:43+00:00 question   STL-14   unanswered → write STL-14.answer-1.md
2026-09-10T00:56:43+00:00 idle       -        0/14 merged; nothing runnable (waiting on agents, blockers, or escalations)
2026-09-10T00:58:52+00:00 question   STL-14   unanswered → write STL-14.answer-1.md
2026-09-10T00:58:52+00:00 idle       -        0/14 merged; nothing runnable (waiting on agents, blockers, or escalations)
2026-09-10T01:01:01+00:00 question   STL-14   unanswered → write STL-14.answer-1.md
2026-09-10T01:01:01+00:00 idle       -        0/14 merged; nothing runnable (waiting on agents, blockers, or escalations)
2026-09-10T01:03:11+00:00 question   STL-14   unanswered → write STL-14.answer-1.md
2026-09-10T01:03:11+00:00 idle       -        0/14 merged; nothing runnable (waiting on agents, blockers, or escalations)
2026-09-10T01:05:20+00:00 question   STL-14   unanswered → write STL-14.answer-1.md
2026-09-10T01:05:20+00:00 idle       -        0/14 merged; nothing runnable (waiting on agents, blockers, or escalations)
2026-09-10T01:07:30+00:00 question   STL-14   unanswered → write STL-14.answer-1.md
2026-09-10T01:07:30+00:00 idle       -        0/14 merged; nothing runnable (waiting on agents, blockers, or escalations)
2026-09-10T01:09:38+00:00 question   STL-14   unanswered → write STL-14.answer-1.md
2026-09-10T01:09:38+00:00 idle       -        0/14 merged; nothing runnable (waiting on agents, blockers, or escalations)
2026-09-10T01:11:47+00:00 question   STL-14   unanswered → write STL-14.answer-1.md
2026-09-10T01:11:47+00:00 idle       -        0/14 merged; nothing runnable (waiting on agents, blockers, or escalations)
2026-09-10T01:13:56+00:00 question   STL-14   unanswered → write STL-14.answer-1.md
2026-09-10T01:13:56+00:00 idle       -        0/14 merged; nothing runnable (waiting on agents, blockers, or escalations)
2026-09-10T01:16:05+00:00 question   STL-14   unanswered → write STL-14.answer-1.md
2026-09-10T01:16:05+00:00 idle       -        0/14 merged; nothing runnable (waiting on agents, blockers, or escalations)
2026-09-10T01:18:15+00:00 question   STL-14   unanswered → write STL-14.answer-1.md
2026-09-10T01:18:15+00:00 idle       -        0/14 merged; nothing runnable (waiting on agents, blockers, or escalations)
2026-09-10T01:20:23+00:00 question   STL-14   unanswered → write STL-14.answer-1.md
2026-09-10T01:20:23+00:00 idle       -        0/14 merged; nothing runnable (waiting on agents, blockers, or escalations)
2026-09-10T01:22:32+00:00 question   STL-14   unanswered → write STL-14.answer-1.md
2026-09-10T01:22:32+00:00 idle       -        0/14 merged; nothing runnable (waiting on agents, blockers, or escalations)
2026-09-10T01:24:41+00:00 question   STL-14   unanswered → write STL-14.answer-1.md
2026-09-10T01:24:41+00:00 idle       -        0/14 merged; nothing runnable (waiting on agents, blockers, or escalations)
2026-09-10T01:26:50+00:00 question   STL-14   unanswered → write STL-14.answer-1.md
2026-09-10T01:26:50+00:00 idle       -        0/14 merged; nothing runnable (waiting on agents, blockers, or escalations)
2026-09-10T01:28:59+00:00 question   STL-14   unanswered → write STL-14.answer-1.md
2026-09-10T01:28:59+00:00 idle       -        0/14 merged; nothing runnable (waiting on agents, blockers, or escalations)
2026-09-10T01:31:08+00:00 question   STL-14   unanswered → write STL-14.answer-1.md
2026-09-10T01:31:08+00:00 idle       -        0/14 merged; nothing runnable (waiting on agents, blockers, or escalations)
2026-09-10T01:33:17+00:00 question   STL-14   unanswered → write STL-14.answer-1.md
2026-09-10T01:33:17+00:00 idle       -        0/14 merged; nothing runnable (waiting on agents, blockers, or escalations)
2026-09-10T01:35:26+00:00 question   STL-14   unanswered → write STL-14.answer-1.md
2026-09-10T01:35:26+00:00 idle       -        0/14 merged; nothing runnable (waiting on agents, blockers, or escalations)
2026-09-10T01:37:35+00:00 question   STL-14   unanswered → write STL-14.answer-1.md
2026-09-10T01:37:35+00:00 idle       -        0/14 merged; nothing runnable (waiting on agents, blockers, or escalations)
2026-09-10T01:39:45+00:00 question   STL-14   unanswered → write STL-14.answer-1.md
2026-09-10T01:39:45+00:00 idle       -        0/14 merged; nothing runnable (waiting on agents, blockers, or escalations)
2026-09-10T01:41:54+00:00 question   STL-14   unanswered → write STL-14.answer-1.md
2026-09-10T01:41:54+00:00 idle       -        0/14 merged; nothing runnable (waiting on agents, blockers, or escalations)
2026-09-10T01:44:03+00:00 start      STL-14   implement
2026-09-10T02:15:49+00:00 boot       -        repo=/home/rpw/repos/stellarc-dev tick=120s parallel=3
2026-09-10T02:16:01+00:00 start      STL-15   triage
2026-09-10T02:18:15+00:00 ok         STL-15   triage: dispatched b5387a76-948e-4e8a-a0e0-3e0273c9957b; waiting… | STL-15 triage → ACCEPT
2026-09-10T02:18:16+00:00 start      STL-16   triage
2026-09-10T02:20:34+00:00 ok         STL-16   triage: dispatched 91fc805b-a86d-41e7-a7dc-bb6c874910cc; waiting… | STL-16 triage → NEEDS-INFO
2026-09-10T02:20:35+00:00 start      STL-17   triage
2026-09-10T02:22:29+00:00 ok         STL-17   triage: dispatched 36269e09-4334-4980-9a67-e6fec1e4bf80; waiting… | STL-17 triage → ACCEPT
2026-09-10T02:22:30+00:00 throttle   STL-18   triage deferred; 3 light in flight
2026-09-10T02:22:30+00:00 throttle   STL-19   triage deferred; 3 light in flight
2026-09-10T02:22:30+00:00 throttle   STL-20   triage deferred; 3 light in flight
2026-09-10T02:22:30+00:00 throttle   STL-21   triage deferred; 3 light in flight
2026-09-10T02:22:30+00:00 throttle   STL-22   triage deferred; 3 light in flight
2026-09-10T02:22:30+00:00 throttle   STL-23   triage deferred; 3 light in flight
2026-09-10T02:22:30+00:00 throttle   STL-24   triage deferred; 3 light in flight
2026-09-10T02:22:30+00:00 throttle   STL-25   triage deferred; 3 light in flight
2026-09-10T02:22:30+00:00 throttle   STL-26   triage deferred; 3 light in flight
2026-09-10T02:22:30+00:00 throttle   STL-27   triage deferred; 3 light in flight
2026-09-10T02:22:30+00:00 throttle   STL-30   triage deferred; 3 light in flight
2026-09-10T02:24:40+00:00 start      STL-15   spec
2026-09-10T02:32:49+00:00 ok         STL-15   spec: dispatched 44042dfb-1e99-43e0-b344-ae68d312f681; waiting… | STL-15 spec → pass
2026-09-10T02:32:51+00:00 start      STL-17   spec
2026-09-10T02:40:20+00:00 ok         STL-17   spec: dispatched 84c413f2-5f40-40c0-9b44-55132ec2694d; waiting… | STL-17 spec → pass
2026-09-10T02:40:22+00:00 start      STL-18   triage
2026-09-10T02:43:17+00:00 ok         STL-18   triage: dispatched 2277209b-a75d-4b65-a668-85c0e7574be9; waiting… | STL-18 triage → ACCEPT
2026-09-10T02:43:18+00:00 throttle   STL-19   triage deferred; 3 light in flight
2026-09-10T02:43:18+00:00 throttle   STL-20   triage deferred; 3 light in flight
2026-09-10T02:43:18+00:00 throttle   STL-21   triage deferred; 3 light in flight
2026-09-10T02:43:18+00:00 throttle   STL-22   triage deferred; 3 light in flight
2026-09-10T02:43:18+00:00 throttle   STL-23   triage deferred; 3 light in flight
2026-09-10T02:43:18+00:00 throttle   STL-24   triage deferred; 3 light in flight
2026-09-10T02:43:18+00:00 throttle   STL-25   triage deferred; 3 light in flight
2026-09-10T02:43:18+00:00 throttle   STL-26   triage deferred; 3 light in flight
2026-09-10T02:43:18+00:00 throttle   STL-27   triage deferred; 3 light in flight
2026-09-10T02:43:18+00:00 throttle   STL-30   triage deferred; 3 light in flight
2026-09-10T02:45:28+00:00 start      STL-18   spec
2026-09-10T02:46:17+00:00 boot       -        repo=/home/rpw/repos/stellarc-dev tick=120s parallel=3
2026-09-10T02:46:26+00:00 start      STL-19   triage
2026-09-10T02:48:49+00:00 ok         STL-19   triage: dispatched 7cb2e25f-5ffd-4c12-aba1-7c9ec0879066; waiting… | STL-19 triage → ACCEPT
2026-09-10T02:48:50+00:00 start      STL-20   triage
2026-09-10T02:50:09+00:00 ok         STL-20   triage: dispatched ae6928ab-5d46-4a21-b76f-754ceff38637; waiting… | STL-20 triage → ACCEPT
2026-09-10T02:50:10+00:00 throttle   STL-21   triage deferred; 3 light in flight
2026-09-10T02:50:10+00:00 throttle   STL-22   triage deferred; 3 light in flight
2026-09-10T02:50:10+00:00 throttle   STL-23   triage deferred; 3 light in flight
2026-09-10T02:50:10+00:00 throttle   STL-24   triage deferred; 3 light in flight
2026-09-10T02:50:10+00:00 throttle   STL-25   triage deferred; 3 light in flight
2026-09-10T02:50:10+00:00 throttle   STL-26   triage deferred; 3 light in flight
2026-09-10T02:50:10+00:00 throttle   STL-27   triage deferred; 3 light in flight
2026-09-10T02:50:10+00:00 throttle   STL-30   triage deferred; 3 light in flight
2026-09-10T02:52:19+00:00 boot       -        repo=/home/rpw/repos/stellarc-dev tick=120s parallel=3
2026-09-10T02:52:29+00:00 start      STL-19   spec
2026-09-10T03:06:22+00:00 fail       STL-19   spec rc=1: dispatched 0f83af10-5f82-4afd-931a-24cb0120874e; waiting… | forge: spec agent produced no .forge/STL-19.spec.md — see `paseo logs 0f83af10-5f82-4afd-931a-24cb0120874e`
2026-09-10T03:06:23+00:00 start      STL-20   spec
2026-09-10T03:29:52+00:00 fail       STL-20   spec rc=1: dispatched 7cf526c6-4daf-48bd-befe-fc81fc4e2f1e; waiting… | forge: spec agent produced no .forge/STL-20.spec.md — see `paseo logs 7cf526c6-4daf-48bd-befe-fc81fc4e2f1e`
2026-09-10T03:29:53+00:00 throttle   STL-21   triage deferred; 3 light in flight
2026-09-10T03:29:53+00:00 throttle   STL-22   triage deferred; 3 light in flight
2026-09-10T03:29:53+00:00 throttle   STL-23   triage deferred; 3 light in flight
2026-09-10T03:29:53+00:00 throttle   STL-24   triage deferred; 3 light in flight
2026-09-10T03:29:53+00:00 throttle   STL-25   triage deferred; 3 light in flight
2026-09-10T03:29:53+00:00 throttle   STL-26   triage deferred; 3 light in flight
2026-09-10T03:29:53+00:00 throttle   STL-27   triage deferred; 3 light in flight
2026-09-10T03:29:53+00:00 throttle   STL-30   triage deferred; 3 light in flight
2026-09-10T03:32:02+00:00 start      STL-19   spec
2026-09-10T03:51:03+00:00 fail       STL-19   spec rc=1: dispatched 877ed675-6741-419a-a1be-0fdeb44b5c4a; waiting… | forge: spec agent produced no .forge/STL-19.spec.md — see `paseo logs 877ed675-6741-419a-a1be-0fdeb44b5c4a`
2026-09-10T03:51:03+00:00 escalate   STL-19   spec — human needed; delete .forge/STL-19.escalation to resume
2026-09-10T03:51:06+00:00 start      STL-20   spec
2026-09-10T04:04:39+00:00 ok         STL-20   spec: dispatched 2b5546c4-7735-4bc0-abe9-45b8dbcd205d; waiting… | STL-20 spec → pass
2026-09-10T04:04:41+00:00 throttle   STL-21   triage deferred; 3 light in flight
2026-09-10T04:04:41+00:00 throttle   STL-22   triage deferred; 3 light in flight
2026-09-10T04:04:41+00:00 throttle   STL-23   triage deferred; 3 light in flight
2026-09-10T04:04:41+00:00 throttle   STL-24   triage deferred; 3 light in flight
2026-09-10T04:04:41+00:00 throttle   STL-25   triage deferred; 3 light in flight
2026-09-10T04:04:41+00:00 throttle   STL-26   triage deferred; 3 light in flight
2026-09-10T04:04:41+00:00 throttle   STL-27   triage deferred; 3 light in flight
2026-09-10T04:04:41+00:00 throttle   STL-30   triage deferred; 3 light in flight
2026-09-10T04:06:51+00:00 start      STL-21   triage
2026-09-10T04:09:24+00:00 ok         STL-21   triage: dispatched 95832080-8090-4737-bd15-49e1e1913182; waiting… | STL-21 triage → ACCEPT
2026-09-10T04:09:25+00:00 start      STL-22   triage
2026-09-10T04:13:02+00:00 ok         STL-22   triage: dispatched 8747d2c7-50bd-415e-a737-a040dd1de904; waiting… | STL-22 triage → ACCEPT
2026-09-10T04:13:03+00:00 throttle   STL-23   triage deferred; 3 light in flight
2026-09-10T04:13:03+00:00 throttle   STL-24   triage deferred; 3 light in flight
2026-09-10T04:13:03+00:00 throttle   STL-25   triage deferred; 3 light in flight
2026-09-10T04:13:03+00:00 throttle   STL-26   triage deferred; 3 light in flight
2026-09-10T04:13:03+00:00 throttle   STL-27   triage deferred; 3 light in flight
2026-09-10T04:13:03+00:00 throttle   STL-30   triage deferred; 3 light in flight
2026-09-10T04:15:13+00:00 start      STL-21   spec
2026-09-10T04:37:13+00:00 fail       STL-21   spec rc=1: dispatched ff405c38-d9f4-4665-a672-1217a8a910b0; waiting… | forge: spec agent produced no .forge/STL-21.spec.md — see `paseo logs ff405c38-d9f4-4665-a672-1217a8a910b0`
2026-09-10T04:37:14+00:00 start      STL-22   spec
2026-09-10T04:38:54+00:00 fail       STL-22   spec rc=1: dispatched b82ff5e7-6d97-4c7c-83f2-475cc291a63b; waiting… | forge: spec agent produced no .forge/STL-22.spec.md — see `paseo logs b82ff5e7-6d97-4c7c-83f2-475cc291a63b`
2026-09-10T04:38:55+00:00 throttle   STL-23   triage deferred; 3 light in flight
2026-09-10T04:38:55+00:00 throttle   STL-24   triage deferred; 3 light in flight
2026-09-10T04:38:55+00:00 throttle   STL-25   triage deferred; 3 light in flight
2026-09-10T04:38:55+00:00 throttle   STL-26   triage deferred; 3 light in flight
2026-09-10T04:38:55+00:00 throttle   STL-27   triage deferred; 3 light in flight
2026-09-10T04:38:55+00:00 throttle   STL-30   triage deferred; 3 light in flight
2026-09-10T04:41:05+00:00 start      STL-21   spec
2026-09-10T05:11:39+00:00 fail       STL-21   spec rc=1: dispatched ecb73232-e16f-409a-9258-c4304a89d1ea; waiting… | forge: agent ecb73232-e16f-409a-9258-c4304a89d1ea did not go idle within 1800s — `paseo logs ecb73232-e16f-409a-9258-c4304a89d1ea | tail`
2026-09-10T05:11:40+00:00 start      STL-22   spec
2026-09-10T05:24:43+00:00 ok         STL-22   spec: dispatched 8839ce01-cace-4782-a599-909db6f95182; waiting… | STL-22 spec → pass
2026-09-10T05:24:45+00:00 throttle   STL-23   triage deferred; 3 light in flight
2026-09-10T05:24:45+00:00 throttle   STL-24   triage deferred; 3 light in flight
2026-09-10T05:24:45+00:00 throttle   STL-25   triage deferred; 3 light in flight
2026-09-10T05:24:45+00:00 throttle   STL-26   triage deferred; 3 light in flight
2026-09-10T05:24:45+00:00 throttle   STL-27   triage deferred; 3 light in flight
2026-09-10T05:24:45+00:00 throttle   STL-30   triage deferred; 3 light in flight
2026-09-10T05:26:54+00:00 start      STL-23   triage
2026-09-10T05:29:33+00:00 ok         STL-23   triage: dispatched 00b4d982-8ecd-4a8e-b241-f54a10c2d363; waiting… | STL-23 triage → ACCEPT
2026-09-10T05:29:34+00:00 throttle   STL-24   triage deferred; 3 light in flight
2026-09-10T05:29:34+00:00 throttle   STL-25   triage deferred; 3 light in flight
2026-09-10T05:29:34+00:00 throttle   STL-26   triage deferred; 3 light in flight
2026-09-10T05:29:34+00:00 throttle   STL-27   triage deferred; 3 light in flight
2026-09-10T05:29:34+00:00 throttle   STL-30   triage deferred; 3 light in flight
2026-09-10T05:31:44+00:00 start      STL-23   spec
2026-09-10T05:46:01+00:00 ok         STL-23   spec: dispatched 892c5814-ab87-4645-9587-0ad1ad537b6e; waiting… | STL-23 spec → pass
2026-09-10T05:46:03+00:00 throttle   STL-24   triage deferred; 3 light in flight
2026-09-10T05:46:03+00:00 throttle   STL-25   triage deferred; 3 light in flight
2026-09-10T05:46:03+00:00 throttle   STL-26   triage deferred; 3 light in flight
2026-09-10T05:46:03+00:00 throttle   STL-27   triage deferred; 3 light in flight
2026-09-10T05:46:03+00:00 throttle   STL-30   triage deferred; 3 light in flight
2026-09-10T05:48:14+00:00 start      STL-24   triage
2026-09-10T05:50:54+00:00 ok         STL-24   triage: dispatched a8eaf9a8-37e1-4ade-b86d-9366d1fa8bf8; waiting… | STL-24 triage → ACCEPT
2026-09-10T05:50:55+00:00 throttle   STL-25   triage deferred; 3 light in flight
2026-09-10T05:50:55+00:00 throttle   STL-26   triage deferred; 3 light in flight
2026-09-10T05:50:55+00:00 throttle   STL-27   triage deferred; 3 light in flight
2026-09-10T05:50:55+00:00 throttle   STL-30   triage deferred; 3 light in flight
2026-09-10T05:53:05+00:00 start      STL-24   spec
2026-09-10T06:23:31+00:00 fail       STL-24   spec rc=1: dispatched 9eb08b7c-daf0-488b-b517-ede25665f07c; waiting… | forge: agent 9eb08b7c-daf0-488b-b517-ede25665f07c did not go idle within 1800s — `paseo logs 9eb08b7c-daf0-488b-b517-ede25665f07c | tail`
2026-09-10T06:23:32+00:00 throttle   STL-25   triage deferred; 3 light in flight
2026-09-10T06:23:32+00:00 throttle   STL-26   triage deferred; 3 light in flight
2026-09-10T06:23:32+00:00 throttle   STL-27   triage deferred; 3 light in flight
2026-09-10T06:23:32+00:00 throttle   STL-30   triage deferred; 3 light in flight
2026-09-10T06:25:32+00:00 paused     -        driver.pause present
2026-09-10T06:27:32+00:00 paused     -        driver.pause present
2026-09-10T06:29:32+00:00 paused     -        driver.pause present
2026-09-10T06:31:32+00:00 paused     -        driver.pause present
2026-09-10T06:33:32+00:00 paused     -        driver.pause present
2026-09-10T06:35:32+00:00 paused     -        driver.pause present
2026-09-10T06:37:32+00:00 paused     -        driver.pause present
2026-09-10T06:39:32+00:00 paused     -        driver.pause present
2026-09-10T06:41:32+00:00 paused     -        driver.pause present
2026-09-10T06:43:32+00:00 paused     -        driver.pause present
2026-09-10T06:45:32+00:00 paused     -        driver.pause present
2026-09-10T06:47:32+00:00 paused     -        driver.pause present
2026-09-10T06:49:32+00:00 paused     -        driver.pause present
2026-09-10T06:51:32+00:00 paused     -        driver.pause present
2026-09-10T06:53:32+00:00 paused     -        driver.pause present
2026-09-10T06:55:32+00:00 paused     -        driver.pause present
2026-09-10T06:57:32+00:00 paused     -        driver.pause present
2026-09-10T06:59:32+00:00 paused     -        driver.pause present
2026-09-10T07:01:32+00:00 paused     -        driver.pause present
2026-09-10T07:03:32+00:00 paused     -        driver.pause present
2026-09-10T07:05:32+00:00 paused     -        driver.pause present
2026-09-10T07:07:32+00:00 paused     -        driver.pause present
2026-09-10T07:09:32+00:00 paused     -        driver.pause present
2026-09-10T07:11:32+00:00 paused     -        driver.pause present
2026-09-10T07:13:32+00:00 paused     -        driver.pause present
2026-09-10T07:15:32+00:00 paused     -        driver.pause present
2026-09-10T07:17:32+00:00 paused     -        driver.pause present
2026-09-10T07:19:32+00:00 paused     -        driver.pause present
2026-09-10T07:21:32+00:00 paused     -        driver.pause present
2026-09-10T07:23:32+00:00 paused     -        driver.pause present
2026-09-10T07:25:32+00:00 paused     -        driver.pause present
2026-09-10T07:27:32+00:00 paused     -        driver.pause present
2026-09-10T07:29:32+00:00 paused     -        driver.pause present
2026-09-10T07:31:32+00:00 paused     -        driver.pause present
2026-09-10T07:33:32+00:00 paused     -        driver.pause present
2026-09-10T07:35:32+00:00 paused     -        driver.pause present
2026-09-10T07:37:32+00:00 paused     -        driver.pause present
2026-09-10T07:39:32+00:00 paused     -        driver.pause present
2026-09-10T07:41:32+00:00 paused     -        driver.pause present
2026-09-10T07:43:32+00:00 paused     -        driver.pause present
2026-09-10T07:45:32+00:00 paused     -        driver.pause present
2026-09-10T07:47:32+00:00 paused     -        driver.pause present
2026-09-10T07:49:32+00:00 paused     -        driver.pause present
2026-09-10T07:51:32+00:00 paused     -        driver.pause present
2026-09-10T07:53:32+00:00 paused     -        driver.pause present
2026-09-10T07:55:32+00:00 paused     -        driver.pause present
2026-09-10T07:57:32+00:00 paused     -        driver.pause present
2026-09-10T07:59:32+00:00 paused     -        driver.pause present
2026-09-10T08:01:32+00:00 paused     -        driver.pause present
2026-09-10T08:03:32+00:00 paused     -        driver.pause present
2026-09-10T08:05:32+00:00 paused     -        driver.pause present
2026-09-10T08:07:32+00:00 paused     -        driver.pause present
2026-09-10T08:09:32+00:00 paused     -        driver.pause present
2026-09-10T08:11:32+00:00 paused     -        driver.pause present
2026-09-10T08:13:32+00:00 paused     -        driver.pause present
2026-09-10T08:15:32+00:00 paused     -        driver.pause present
2026-09-10T08:17:32+00:00 paused     -        driver.pause present
2026-09-10T08:19:32+00:00 paused     -        driver.pause present
2026-09-10T08:21:32+00:00 paused     -        driver.pause present
2026-09-10T08:23:32+00:00 paused     -        driver.pause present
2026-09-10T08:25:32+00:00 paused     -        driver.pause present
2026-09-10T08:27:32+00:00 paused     -        driver.pause present
2026-09-10T08:29:32+00:00 paused     -        driver.pause present
2026-09-10T08:31:32+00:00 paused     -        driver.pause present
2026-09-10T08:33:32+00:00 paused     -        driver.pause present
2026-09-10T08:35:32+00:00 paused     -        driver.pause present
2026-09-10T08:37:32+00:00 paused     -        driver.pause present
2026-09-10T08:39:32+00:00 paused     -        driver.pause present
2026-09-10T08:41:32+00:00 paused     -        driver.pause present
2026-09-10T08:43:32+00:00 paused     -        driver.pause present
2026-09-10T08:45:32+00:00 paused     -        driver.pause present
2026-09-10T08:47:32+00:00 paused     -        driver.pause present
2026-09-10T08:49:32+00:00 paused     -        driver.pause present
2026-09-10T08:51:32+00:00 paused     -        driver.pause present
2026-09-10T08:53:32+00:00 paused     -        driver.pause present
2026-09-10T08:55:32+00:00 paused     -        driver.pause present
2026-09-10T08:57:32+00:00 paused     -        driver.pause present
2026-09-10T08:59:32+00:00 paused     -        driver.pause present
2026-09-10T09:01:32+00:00 paused     -        driver.pause present
2026-09-10T09:03:32+00:00 paused     -        driver.pause present
2026-09-10T09:05:32+00:00 paused     -        driver.pause present
2026-09-10T09:07:32+00:00 paused     -        driver.pause present
2026-09-10T09:09:32+00:00 paused     -        driver.pause present
2026-09-10T09:11:32+00:00 paused     -        driver.pause present
2026-09-10T09:13:32+00:00 paused     -        driver.pause present
2026-09-10T09:15:32+00:00 paused     -        driver.pause present
2026-09-10T09:17:32+00:00 paused     -        driver.pause present
2026-09-10T09:19:32+00:00 paused     -        driver.pause present
2026-09-10T09:21:32+00:00 paused     -        driver.pause present
2026-09-10T09:23:32+00:00 paused     -        driver.pause present
2026-09-10T09:25:32+00:00 paused     -        driver.pause present
2026-09-10T09:27:32+00:00 paused     -        driver.pause present
2026-09-10T09:29:32+00:00 paused     -        driver.pause present
2026-09-10T09:31:32+00:00 paused     -        driver.pause present
2026-09-10T09:33:32+00:00 paused     -        driver.pause present
2026-09-10T09:35:32+00:00 paused     -        driver.pause present
2026-09-10T09:37:32+00:00 paused     -        driver.pause present
2026-09-10T09:39:32+00:00 paused     -        driver.pause present
2026-09-10T09:41:32+00:00 paused     -        driver.pause present
2026-09-10T09:43:32+00:00 paused     -        driver.pause present
2026-09-10T09:45:32+00:00 paused     -        driver.pause present
2026-09-10T09:47:32+00:00 paused     -        driver.pause present
2026-09-10T09:49:32+00:00 paused     -        driver.pause present
2026-09-10T09:51:32+00:00 paused     -        driver.pause present
2026-09-10T09:53:32+00:00 paused     -        driver.pause present
2026-09-10T09:55:32+00:00 paused     -        driver.pause present
2026-09-10T09:57:13+00:00 boot       -        repo=/home/rpw/repos/stellarc-dev tick=120s parallel=3
2026-09-10T09:57:23+00:00 start      STL-14   implement
2026-09-10T09:59:14+00:00 fail       STL-14   implement rc=1: dispatched 1da984c9-7a86-4bc1-aff4-ee54183c5914 on forge/stl-14-c4 (hermes:accept_edits/ocg/deepseek-v4-pro); waiting up to 10800s… | forge: implementer 1da984c9-7a86-4bc1-aff4-ee54183c5914 pushed nothing to forge/stl-14-c4 — cycle wasted
2026-09-10T09:59:15+00:00 throttle   STL-25   triage deferred; 3 light in flight
2026-09-10T09:59:15+00:00 throttle   STL-26   triage deferred; 3 light in flight
2026-09-10T09:59:15+00:00 throttle   STL-27   triage deferred; 3 light in flight
2026-09-10T09:59:15+00:00 throttle   STL-30   triage deferred; 3 light in flight
2026-09-10T10:01:25+00:00 start      STL-14   implement
2026-09-10T10:09:09+00:00 fail       STL-14   implement rc=1: dispatched 1a9d7222-710c-4105-a8c0-588288107b5e on forge/stl-14-c4 (hermes:accept_edits/glm/glm-5.3); waiting up to 10800s… | forge: implementer 1a9d7222-710c-4105-a8c0-588288107b5e pushed nothing to forge/stl-14-c4 — cycle wasted
2026-09-10T10:09:09+00:00 escalate   STL-14   implement — human needed; delete .forge/STL-14.escalation to resume
2026-09-10T10:09:12+00:00 throttle   STL-25   triage deferred; 3 light in flight
2026-09-10T10:09:12+00:00 throttle   STL-26   triage deferred; 3 light in flight
2026-09-10T10:09:12+00:00 throttle   STL-27   triage deferred; 3 light in flight
2026-09-10T10:09:12+00:00 throttle   STL-30   triage deferred; 3 light in flight
2026-09-10T10:11:22+00:00 throttle   STL-25   triage deferred; 3 light in flight
2026-09-10T10:11:22+00:00 throttle   STL-26   triage deferred; 3 light in flight
2026-09-10T10:11:22+00:00 throttle   STL-27   triage deferred; 3 light in flight
2026-09-10T10:11:22+00:00 throttle   STL-30   triage deferred; 3 light in flight
2026-09-10T10:13:32+00:00 throttle   STL-25   triage deferred; 3 light in flight
2026-09-10T10:13:32+00:00 throttle   STL-26   triage deferred; 3 light in flight
2026-09-10T10:13:32+00:00 throttle   STL-27   triage deferred; 3 light in flight
2026-09-10T10:13:32+00:00 throttle   STL-30   triage deferred; 3 light in flight
2026-09-10T10:14:46+00:00 boot       -        repo=/home/rpw/repos/stellarc-dev tick=120s parallel=3
2026-09-10T10:14:56+00:00 throttle   STL-25   triage deferred; 3 light in flight
2026-09-10T10:14:56+00:00 throttle   STL-26   triage deferred; 3 light in flight
2026-09-10T10:14:56+00:00 throttle   STL-27   triage deferred; 3 light in flight
2026-09-10T10:14:56+00:00 throttle   STL-30   triage deferred; 3 light in flight
2026-09-10T10:17:05+00:00 throttle   STL-25   triage deferred; 3 light in flight
2026-09-10T10:17:05+00:00 throttle   STL-26   triage deferred; 3 light in flight
2026-09-10T10:17:05+00:00 throttle   STL-27   triage deferred; 3 light in flight
2026-09-10T10:17:05+00:00 throttle   STL-30   triage deferred; 3 light in flight
2026-09-10T10:19:16+00:00 throttle   STL-25   triage deferred; 3 light in flight
2026-09-10T10:19:16+00:00 throttle   STL-26   triage deferred; 3 light in flight
2026-09-10T10:19:16+00:00 throttle   STL-27   triage deferred; 3 light in flight
2026-09-10T10:19:16+00:00 throttle   STL-30   triage deferred; 3 light in flight
2026-09-10T10:21:26+00:00 throttle   STL-25   triage deferred; 3 light in flight
2026-09-10T10:21:26+00:00 throttle   STL-26   triage deferred; 3 light in flight
2026-09-10T10:21:26+00:00 throttle   STL-27   triage deferred; 3 light in flight
2026-09-10T10:21:26+00:00 throttle   STL-30   triage deferred; 3 light in flight
2026-09-10T10:23:36+00:00 throttle   STL-25   triage deferred; 3 light in flight
2026-09-10T10:23:36+00:00 throttle   STL-26   triage deferred; 3 light in flight
2026-09-10T10:23:36+00:00 throttle   STL-27   triage deferred; 3 light in flight
2026-09-10T10:23:36+00:00 throttle   STL-30   triage deferred; 3 light in flight
2026-09-10T10:24:16+00:00 boot       -        repo=/home/rpw/repos/stellarc-dev tick=120s parallel=3
2026-09-10T10:24:26+00:00 start      STL-14   implement
2026-09-10T10:24:27+00:00 fail       STL-14   implement rc=1:     s = load_state(t); s["stages"].append({"stage": stage, "status": "note", "at": now_iso(), "note": f"preflight skip {spec}: {why[:140]}"}); save_state(t, s) |                                                                                    ^^^^^^^ | NameError: name 'now_iso' is not defined
2026-09-10T10:24:28+00:00 throttle   STL-25   triage deferred; 3 light in flight
2026-09-10T10:24:28+00:00 throttle   STL-26   triage deferred; 3 light in flight
2026-09-10T10:24:28+00:00 throttle   STL-27   triage deferred; 3 light in flight
2026-09-10T10:24:28+00:00 throttle   STL-30   triage deferred; 3 light in flight
2026-09-10T10:24:44+00:00 boot       -        repo=/home/rpw/repos/stellarc-dev tick=120s parallel=3
2026-09-10T10:24:54+00:00 start      STL-14   implement
2026-09-10T10:27:39+00:00 boot       -        repo=/home/rpw/repos/stellarc-dev tick=120s parallel=3
2026-09-10T10:27:49+00:00 start      STL-14   implement
2026-09-10T12:25:12+00:00 fail       STL-14   implement rc=1:   File "/usr/lib/python3.11/subprocess.py", line 1901, in _execute_child |     raise child_exception_type(errno_num, err_msg, err_filename) | FileNotFoundError: [Errno 2] No such file or directory: '/home/rpw/.local/node/bin/paseo'
2026-09-10T12:25:13+00:00 throttle   STL-25   triage deferred; 3 light in flight
2026-09-10T12:25:13+00:00 throttle   STL-26   triage deferred; 3 light in flight
2026-09-10T12:25:13+00:00 throttle   STL-27   triage deferred; 3 light in flight
2026-09-10T12:25:13+00:00 throttle   STL-30   triage deferred; 3 light in flight
2026-09-10T12:27:24+00:00 start      STL-16   spec
2026-09-10T12:46:33+00:00 ok         STL-16   spec: dispatched d627bf2f-a95d-47c8-83a2-31e8014153ee; waiting… | STL-16 spec → pass
2026-09-10T12:46:35+00:00 start      STL-24   spec
2026-09-10T12:46:38+00:00 fail       STL-24   spec rc=1: forge: spec STL-24: skipping hermes:accept_edits/glm/glm-5.3-flash — preflight failed: HTTP 503: {"error":{"message":"[glm/glm-5.3-flash] [429]: {\"error\":{\"code\":\"1302\",\"message\":\"Rate limit reached for requests\"}} (reset after 4s)"}} | forge: spec STL-24: skipping hermes:accept_edits/glm/glm-5.3 — preflight failed: HTTP 503: {"error":{"message":"[glm/glm-5.3] [429]: {\"error\":{\"code\":\"1302\",\"message\":\"Rate limit reached for requests\"}} (reset after 4s)"}} | forge: spec STL-24: no model available
2026-09-10T12:46:39+00:00 throttle   STL-25   triage deferred; 3 light in flight
2026-09-10T12:46:39+00:00 throttle   STL-26   triage deferred; 3 light in flight
2026-09-10T12:46:39+00:00 throttle   STL-27   triage deferred; 3 light in flight
2026-09-10T12:46:39+00:00 throttle   STL-30   triage deferred; 3 light in flight
2026-09-10T12:48:52+00:00 start      STL-24   spec
2026-09-10T12:54:58+00:00 boot       -        repo=/home/rpw/repos/stellarc-dev tick=120s parallel=3
2026-09-10T12:55:16+00:00 start      STL-14   implement
2026-09-10T12:55:18+00:00 fail       STL-14   implement rc=1: forge: implement STL-14: skipping hermes:accept_edits/glm/glm-5.3 — preflight failed: HTTP 503: {"error":{"message":"[glm/glm-5.3] [429]: {\"error\":{\"code\":\"1302\",\"message\":\"Rate limit reached for requests\"}} (reset after 4s)"}} | forge: implement STL-14: skipping hermes:accept_edits/glm/glm-5.3-flash — preflight failed: HTTP 503: {"error":{"message":"[glm/glm-5.3-flash] [429]: {\"error\":{\"code\":\"1302\",\"message\":\"Rate limit reached for requests\"}} (reset after 4s)"}} | forge: implement STL-14: no model available (all preflights failed)
2026-09-10T12:55:19+00:00 start      STL-25   triage
2026-09-10T12:55:23+00:00 fail       STL-25   triage rc=1: forge: triage STL-25: skipping hermes:accept_edits/glm/glm-5.3-flash — preflight failed: HTTP 503: {"error":{"message":"[glm/glm-5.3-flash] [429]: {\"error\":{\"code\":\"1302\",\"message\":\"Rate limit reached for requests\"}} (reset after 4s)"}} | forge: triage STL-25: skipping hermes:accept_edits/glm/glm-5.3 — preflight failed: HTTP 503: {"error":{"message":"[glm/glm-5.3] [429]: {\"error\":{\"code\":\"1302\",\"message\":\"Rate limit reached for requests\"}} (reset after 3s)"}} | forge: triage STL-25: no model available
2026-09-10T12:58:02+00:00 start      STL-14   implement
2026-09-10T12:58:43+00:00 boot       -        repo=/home/rpw/repos/stellarc-dev tick=120s parallel=3
2026-09-10T12:59:02+00:00 start      STL-26   triage
2026-09-10T13:04:26+00:00 ok         STL-26   triage: dispatched 40f2d6b0-357e-496b-a6c6-120c017feec9; waiting… | STL-26 triage → ACCEPT
2026-09-10T13:04:26+00:00 throttle   STL-27   triage deferred; 3 light in flight
2026-09-10T13:04:26+00:00 throttle   STL-30   triage deferred; 3 light in flight
2026-09-10T13:07:06+00:00 start      STL-26   spec
2026-09-10T13:23:51+00:00 ok         STL-26   spec: dispatched f75c1913-c6bc-46fb-b770-3260b6381db4; waiting… | STL-26 spec → pass
2026-09-10T13:23:53+00:00 throttle   STL-27   triage deferred; 3 light in flight
2026-09-10T13:23:53+00:00 throttle   STL-30   triage deferred; 3 light in flight
2026-09-10T13:26:17+00:00 start      STL-27   triage
2026-09-10T13:29:39+00:00 ok         STL-27   triage: dispatched 38a790e8-c567-4c86-b734-c315434cbfe7; waiting… | STL-27 triage → ACCEPT
2026-09-10T13:29:40+00:00 throttle   STL-30   triage deferred; 3 light in flight
2026-09-10T13:32:18+00:00 start      STL-27   spec
2026-09-10T13:55:48+00:00 fail       STL-27   spec rc=1: dispatched d80da31a-1dcd-4f06-8223-241f5dc3276a; waiting… | forge: command failed (1): gh issue edit 27 --remove-label forge:spec -R NevrLabs/stellarc | Post "https://api.github.com/graphql": dial tcp 20.205.243.168:443: i/o timeout
2026-09-10T13:56:05+00:00 throttle   STL-30   triage deferred; 3 light in flight
2026-09-10T13:58:33+00:00 start      STL-30   triage
2026-09-10T14:02:50+00:00 fail       STL-30   triage rc=1: dispatched 86eb93f1-1097-4e48-bc85-5b537bbfb9f1; waiting… | forge: command failed (1): gh issue edit 30 --remove-label forge:rework -R NevrLabs/stellarc | Post "https://api.github.com/graphql": dial tcp 20.205.243.168:443: i/o timeout
2026-09-10T14:06:19+00:00 start      STL-30   spec
2026-09-10T14:29:16+00:00 fail       STL-30   spec rc=1: dispatched 7f28dde1-261e-4af9-9f17-b5fbb3c70291; waiting… | forge: command failed (1): gh issue edit 30 --remove-label forge:blocked -R NevrLabs/stellarc | Post "https://api.github.com/graphql": dial tcp 20.205.243.168:443: i/o timeout
2026-09-10T14:32:01+00:00 idle       -        0/15 merged; nothing runnable (waiting on agents, blockers, or escalations)
2026-09-10T14:34:23+00:00 idle       -        0/15 merged; nothing runnable (waiting on agents, blockers, or escalations)
2026-09-10T14:37:23+00:00 idle       -        0/15 merged; nothing runnable (waiting on agents, blockers, or escalations)
2026-09-10T14:39:43+00:00 idle       -        0/15 merged; nothing runnable (waiting on agents, blockers, or escalations)
2026-09-10T14:42:01+00:00 idle       -        0/15 merged; nothing runnable (waiting on agents, blockers, or escalations)
2026-09-10T14:44:18+00:00 idle       -        0/15 merged; nothing runnable (waiting on agents, blockers, or escalations)
2026-09-10T14:47:07+00:00 idle       -        0/15 merged; nothing runnable (waiting on agents, blockers, or escalations)
2026-09-10T14:49:29+00:00 idle       -        0/15 merged; nothing runnable (waiting on agents, blockers, or escalations)
2026-09-10T14:51:43+00:00 idle       -        0/15 merged; nothing runnable (waiting on agents, blockers, or escalations)
2026-09-10T14:53:55+00:00 idle       -        0/15 merged; nothing runnable (waiting on agents, blockers, or escalations)
2026-09-10T14:56:04+00:00 idle       -        0/15 merged; nothing runnable (waiting on agents, blockers, or escalations)
2026-09-10T14:58:15+00:00 idle       -        0/15 merged; nothing runnable (waiting on agents, blockers, or escalations)
2026-09-10T15:00:25+00:00 idle       -        0/15 merged; nothing runnable (waiting on agents, blockers, or escalations)
2026-09-10T15:02:37+00:00 idle       -        0/15 merged; nothing runnable (waiting on agents, blockers, or escalations)
2026-09-10T15:04:47+00:00 idle       -        0/15 merged; nothing runnable (waiting on agents, blockers, or escalations)
2026-09-10T15:06:57+00:00 idle       -        0/15 merged; nothing runnable (waiting on agents, blockers, or escalations)
2026-09-10T15:09:08+00:00 idle       -        0/15 merged; nothing runnable (waiting on agents, blockers, or escalations)
2026-09-10T15:11:18+00:00 idle       -        0/15 merged; nothing runnable (waiting on agents, blockers, or escalations)
2026-09-10T15:13:28+00:00 idle       -        0/15 merged; nothing runnable (waiting on agents, blockers, or escalations)
2026-09-10T15:15:38+00:00 idle       -        0/15 merged; nothing runnable (waiting on agents, blockers, or escalations)
2026-09-10T15:17:48+00:00 idle       -        0/15 merged; nothing runnable (waiting on agents, blockers, or escalations)
2026-09-10T15:19:59+00:00 idle       -        0/15 merged; nothing runnable (waiting on agents, blockers, or escalations)
2026-09-10T15:22:11+00:00 idle       -        0/15 merged; nothing runnable (waiting on agents, blockers, or escalations)
2026-09-10T15:24:22+00:00 idle       -        0/15 merged; nothing runnable (waiting on agents, blockers, or escalations)
2026-09-10T15:26:32+00:00 idle       -        0/15 merged; nothing runnable (waiting on agents, blockers, or escalations)
2026-09-10T15:28:43+00:00 idle       -        0/15 merged; nothing runnable (waiting on agents, blockers, or escalations)
2026-09-10T15:30:54+00:00 idle       -        0/15 merged; nothing runnable (waiting on agents, blockers, or escalations)
2026-09-10T15:33:05+00:00 idle       -        0/15 merged; nothing runnable (waiting on agents, blockers, or escalations)
2026-09-10T15:35:16+00:00 idle       -        0/15 merged; nothing runnable (waiting on agents, blockers, or escalations)
2026-09-10T15:37:26+00:00 idle       -        0/15 merged; nothing runnable (waiting on agents, blockers, or escalations)
2026-09-10T15:39:36+00:00 idle       -        0/15 merged; nothing runnable (waiting on agents, blockers, or escalations)
2026-09-10T15:41:46+00:00 idle       -        0/15 merged; nothing runnable (waiting on agents, blockers, or escalations)
2026-09-10T15:43:57+00:00 idle       -        0/15 merged; nothing runnable (waiting on agents, blockers, or escalations)
2026-09-10T15:46:07+00:00 idle       -        0/15 merged; nothing runnable (waiting on agents, blockers, or escalations)
2026-09-10T15:48:17+00:00 idle       -        0/15 merged; nothing runnable (waiting on agents, blockers, or escalations)
2026-09-10T15:50:28+00:00 idle       -        0/15 merged; nothing runnable (waiting on agents, blockers, or escalations)
2026-09-10T15:52:38+00:00 idle       -        0/15 merged; nothing runnable (waiting on agents, blockers, or escalations)
2026-09-10T15:54:47+00:00 idle       -        0/15 merged; nothing runnable (waiting on agents, blockers, or escalations)
2026-09-10T15:56:57+00:00 idle       -        0/15 merged; nothing runnable (waiting on agents, blockers, or escalations)
2026-09-10T15:59:08+00:00 idle       -        0/15 merged; nothing runnable (waiting on agents, blockers, or escalations)
2026-09-10T16:01:18+00:00 idle       -        0/15 merged; nothing runnable (waiting on agents, blockers, or escalations)
2026-09-10T16:03:28+00:00 idle       -        0/15 merged; nothing runnable (waiting on agents, blockers, or escalations)
2026-09-10T16:05:38+00:00 idle       -        0/15 merged; nothing runnable (waiting on agents, blockers, or escalations)
2026-09-10T16:07:49+00:00 idle       -        0/15 merged; nothing runnable (waiting on agents, blockers, or escalations)
2026-09-10T16:10:00+00:00 idle       -        0/15 merged; nothing runnable (waiting on agents, blockers, or escalations)
2026-09-10T16:12:10+00:00 idle       -        0/15 merged; nothing runnable (waiting on agents, blockers, or escalations)
2026-09-10T16:14:20+00:00 idle       -        0/15 merged; nothing runnable (waiting on agents, blockers, or escalations)
2026-09-10T16:16:32+00:00 idle       -        0/15 merged; nothing runnable (waiting on agents, blockers, or escalations)
2026-09-10T16:18:42+00:00 idle       -        0/15 merged; nothing runnable (waiting on agents, blockers, or escalations)
2026-09-10T16:20:53+00:00 idle       -        0/15 merged; nothing runnable (waiting on agents, blockers, or escalations)
2026-09-10T16:23:04+00:00 idle       -        0/15 merged; nothing runnable (waiting on agents, blockers, or escalations)
2026-09-10T16:25:14+00:00 idle       -        0/15 merged; nothing runnable (waiting on agents, blockers, or escalations)
2026-09-10T16:27:24+00:00 idle       -        0/15 merged; nothing runnable (waiting on agents, blockers, or escalations)
2026-09-10T16:29:36+00:00 idle       -        0/15 merged; nothing runnable (waiting on agents, blockers, or escalations)
2026-09-10T16:31:47+00:00 idle       -        0/15 merged; nothing runnable (waiting on agents, blockers, or escalations)
2026-09-10T16:33:58+00:00 idle       -        0/15 merged; nothing runnable (waiting on agents, blockers, or escalations)
2026-09-10T16:36:10+00:00 idle       -        0/15 merged; nothing runnable (waiting on agents, blockers, or escalations)
2026-09-10T16:38:20+00:00 idle       -        0/15 merged; nothing runnable (waiting on agents, blockers, or escalations)
2026-09-10T16:40:31+00:00 idle       -        0/15 merged; nothing runnable (waiting on agents, blockers, or escalations)
2026-09-10T16:42:41+00:00 idle       -        0/15 merged; nothing runnable (waiting on agents, blockers, or escalations)
2026-09-10T16:44:52+00:00 idle       -        0/15 merged; nothing runnable (waiting on agents, blockers, or escalations)
2026-09-10T16:47:03+00:00 idle       -        0/15 merged; nothing runnable (waiting on agents, blockers, or escalations)
2026-09-10T16:49:13+00:00 idle       -        0/15 merged; nothing runnable (waiting on agents, blockers, or escalations)
2026-09-10T16:51:22+00:00 idle       -        0/15 merged; nothing runnable (waiting on agents, blockers, or escalations)
2026-09-10T16:53:33+00:00 idle       -        0/15 merged; nothing runnable (waiting on agents, blockers, or escalations)
2026-09-10T16:55:44+00:00 idle       -        0/15 merged; nothing runnable (waiting on agents, blockers, or escalations)
2026-09-10T16:57:54+00:00 idle       -        0/15 merged; nothing runnable (waiting on agents, blockers, or escalations)
2026-09-10T17:00:04+00:00 idle       -        0/15 merged; nothing runnable (waiting on agents, blockers, or escalations)
2026-09-10T17:02:15+00:00 idle       -        0/15 merged; nothing runnable (waiting on agents, blockers, or escalations)
2026-09-10T17:04:25+00:00 idle       -        0/15 merged; nothing runnable (waiting on agents, blockers, or escalations)
2026-09-10T17:06:36+00:00 idle       -        0/15 merged; nothing runnable (waiting on agents, blockers, or escalations)
2026-09-10T17:08:46+00:00 idle       -        0/15 merged; nothing runnable (waiting on agents, blockers, or escalations)
2026-09-10T17:10:56+00:00 idle       -        0/15 merged; nothing runnable (waiting on agents, blockers, or escalations)
2026-09-10T17:13:06+00:00 idle       -        0/15 merged; nothing runnable (waiting on agents, blockers, or escalations)
2026-09-10T17:15:17+00:00 idle       -        0/15 merged; nothing runnable (waiting on agents, blockers, or escalations)
2026-09-10T17:17:27+00:00 idle       -        0/15 merged; nothing runnable (waiting on agents, blockers, or escalations)
2026-09-10T17:19:39+00:00 idle       -        0/15 merged; nothing runnable (waiting on agents, blockers, or escalations)
2026-09-10T17:21:48+00:00 idle       -        0/15 merged; nothing runnable (waiting on agents, blockers, or escalations)
2026-09-10T17:23:59+00:00 idle       -        0/15 merged; nothing runnable (waiting on agents, blockers, or escalations)
2026-09-10T17:26:10+00:00 idle       -        0/15 merged; nothing runnable (waiting on agents, blockers, or escalations)
2026-09-10T17:28:21+00:00 idle       -        0/15 merged; nothing runnable (waiting on agents, blockers, or escalations)
2026-09-10T17:30:31+00:00 idle       -        0/15 merged; nothing runnable (waiting on agents, blockers, or escalations)
2026-09-10T17:32:42+00:00 idle       -        0/15 merged; nothing runnable (waiting on agents, blockers, or escalations)
2026-09-10T17:34:53+00:00 idle       -        0/15 merged; nothing runnable (waiting on agents, blockers, or escalations)
2026-09-10T17:37:04+00:00 idle       -        0/15 merged; nothing runnable (waiting on agents, blockers, or escalations)
2026-09-10T17:39:14+00:00 idle       -        0/15 merged; nothing runnable (waiting on agents, blockers, or escalations)
2026-09-10T17:41:24+00:00 idle       -        0/15 merged; nothing runnable (waiting on agents, blockers, or escalations)
2026-09-10T17:43:34+00:00 idle       -        0/15 merged; nothing runnable (waiting on agents, blockers, or escalations)
2026-09-10T17:45:44+00:00 idle       -        0/15 merged; nothing runnable (waiting on agents, blockers, or escalations)
2026-09-10T17:47:54+00:00 idle       -        0/15 merged; nothing runnable (waiting on agents, blockers, or escalations)
2026-09-10T17:50:04+00:00 idle       -        0/15 merged; nothing runnable (waiting on agents, blockers, or escalations)
2026-09-10T17:52:15+00:00 idle       -        0/15 merged; nothing runnable (waiting on agents, blockers, or escalations)
2026-09-10T17:54:26+00:00 idle       -        0/15 merged; nothing runnable (waiting on agents, blockers, or escalations)
2026-09-10T17:56:36+00:00 idle       -        0/15 merged; nothing runnable (waiting on agents, blockers, or escalations)
2026-09-10T17:58:46+00:00 idle       -        0/15 merged; nothing runnable (waiting on agents, blockers, or escalations)
2026-09-10T18:00:56+00:00 idle       -        0/15 merged; nothing runnable (waiting on agents, blockers, or escalations)
2026-09-10T18:03:07+00:00 idle       -        0/15 merged; nothing runnable (waiting on agents, blockers, or escalations)
2026-09-10T18:05:18+00:00 idle       -        0/15 merged; nothing runnable (waiting on agents, blockers, or escalations)
2026-09-10T18:07:29+00:00 idle       -        0/15 merged; nothing runnable (waiting on agents, blockers, or escalations)
2026-09-10T18:09:39+00:00 idle       -        0/15 merged; nothing runnable (waiting on agents, blockers, or escalations)
2026-09-10T18:11:50+00:00 idle       -        0/15 merged; nothing runnable (waiting on agents, blockers, or escalations)
2026-09-10T18:14:01+00:00 idle       -        0/15 merged; nothing runnable (waiting on agents, blockers, or escalations)
2026-09-10T18:16:11+00:00 idle       -        0/15 merged; nothing runnable (waiting on agents, blockers, or escalations)
2026-09-10T18:18:21+00:00 idle       -        0/15 merged; nothing runnable (waiting on agents, blockers, or escalations)
2026-09-10T18:20:31+00:00 idle       -        0/15 merged; nothing runnable (waiting on agents, blockers, or escalations)
2026-09-10T18:22:42+00:00 idle       -        0/15 merged; nothing runnable (waiting on agents, blockers, or escalations)
2026-09-10T18:24:53+00:00 idle       -        0/15 merged; nothing runnable (waiting on agents, blockers, or escalations)
2026-09-10T18:27:04+00:00 idle       -        0/15 merged; nothing runnable (waiting on agents, blockers, or escalations)
2026-09-10T18:29:14+00:00 idle       -        0/15 merged; nothing runnable (waiting on agents, blockers, or escalations)
2026-09-10T18:31:24+00:00 idle       -        0/15 merged; nothing runnable (waiting on agents, blockers, or escalations)
2026-09-10T18:33:35+00:00 idle       -        0/15 merged; nothing runnable (waiting on agents, blockers, or escalations)
2026-09-10T18:35:46+00:00 idle       -        0/15 merged; nothing runnable (waiting on agents, blockers, or escalations)
2026-09-10T18:37:56+00:00 idle       -        0/15 merged; nothing runnable (waiting on agents, blockers, or escalations)
2026-09-10T18:40:07+00:00 idle       -        0/15 merged; nothing runnable (waiting on agents, blockers, or escalations)
2026-09-10T18:42:18+00:00 idle       -        0/15 merged; nothing runnable (waiting on agents, blockers, or escalations)
2026-09-10T18:44:29+00:00 idle       -        0/15 merged; nothing runnable (waiting on agents, blockers, or escalations)
2026-09-10T18:46:40+00:00 idle       -        0/15 merged; nothing runnable (waiting on agents, blockers, or escalations)
2026-09-10T18:48:50+00:00 idle       -        0/15 merged; nothing runnable (waiting on agents, blockers, or escalations)
2026-09-10T18:51:00+00:00 idle       -        0/15 merged; nothing runnable (waiting on agents, blockers, or escalations)
2026-09-10T18:53:09+00:00 idle       -        0/15 merged; nothing runnable (waiting on agents, blockers, or escalations)
2026-09-10T18:55:19+00:00 idle       -        0/15 merged; nothing runnable (waiting on agents, blockers, or escalations)
2026-09-10T18:57:30+00:00 idle       -        0/15 merged; nothing runnable (waiting on agents, blockers, or escalations)
2026-09-10T18:59:39+00:00 idle       -        0/15 merged; nothing runnable (waiting on agents, blockers, or escalations)
2026-09-10T19:01:50+00:00 idle       -        0/15 merged; nothing runnable (waiting on agents, blockers, or escalations)
2026-09-10T19:04:01+00:00 idle       -        0/15 merged; nothing runnable (waiting on agents, blockers, or escalations)
2026-09-10T19:06:11+00:00 idle       -        0/15 merged; nothing runnable (waiting on agents, blockers, or escalations)
2026-09-10T19:08:21+00:00 idle       -        0/15 merged; nothing runnable (waiting on agents, blockers, or escalations)
2026-09-10T19:10:31+00:00 idle       -        0/15 merged; nothing runnable (waiting on agents, blockers, or escalations)
2026-09-10T19:12:41+00:00 idle       -        0/15 merged; nothing runnable (waiting on agents, blockers, or escalations)
2026-09-10T19:14:52+00:00 idle       -        0/15 merged; nothing runnable (waiting on agents, blockers, or escalations)
2026-09-10T19:17:01+00:00 idle       -        0/15 merged; nothing runnable (waiting on agents, blockers, or escalations)
2026-09-10T19:19:12+00:00 idle       -        0/15 merged; nothing runnable (waiting on agents, blockers, or escalations)
2026-09-10T19:21:23+00:00 idle       -        0/15 merged; nothing runnable (waiting on agents, blockers, or escalations)
2026-09-10T19:23:36+00:00 idle       -        0/15 merged; nothing runnable (waiting on agents, blockers, or escalations)
2026-09-10T19:25:47+00:00 idle       -        0/15 merged; nothing runnable (waiting on agents, blockers, or escalations)
2026-09-10T19:27:58+00:00 idle       -        0/15 merged; nothing runnable (waiting on agents, blockers, or escalations)
2026-09-10T19:30:08+00:00 idle       -        0/15 merged; nothing runnable (waiting on agents, blockers, or escalations)
2026-09-10T19:32:18+00:00 idle       -        0/15 merged; nothing runnable (waiting on agents, blockers, or escalations)
2026-09-10T19:34:28+00:00 idle       -        0/15 merged; nothing runnable (waiting on agents, blockers, or escalations)
2026-09-10T19:36:39+00:00 idle       -        0/15 merged; nothing runnable (waiting on agents, blockers, or escalations)
2026-09-10T19:38:50+00:00 idle       -        0/15 merged; nothing runnable (waiting on agents, blockers, or escalations)
2026-09-10T19:41:01+00:00 idle       -        0/15 merged; nothing runnable (waiting on agents, blockers, or escalations)
2026-09-10T19:43:12+00:00 idle       -        0/15 merged; nothing runnable (waiting on agents, blockers, or escalations)
2026-09-10T19:45:22+00:00 idle       -        0/15 merged; nothing runnable (waiting on agents, blockers, or escalations)
2026-09-10T19:47:33+00:00 idle       -        0/15 merged; nothing runnable (waiting on agents, blockers, or escalations)
2026-09-10T19:49:44+00:00 idle       -        0/15 merged; nothing runnable (waiting on agents, blockers, or escalations)
2026-09-10T19:51:54+00:00 idle       -        0/15 merged; nothing runnable (waiting on agents, blockers, or escalations)
2026-09-10T19:54:04+00:00 idle       -        0/15 merged; nothing runnable (waiting on agents, blockers, or escalations)
2026-09-10T19:56:14+00:00 idle       -        0/15 merged; nothing runnable (waiting on agents, blockers, or escalations)
2026-09-10T19:58:24+00:00 idle       -        0/15 merged; nothing runnable (waiting on agents, blockers, or escalations)
2026-09-10T20:00:35+00:00 idle       -        0/15 merged; nothing runnable (waiting on agents, blockers, or escalations)
2026-09-10T20:02:45+00:00 idle       -        0/15 merged; nothing runnable (waiting on agents, blockers, or escalations)
2026-09-10T20:04:56+00:00 idle       -        0/15 merged; nothing runnable (waiting on agents, blockers, or escalations)
2026-09-10T20:07:05+00:00 idle       -        0/15 merged; nothing runnable (waiting on agents, blockers, or escalations)
2026-09-10T20:09:14+00:00 idle       -        0/15 merged; nothing runnable (waiting on agents, blockers, or escalations)
2026-09-10T20:11:24+00:00 idle       -        0/15 merged; nothing runnable (waiting on agents, blockers, or escalations)
2026-09-10T20:13:34+00:00 idle       -        0/15 merged; nothing runnable (waiting on agents, blockers, or escalations)
2026-09-10T20:15:44+00:00 idle       -        0/15 merged; nothing runnable (waiting on agents, blockers, or escalations)
2026-09-10T20:17:54+00:00 idle       -        0/15 merged; nothing runnable (waiting on agents, blockers, or escalations)
2026-09-10T20:20:05+00:00 idle       -        0/15 merged; nothing runnable (waiting on agents, blockers, or escalations)
2026-09-10T20:22:15+00:00 idle       -        0/15 merged; nothing runnable (waiting on agents, blockers, or escalations)
2026-09-10T20:24:26+00:00 idle       -        0/15 merged; nothing runnable (waiting on agents, blockers, or escalations)
2026-09-10T20:26:37+00:00 idle       -        0/15 merged; nothing runnable (waiting on agents, blockers, or escalations)
2026-09-10T20:28:47+00:00 idle       -        0/15 merged; nothing runnable (waiting on agents, blockers, or escalations)
2026-09-10T20:30:59+00:00 idle       -        0/15 merged; nothing runnable (waiting on agents, blockers, or escalations)
2026-09-10T20:33:09+00:00 idle       -        0/15 merged; nothing runnable (waiting on agents, blockers, or escalations)
2026-09-10T20:34:29+00:00 boot       -        repo=/home/rpw/repos/stellarc-dev tick=120s parallel=3
2026-09-10T20:34:40+00:00 start      STL-14   review
2026-09-10T20:50:31+00:00 ok         STL-14   review: dispatched 96dd727a-fdf9-477c-a4ec-21df5812fa57; waiting… | STL-14 review c29 → REWORK
2026-09-10T20:52:44+00:00 start      STL-14   implement
2026-09-10T22:17:32+00:00 ok         STL-14   implement: dispatched e06b8e35-f333-46fe-97ba-be891de2df37 on forge/stl-14-c4 (hermes:accept_edits/glm/glm-5.3-flash); waiting up to 10800s… | STL-14 implement c30 → https://github.com/NevrLabs/stellarc/pull/28
2026-09-10T22:19:39+00:00 orphan     STL-14   c30 watcher dead, agent idle; partial @a4ecf59c
2026-09-10T22:19:49+00:00 start      STL-14   implement
2026-09-10T22:19:56+00:00 fail       STL-14   implement rc=1:     cont = (f"\n\nCONTINUATION: cycle {prev_partial['cycle']} ran out of budget and left draft PR #{prev_partial['pr']} on this branch " |                                                                                                     ~~~~~~~~~~~~^^^^^^ | KeyError: 'pr'
2026-09-10T22:22:08+00:00 start      STL-14   implement
2026-09-10T22:22:11+00:00 fail       STL-14   implement rc=1:     cont = (f"\n\nCONTINUATION: cycle {prev_partial['cycle']} ran out of budget and left draft PR #{prev_partial['pr']} on this branch " |                                                                                                     ~~~~~~~~~~~~^^^^^^ | KeyError: 'pr'
2026-09-10T22:24:22+00:00 start      STL-14   implement
2026-09-10T22:24:26+00:00 fail       STL-14   implement rc=1:     cont = (f"\n\nCONTINUATION: cycle {prev_partial['cycle']} ran out of budget and left draft PR #{prev_partial['pr']} on this branch " |                                                                                                     ~~~~~~~~~~~~^^^^^^ | KeyError: 'pr'
2026-09-10T22:26:38+00:00 start      STL-14   implement
2026-09-10T22:26:41+00:00 fail       STL-14   implement rc=1:     cont = (f"\n\nCONTINUATION: cycle {prev_partial['cycle']} ran out of budget and left draft PR #{prev_partial['pr']} on this branch " |                                                                                                     ~~~~~~~~~~~~^^^^^^ | KeyError: 'pr'
2026-09-10T22:28:51+00:00 start      STL-14   implement
2026-09-10T22:28:55+00:00 fail       STL-14   implement rc=1:     cont = (f"\n\nCONTINUATION: cycle {prev_partial['cycle']} ran out of budget and left draft PR #{prev_partial['pr']} on this branch " |                                                                                                     ~~~~~~~~~~~~^^^^^^ | KeyError: 'pr'
2026-09-10T22:31:07+00:00 start      STL-14   implement
2026-09-10T22:31:10+00:00 fail       STL-14   implement rc=1:     cont = (f"\n\nCONTINUATION: cycle {prev_partial['cycle']} ran out of budget and left draft PR #{prev_partial['pr']} on this branch " |                                                                                                     ~~~~~~~~~~~~^^^^^^ | KeyError: 'pr'
2026-09-10T22:33:22+00:00 start      STL-14   implement
2026-09-10T22:33:25+00:00 fail       STL-14   implement rc=1:     cont = (f"\n\nCONTINUATION: cycle {prev_partial['cycle']} ran out of budget and left draft PR #{prev_partial['pr']} on this branch " |                                                                                                     ~~~~~~~~~~~~^^^^^^ | KeyError: 'pr'
2026-09-10T22:35:36+00:00 start      STL-14   implement
2026-09-10T22:35:39+00:00 fail       STL-14   implement rc=1:     cont = (f"\n\nCONTINUATION: cycle {prev_partial['cycle']} ran out of budget and left draft PR #{prev_partial['pr']} on this branch " |                                                                                                     ~~~~~~~~~~~~^^^^^^ | KeyError: 'pr'
2026-09-10T22:37:50+00:00 start      STL-14   implement
2026-09-10T22:37:53+00:00 fail       STL-14   implement rc=1:     cont = (f"\n\nCONTINUATION: cycle {prev_partial['cycle']} ran out of budget and left draft PR #{prev_partial['pr']} on this branch " |                                                                                                     ~~~~~~~~~~~~^^^^^^ | KeyError: 'pr'
2026-09-10T22:40:04+00:00 start      STL-14   implement
2026-09-10T22:40:07+00:00 fail       STL-14   implement rc=1:     cont = (f"\n\nCONTINUATION: cycle {prev_partial['cycle']} ran out of budget and left draft PR #{prev_partial['pr']} on this branch " |                                                                                                     ~~~~~~~~~~~~^^^^^^ | KeyError: 'pr'
2026-09-10T22:42:17+00:00 start      STL-14   implement
2026-09-10T22:42:21+00:00 fail       STL-14   implement rc=1:     cont = (f"\n\nCONTINUATION: cycle {prev_partial['cycle']} ran out of budget and left draft PR #{prev_partial['pr']} on this branch " |                                                                                                     ~~~~~~~~~~~~^^^^^^ | KeyError: 'pr'
2026-09-10T22:44:32+00:00 start      STL-14   implement
2026-09-10T22:44:35+00:00 fail       STL-14   implement rc=1:     cont = (f"\n\nCONTINUATION: cycle {prev_partial['cycle']} ran out of budget and left draft PR #{prev_partial['pr']} on this branch " |                                                                                                     ~~~~~~~~~~~~^^^^^^ | KeyError: 'pr'
2026-09-10T22:46:46+00:00 start      STL-14   implement
2026-09-10T22:46:49+00:00 fail       STL-14   implement rc=1:     cont = (f"\n\nCONTINUATION: cycle {prev_partial['cycle']} ran out of budget and left draft PR #{prev_partial['pr']} on this branch " |                                                                                                     ~~~~~~~~~~~~^^^^^^ | KeyError: 'pr'
2026-09-10T22:49:00+00:00 start      STL-14   implement
2026-09-10T22:49:03+00:00 fail       STL-14   implement rc=1:     cont = (f"\n\nCONTINUATION: cycle {prev_partial['cycle']} ran out of budget and left draft PR #{prev_partial['pr']} on this branch " |                                                                                                     ~~~~~~~~~~~~^^^^^^ | KeyError: 'pr'
2026-09-10T22:51:14+00:00 start      STL-14   implement
2026-09-10T22:51:18+00:00 fail       STL-14   implement rc=1:     cont = (f"\n\nCONTINUATION: cycle {prev_partial['cycle']} ran out of budget and left draft PR #{prev_partial['pr']} on this branch " |                                                                                                     ~~~~~~~~~~~~^^^^^^ | KeyError: 'pr'
2026-09-10T22:53:29+00:00 start      STL-14   implement
2026-09-10T22:53:33+00:00 fail       STL-14   implement rc=1:     cont = (f"\n\nCONTINUATION: cycle {prev_partial['cycle']} ran out of budget and left draft PR #{prev_partial['pr']} on this branch " |                                                                                                     ~~~~~~~~~~~~^^^^^^ | KeyError: 'pr'
2026-09-10T22:55:44+00:00 start      STL-14   implement
2026-09-10T22:55:47+00:00 fail       STL-14   implement rc=1:     cont = (f"\n\nCONTINUATION: cycle {prev_partial['cycle']} ran out of budget and left draft PR #{prev_partial['pr']} on this branch " |                                                                                                     ~~~~~~~~~~~~^^^^^^ | KeyError: 'pr'
2026-09-10T22:57:58+00:00 start      STL-14   implement
2026-09-10T22:58:01+00:00 fail       STL-14   implement rc=1:     cont = (f"\n\nCONTINUATION: cycle {prev_partial['cycle']} ran out of budget and left draft PR #{prev_partial['pr']} on this branch " |                                                                                                     ~~~~~~~~~~~~^^^^^^ | KeyError: 'pr'
2026-09-10T23:00:13+00:00 start      STL-14   implement
2026-09-10T23:00:19+00:00 fail       STL-14   implement rc=1:     cont = (f"\n\nCONTINUATION: cycle {prev_partial['cycle']} ran out of budget and left draft PR #{prev_partial['pr']} on this branch " |                                                                                                     ~~~~~~~~~~~~^^^^^^ | KeyError: 'pr'
2026-09-10T23:02:31+00:00 start      STL-14   implement
2026-09-10T23:02:35+00:00 fail       STL-14   implement rc=1:     cont = (f"\n\nCONTINUATION: cycle {prev_partial['cycle']} ran out of budget and left draft PR #{prev_partial['pr']} on this branch " |                                                                                                     ~~~~~~~~~~~~^^^^^^ | KeyError: 'pr'
2026-09-10T23:04:46+00:00 start      STL-14   implement
2026-09-10T23:04:49+00:00 fail       STL-14   implement rc=1:     cont = (f"\n\nCONTINUATION: cycle {prev_partial['cycle']} ran out of budget and left draft PR #{prev_partial['pr']} on this branch " |                                                                                                     ~~~~~~~~~~~~^^^^^^ | KeyError: 'pr'
2026-09-10T23:07:01+00:00 start      STL-14   implement
2026-09-10T23:07:04+00:00 fail       STL-14   implement rc=1:     cont = (f"\n\nCONTINUATION: cycle {prev_partial['cycle']} ran out of budget and left draft PR #{prev_partial['pr']} on this branch " |                                                                                                     ~~~~~~~~~~~~^^^^^^ | KeyError: 'pr'
2026-09-10T23:09:15+00:00 start      STL-14   implement
2026-09-10T23:09:20+00:00 fail       STL-14   implement rc=1:     cont = (f"\n\nCONTINUATION: cycle {prev_partial['cycle']} ran out of budget and left draft PR #{prev_partial['pr']} on this branch " |                                                                                                     ~~~~~~~~~~~~^^^^^^ | KeyError: 'pr'
2026-09-10T23:11:30+00:00 start      STL-14   implement
2026-09-10T23:11:33+00:00 fail       STL-14   implement rc=1:     cont = (f"\n\nCONTINUATION: cycle {prev_partial['cycle']} ran out of budget and left draft PR #{prev_partial['pr']} on this branch " |                                                                                                     ~~~~~~~~~~~~^^^^^^ | KeyError: 'pr'
2026-09-10T23:13:45+00:00 start      STL-14   implement
2026-09-10T23:13:48+00:00 fail       STL-14   implement rc=1:     cont = (f"\n\nCONTINUATION: cycle {prev_partial['cycle']} ran out of budget and left draft PR #{prev_partial['pr']} on this branch " |                                                                                                     ~~~~~~~~~~~~^^^^^^ | KeyError: 'pr'
2026-09-10T23:16:01+00:00 start      STL-14   implement
2026-09-10T23:16:04+00:00 fail       STL-14   implement rc=1:     cont = (f"\n\nCONTINUATION: cycle {prev_partial['cycle']} ran out of budget and left draft PR #{prev_partial['pr']} on this branch " |                                                                                                     ~~~~~~~~~~~~^^^^^^ | KeyError: 'pr'
2026-09-10T23:18:15+00:00 start      STL-14   implement
2026-09-10T23:18:19+00:00 fail       STL-14   implement rc=1:     cont = (f"\n\nCONTINUATION: cycle {prev_partial['cycle']} ran out of budget and left draft PR #{prev_partial['pr']} on this branch " |                                                                                                     ~~~~~~~~~~~~^^^^^^ | KeyError: 'pr'
2026-09-10T23:20:30+00:00 start      STL-14   implement
2026-09-10T23:20:33+00:00 fail       STL-14   implement rc=1:     cont = (f"\n\nCONTINUATION: cycle {prev_partial['cycle']} ran out of budget and left draft PR #{prev_partial['pr']} on this branch " |                                                                                                     ~~~~~~~~~~~~^^^^^^ | KeyError: 'pr'
2026-09-10T23:22:46+00:00 start      STL-14   implement
2026-09-10T23:22:50+00:00 fail       STL-14   implement rc=1:     cont = (f"\n\nCONTINUATION: cycle {prev_partial['cycle']} ran out of budget and left draft PR #{prev_partial['pr']} on this branch " |                                                                                                     ~~~~~~~~~~~~^^^^^^ | KeyError: 'pr'
2026-09-10T23:25:01+00:00 start      STL-14   implement
2026-09-10T23:25:04+00:00 fail       STL-14   implement rc=1:     cont = (f"\n\nCONTINUATION: cycle {prev_partial['cycle']} ran out of budget and left draft PR #{prev_partial['pr']} on this branch " |                                                                                                     ~~~~~~~~~~~~^^^^^^ | KeyError: 'pr'
2026-09-10T23:27:15+00:00 start      STL-14   implement
2026-09-10T23:27:18+00:00 fail       STL-14   implement rc=1:     cont = (f"\n\nCONTINUATION: cycle {prev_partial['cycle']} ran out of budget and left draft PR #{prev_partial['pr']} on this branch " |                                                                                                     ~~~~~~~~~~~~^^^^^^ | KeyError: 'pr'
2026-09-10T23:29:30+00:00 start      STL-14   implement
2026-09-10T23:29:33+00:00 fail       STL-14   implement rc=1:     cont = (f"\n\nCONTINUATION: cycle {prev_partial['cycle']} ran out of budget and left draft PR #{prev_partial['pr']} on this branch " |                                                                                                     ~~~~~~~~~~~~^^^^^^ | KeyError: 'pr'
2026-09-10T23:31:44+00:00 start      STL-14   implement
2026-09-10T23:31:48+00:00 fail       STL-14   implement rc=1:     cont = (f"\n\nCONTINUATION: cycle {prev_partial['cycle']} ran out of budget and left draft PR #{prev_partial['pr']} on this branch " |                                                                                                     ~~~~~~~~~~~~^^^^^^ | KeyError: 'pr'
2026-09-10T23:34:00+00:00 start      STL-14   implement
2026-09-10T23:34:03+00:00 fail       STL-14   implement rc=1:     cont = (f"\n\nCONTINUATION: cycle {prev_partial['cycle']} ran out of budget and left draft PR #{prev_partial['pr']} on this branch " |                                                                                                     ~~~~~~~~~~~~^^^^^^ | KeyError: 'pr'
2026-09-10T23:36:13+00:00 start      STL-14   implement
2026-09-10T23:36:17+00:00 fail       STL-14   implement rc=1:     cont = (f"\n\nCONTINUATION: cycle {prev_partial['cycle']} ran out of budget and left draft PR #{prev_partial['pr']} on this branch " |                                                                                                     ~~~~~~~~~~~~^^^^^^ | KeyError: 'pr'
2026-09-10T23:38:28+00:00 start      STL-14   implement
2026-09-10T23:38:31+00:00 fail       STL-14   implement rc=1:     cont = (f"\n\nCONTINUATION: cycle {prev_partial['cycle']} ran out of budget and left draft PR #{prev_partial['pr']} on this branch " |                                                                                                     ~~~~~~~~~~~~^^^^^^ | KeyError: 'pr'
2026-09-10T23:40:42+00:00 start      STL-14   implement
2026-09-10T23:40:45+00:00 fail       STL-14   implement rc=1:     cont = (f"\n\nCONTINUATION: cycle {prev_partial['cycle']} ran out of budget and left draft PR #{prev_partial['pr']} on this branch " |                                                                                                     ~~~~~~~~~~~~^^^^^^ | KeyError: 'pr'
2026-09-10T23:42:55+00:00 start      STL-14   implement
2026-09-10T23:42:58+00:00 fail       STL-14   implement rc=1:     cont = (f"\n\nCONTINUATION: cycle {prev_partial['cycle']} ran out of budget and left draft PR #{prev_partial['pr']} on this branch " |                                                                                                     ~~~~~~~~~~~~^^^^^^ | KeyError: 'pr'
2026-09-10T23:45:08+00:00 start      STL-14   implement
2026-09-10T23:45:12+00:00 fail       STL-14   implement rc=1:     cont = (f"\n\nCONTINUATION: cycle {prev_partial['cycle']} ran out of budget and left draft PR #{prev_partial['pr']} on this branch " |                                                                                                     ~~~~~~~~~~~~^^^^^^ | KeyError: 'pr'
2026-09-10T23:47:22+00:00 start      STL-14   implement
2026-09-10T23:47:36+00:00 fail       STL-14   implement rc=1:     cont = (f"\n\nCONTINUATION: cycle {prev_partial['cycle']} ran out of budget and left draft PR #{prev_partial['pr']} on this branch " |                                                                                                     ~~~~~~~~~~~~^^^^^^ | KeyError: 'pr'
2026-09-10T23:49:47+00:00 start      STL-14   implement
2026-09-10T23:49:50+00:00 fail       STL-14   implement rc=1:     cont = (f"\n\nCONTINUATION: cycle {prev_partial['cycle']} ran out of budget and left draft PR #{prev_partial['pr']} on this branch " |                                                                                                     ~~~~~~~~~~~~^^^^^^ | KeyError: 'pr'
2026-09-10T23:52:00+00:00 start      STL-14   implement
2026-09-10T23:52:02+00:00 fail       STL-14   implement rc=1:     cont = (f"\n\nCONTINUATION: cycle {prev_partial['cycle']} ran out of budget and left draft PR #{prev_partial['pr']} on this branch " |                                                                                                     ~~~~~~~~~~~~^^^^^^ | KeyError: 'pr'
2026-09-10T23:54:13+00:00 start      STL-14   implement
2026-09-10T23:54:16+00:00 fail       STL-14   implement rc=1:     cont = (f"\n\nCONTINUATION: cycle {prev_partial['cycle']} ran out of budget and left draft PR #{prev_partial['pr']} on this branch " |                                                                                                     ~~~~~~~~~~~~^^^^^^ | KeyError: 'pr'
2026-09-10T23:56:28+00:00 start      STL-14   implement
2026-09-10T23:56:31+00:00 fail       STL-14   implement rc=1:     cont = (f"\n\nCONTINUATION: cycle {prev_partial['cycle']} ran out of budget and left draft PR #{prev_partial['pr']} on this branch " |                                                                                                     ~~~~~~~~~~~~^^^^^^ | KeyError: 'pr'
2026-09-10T23:58:42+00:00 start      STL-14   implement
2026-09-10T23:58:45+00:00 fail       STL-14   implement rc=1:     cont = (f"\n\nCONTINUATION: cycle {prev_partial['cycle']} ran out of budget and left draft PR #{prev_partial['pr']} on this branch " |                                                                                                     ~~~~~~~~~~~~^^^^^^ | KeyError: 'pr'
2026-09-11T00:00:56+00:00 start      STL-14   implement
2026-09-11T00:00:59+00:00 fail       STL-14   implement rc=1:     cont = (f"\n\nCONTINUATION: cycle {prev_partial['cycle']} ran out of budget and left draft PR #{prev_partial['pr']} on this branch " |                                                                                                     ~~~~~~~~~~~~^^^^^^ | KeyError: 'pr'
2026-09-11T00:03:12+00:00 start      STL-14   implement
2026-09-11T00:03:15+00:00 fail       STL-14   implement rc=1:     cont = (f"\n\nCONTINUATION: cycle {prev_partial['cycle']} ran out of budget and left draft PR #{prev_partial['pr']} on this branch " |                                                                                                     ~~~~~~~~~~~~^^^^^^ | KeyError: 'pr'
2026-09-11T00:05:26+00:00 start      STL-14   implement
2026-09-11T00:05:30+00:00 fail       STL-14   implement rc=1:     cont = (f"\n\nCONTINUATION: cycle {prev_partial['cycle']} ran out of budget and left draft PR #{prev_partial['pr']} on this branch " |                                                                                                     ~~~~~~~~~~~~^^^^^^ | KeyError: 'pr'
2026-09-11T00:07:40+00:00 start      STL-14   implement
2026-09-11T00:07:59+00:00 fail       STL-14   implement rc=1:     cont = (f"\n\nCONTINUATION: cycle {prev_partial['cycle']} ran out of budget and left draft PR #{prev_partial['pr']} on this branch " |                                                                                                     ~~~~~~~~~~~~^^^^^^ | KeyError: 'pr'
2026-09-11T00:10:10+00:00 start      STL-14   implement
2026-09-11T00:10:13+00:00 fail       STL-14   implement rc=1:     cont = (f"\n\nCONTINUATION: cycle {prev_partial['cycle']} ran out of budget and left draft PR #{prev_partial['pr']} on this branch " |                                                                                                     ~~~~~~~~~~~~^^^^^^ | KeyError: 'pr'
2026-09-11T00:12:23+00:00 start      STL-14   implement
2026-09-11T00:12:27+00:00 fail       STL-14   implement rc=1:     cont = (f"\n\nCONTINUATION: cycle {prev_partial['cycle']} ran out of budget and left draft PR #{prev_partial['pr']} on this branch " |                                                                                                     ~~~~~~~~~~~~^^^^^^ | KeyError: 'pr'
2026-09-11T00:14:38+00:00 start      STL-14   implement
2026-09-11T00:14:41+00:00 fail       STL-14   implement rc=1:     cont = (f"\n\nCONTINUATION: cycle {prev_partial['cycle']} ran out of budget and left draft PR #{prev_partial['pr']} on this branch " |                                                                                                     ~~~~~~~~~~~~^^^^^^ | KeyError: 'pr'
2026-09-11T00:16:52+00:00 start      STL-14   implement
2026-09-11T00:17:03+00:00 fail       STL-14   implement rc=1:     cont = (f"\n\nCONTINUATION: cycle {prev_partial['cycle']} ran out of budget and left draft PR #{prev_partial['pr']} on this branch " |                                                                                                     ~~~~~~~~~~~~^^^^^^ | KeyError: 'pr'
2026-09-11T00:19:14+00:00 start      STL-14   implement
2026-09-11T00:19:23+00:00 fail       STL-14   implement rc=1:     cont = (f"\n\nCONTINUATION: cycle {prev_partial['cycle']} ran out of budget and left draft PR #{prev_partial['pr']} on this branch " |                                                                                                     ~~~~~~~~~~~~^^^^^^ | KeyError: 'pr'
2026-09-11T00:21:35+00:00 start      STL-14   implement
2026-09-11T00:21:39+00:00 fail       STL-14   implement rc=1:     cont = (f"\n\nCONTINUATION: cycle {prev_partial['cycle']} ran out of budget and left draft PR #{prev_partial['pr']} on this branch " |                                                                                                     ~~~~~~~~~~~~^^^^^^ | KeyError: 'pr'
2026-09-11T00:23:50+00:00 start      STL-14   implement
2026-09-11T00:23:53+00:00 fail       STL-14   implement rc=1:     cont = (f"\n\nCONTINUATION: cycle {prev_partial['cycle']} ran out of budget and left draft PR #{prev_partial['pr']} on this branch " |                                                                                                     ~~~~~~~~~~~~^^^^^^ | KeyError: 'pr'
2026-09-11T00:26:05+00:00 start      STL-14   implement
2026-09-11T00:26:07+00:00 fail       STL-14   implement rc=1:     cont = (f"\n\nCONTINUATION: cycle {prev_partial['cycle']} ran out of budget and left draft PR #{prev_partial['pr']} on this branch " |                                                                                                     ~~~~~~~~~~~~^^^^^^ | KeyError: 'pr'
2026-09-11T00:28:18+00:00 start      STL-14   implement
2026-09-11T00:28:21+00:00 fail       STL-14   implement rc=1:     cont = (f"\n\nCONTINUATION: cycle {prev_partial['cycle']} ran out of budget and left draft PR #{prev_partial['pr']} on this branch " |                                                                                                     ~~~~~~~~~~~~^^^^^^ | KeyError: 'pr'
2026-09-11T00:30:33+00:00 start      STL-14   implement
2026-09-11T00:30:37+00:00 fail       STL-14   implement rc=1:     cont = (f"\n\nCONTINUATION: cycle {prev_partial['cycle']} ran out of budget and left draft PR #{prev_partial['pr']} on this branch " |                                                                                                     ~~~~~~~~~~~~^^^^^^ | KeyError: 'pr'
2026-09-11T00:32:48+00:00 start      STL-14   implement
2026-09-11T00:32:52+00:00 fail       STL-14   implement rc=1:     cont = (f"\n\nCONTINUATION: cycle {prev_partial['cycle']} ran out of budget and left draft PR #{prev_partial['pr']} on this branch " |                                                                                                     ~~~~~~~~~~~~^^^^^^ | KeyError: 'pr'
2026-09-11T00:35:03+00:00 start      STL-14   implement
2026-09-11T00:35:06+00:00 fail       STL-14   implement rc=1:     cont = (f"\n\nCONTINUATION: cycle {prev_partial['cycle']} ran out of budget and left draft PR #{prev_partial['pr']} on this branch " |                                                                                                     ~~~~~~~~~~~~^^^^^^ | KeyError: 'pr'
2026-09-11T00:37:17+00:00 start      STL-14   implement
2026-09-11T00:37:23+00:00 fail       STL-14   implement rc=1:     cont = (f"\n\nCONTINUATION: cycle {prev_partial['cycle']} ran out of budget and left draft PR #{prev_partial['pr']} on this branch " |                                                                                                     ~~~~~~~~~~~~^^^^^^ | KeyError: 'pr'
2026-09-11T00:39:34+00:00 start      STL-14   implement
2026-09-11T00:39:38+00:00 fail       STL-14   implement rc=1:     cont = (f"\n\nCONTINUATION: cycle {prev_partial['cycle']} ran out of budget and left draft PR #{prev_partial['pr']} on this branch " |                                                                                                     ~~~~~~~~~~~~^^^^^^ | KeyError: 'pr'
2026-09-11T00:41:48+00:00 start      STL-14   implement
2026-09-11T00:41:52+00:00 fail       STL-14   implement rc=1:     cont = (f"\n\nCONTINUATION: cycle {prev_partial['cycle']} ran out of budget and left draft PR #{prev_partial['pr']} on this branch " |                                                                                                     ~~~~~~~~~~~~^^^^^^ | KeyError: 'pr'
2026-09-11T00:44:02+00:00 start      STL-14   implement
2026-09-11T00:44:05+00:00 fail       STL-14   implement rc=1:     cont = (f"\n\nCONTINUATION: cycle {prev_partial['cycle']} ran out of budget and left draft PR #{prev_partial['pr']} on this branch " |                                                                                                     ~~~~~~~~~~~~^^^^^^ | KeyError: 'pr'
2026-09-11T00:46:15+00:00 start      STL-14   implement
2026-09-11T00:46:18+00:00 fail       STL-14   implement rc=1:     cont = (f"\n\nCONTINUATION: cycle {prev_partial['cycle']} ran out of budget and left draft PR #{prev_partial['pr']} on this branch " |                                                                                                     ~~~~~~~~~~~~^^^^^^ | KeyError: 'pr'
2026-09-11T00:48:30+00:00 start      STL-14   implement
2026-09-11T00:48:33+00:00 fail       STL-14   implement rc=1:     cont = (f"\n\nCONTINUATION: cycle {prev_partial['cycle']} ran out of budget and left draft PR #{prev_partial['pr']} on this branch " |                                                                                                     ~~~~~~~~~~~~^^^^^^ | KeyError: 'pr'
2026-09-11T00:50:46+00:00 start      STL-14   implement
2026-09-11T00:50:50+00:00 fail       STL-14   implement rc=1:     cont = (f"\n\nCONTINUATION: cycle {prev_partial['cycle']} ran out of budget and left draft PR #{prev_partial['pr']} on this branch " |                                                                                                     ~~~~~~~~~~~~^^^^^^ | KeyError: 'pr'
2026-09-11T00:53:01+00:00 start      STL-14   implement
2026-09-11T00:53:07+00:00 fail       STL-14   implement rc=1:     cont = (f"\n\nCONTINUATION: cycle {prev_partial['cycle']} ran out of budget and left draft PR #{prev_partial['pr']} on this branch " |                                                                                                     ~~~~~~~~~~~~^^^^^^ | KeyError: 'pr'
2026-09-11T00:55:18+00:00 start      STL-14   implement
2026-09-11T00:55:21+00:00 fail       STL-14   implement rc=1:     cont = (f"\n\nCONTINUATION: cycle {prev_partial['cycle']} ran out of budget and left draft PR #{prev_partial['pr']} on this branch " |                                                                                                     ~~~~~~~~~~~~^^^^^^ | KeyError: 'pr'
2026-09-11T00:57:32+00:00 start      STL-14   implement
2026-09-11T00:57:36+00:00 fail       STL-14   implement rc=1:     cont = (f"\n\nCONTINUATION: cycle {prev_partial['cycle']} ran out of budget and left draft PR #{prev_partial['pr']} on this branch " |                                                                                                     ~~~~~~~~~~~~^^^^^^ | KeyError: 'pr'
2026-09-11T00:59:47+00:00 start      STL-14   implement
2026-09-11T00:59:50+00:00 fail       STL-14   implement rc=1:     cont = (f"\n\nCONTINUATION: cycle {prev_partial['cycle']} ran out of budget and left draft PR #{prev_partial['pr']} on this branch " |                                                                                                     ~~~~~~~~~~~~^^^^^^ | KeyError: 'pr'
2026-09-11T01:02:01+00:00 start      STL-14   implement
2026-09-11T01:02:16+00:00 fail       STL-14   implement rc=1:     cont = (f"\n\nCONTINUATION: cycle {prev_partial['cycle']} ran out of budget and left draft PR #{prev_partial['pr']} on this branch " |                                                                                                     ~~~~~~~~~~~~^^^^^^ | KeyError: 'pr'
2026-09-11T01:04:27+00:00 start      STL-14   implement
2026-09-11T01:04:30+00:00 fail       STL-14   implement rc=1:     cont = (f"\n\nCONTINUATION: cycle {prev_partial['cycle']} ran out of budget and left draft PR #{prev_partial['pr']} on this branch " |                                                                                                     ~~~~~~~~~~~~^^^^^^ | KeyError: 'pr'
2026-09-11T01:06:41+00:00 start      STL-14   implement
2026-09-11T01:06:45+00:00 fail       STL-14   implement rc=1:     cont = (f"\n\nCONTINUATION: cycle {prev_partial['cycle']} ran out of budget and left draft PR #{prev_partial['pr']} on this branch " |                                                                                                     ~~~~~~~~~~~~^^^^^^ | KeyError: 'pr'
2026-09-11T01:08:57+00:00 start      STL-14   implement
2026-09-11T01:09:01+00:00 fail       STL-14   implement rc=1:     cont = (f"\n\nCONTINUATION: cycle {prev_partial['cycle']} ran out of budget and left draft PR #{prev_partial['pr']} on this branch " |                                                                                                     ~~~~~~~~~~~~^^^^^^ | KeyError: 'pr'
2026-09-11T01:11:11+00:00 start      STL-14   implement
2026-09-11T01:11:15+00:00 fail       STL-14   implement rc=1:     cont = (f"\n\nCONTINUATION: cycle {prev_partial['cycle']} ran out of budget and left draft PR #{prev_partial['pr']} on this branch " |                                                                                                     ~~~~~~~~~~~~^^^^^^ | KeyError: 'pr'
2026-09-11T01:13:25+00:00 start      STL-14   implement
2026-09-11T01:13:30+00:00 fail       STL-14   implement rc=1:     cont = (f"\n\nCONTINUATION: cycle {prev_partial['cycle']} ran out of budget and left draft PR #{prev_partial['pr']} on this branch " |                                                                                                     ~~~~~~~~~~~~^^^^^^ | KeyError: 'pr'
2026-09-11T01:15:40+00:00 start      STL-14   implement
2026-09-11T01:15:44+00:00 fail       STL-14   implement rc=1:     cont = (f"\n\nCONTINUATION: cycle {prev_partial['cycle']} ran out of budget and left draft PR #{prev_partial['pr']} on this branch " |                                                                                                     ~~~~~~~~~~~~^^^^^^ | KeyError: 'pr'
2026-09-11T01:17:58+00:00 start      STL-14   implement
2026-09-11T01:18:01+00:00 fail       STL-14   implement rc=1:     cont = (f"\n\nCONTINUATION: cycle {prev_partial['cycle']} ran out of budget and left draft PR #{prev_partial['pr']} on this branch " |                                                                                                     ~~~~~~~~~~~~^^^^^^ | KeyError: 'pr'
2026-09-11T01:20:12+00:00 start      STL-14   implement
2026-09-11T01:20:16+00:00 fail       STL-14   implement rc=1:     cont = (f"\n\nCONTINUATION: cycle {prev_partial['cycle']} ran out of budget and left draft PR #{prev_partial['pr']} on this branch " |                                                                                                     ~~~~~~~~~~~~^^^^^^ | KeyError: 'pr'
2026-09-11T01:22:26+00:00 start      STL-14   implement
2026-09-11T01:22:31+00:00 fail       STL-14   implement rc=1:     cont = (f"\n\nCONTINUATION: cycle {prev_partial['cycle']} ran out of budget and left draft PR #{prev_partial['pr']} on this branch " |                                                                                                     ~~~~~~~~~~~~^^^^^^ | KeyError: 'pr'
2026-09-11T01:24:42+00:00 start      STL-14   implement
2026-09-11T01:24:45+00:00 fail       STL-14   implement rc=1:     cont = (f"\n\nCONTINUATION: cycle {prev_partial['cycle']} ran out of budget and left draft PR #{prev_partial['pr']} on this branch " |                                                                                                     ~~~~~~~~~~~~^^^^^^ | KeyError: 'pr'
2026-09-11T01:26:56+00:00 start      STL-14   implement
2026-09-11T01:26:59+00:00 fail       STL-14   implement rc=1:     cont = (f"\n\nCONTINUATION: cycle {prev_partial['cycle']} ran out of budget and left draft PR #{prev_partial['pr']} on this branch " |                                                                                                     ~~~~~~~~~~~~^^^^^^ | KeyError: 'pr'
2026-09-11T01:29:10+00:00 start      STL-14   implement
2026-09-11T01:29:37+00:00 fail       STL-14   implement rc=1:     cont = (f"\n\nCONTINUATION: cycle {prev_partial['cycle']} ran out of budget and left draft PR #{prev_partial['pr']} on this branch " |                                                                                                     ~~~~~~~~~~~~^^^^^^ | KeyError: 'pr'
2026-09-11T01:31:48+00:00 start      STL-14   implement
2026-09-11T01:31:57+00:00 fail       STL-14   implement rc=1:     cont = (f"\n\nCONTINUATION: cycle {prev_partial['cycle']} ran out of budget and left draft PR #{prev_partial['pr']} on this branch " |                                                                                                     ~~~~~~~~~~~~^^^^^^ | KeyError: 'pr'
2026-09-11T01:34:07+00:00 start      STL-14   implement
2026-09-11T01:34:11+00:00 fail       STL-14   implement rc=1:     cont = (f"\n\nCONTINUATION: cycle {prev_partial['cycle']} ran out of budget and left draft PR #{prev_partial['pr']} on this branch " |                                                                                                     ~~~~~~~~~~~~^^^^^^ | KeyError: 'pr'
2026-09-11T01:36:22+00:00 start      STL-14   implement
2026-09-11T01:36:25+00:00 fail       STL-14   implement rc=1:     cont = (f"\n\nCONTINUATION: cycle {prev_partial['cycle']} ran out of budget and left draft PR #{prev_partial['pr']} on this branch " |                                                                                                     ~~~~~~~~~~~~^^^^^^ | KeyError: 'pr'
2026-09-11T01:38:36+00:00 start      STL-14   implement
2026-09-11T01:38:40+00:00 fail       STL-14   implement rc=1:     cont = (f"\n\nCONTINUATION: cycle {prev_partial['cycle']} ran out of budget and left draft PR #{prev_partial['pr']} on this branch " |                                                                                                     ~~~~~~~~~~~~^^^^^^ | KeyError: 'pr'
2026-09-11T01:40:50+00:00 start      STL-14   implement
2026-09-11T01:40:54+00:00 fail       STL-14   implement rc=1:     cont = (f"\n\nCONTINUATION: cycle {prev_partial['cycle']} ran out of budget and left draft PR #{prev_partial['pr']} on this branch " |                                                                                                     ~~~~~~~~~~~~^^^^^^ | KeyError: 'pr'
2026-09-11T01:43:04+00:00 start      STL-14   implement
2026-09-11T01:43:08+00:00 fail       STL-14   implement rc=1:     cont = (f"\n\nCONTINUATION: cycle {prev_partial['cycle']} ran out of budget and left draft PR #{prev_partial['pr']} on this branch " |                                                                                                     ~~~~~~~~~~~~^^^^^^ | KeyError: 'pr'
2026-09-11T01:45:19+00:00 start      STL-14   implement
2026-09-11T01:45:28+00:00 fail       STL-14   implement rc=1:     cont = (f"\n\nCONTINUATION: cycle {prev_partial['cycle']} ran out of budget and left draft PR #{prev_partial['pr']} on this branch " |                                                                                                     ~~~~~~~~~~~~^^^^^^ | KeyError: 'pr'
2026-09-11T01:47:39+00:00 start      STL-14   implement
2026-09-11T01:47:42+00:00 fail       STL-14   implement rc=1:     cont = (f"\n\nCONTINUATION: cycle {prev_partial['cycle']} ran out of budget and left draft PR #{prev_partial['pr']} on this branch " |                                                                                                     ~~~~~~~~~~~~^^^^^^ | KeyError: 'pr'
2026-09-11T01:49:52+00:00 start      STL-14   implement
2026-09-11T01:49:56+00:00 fail       STL-14   implement rc=1:     cont = (f"\n\nCONTINUATION: cycle {prev_partial['cycle']} ran out of budget and left draft PR #{prev_partial['pr']} on this branch " |                                                                                                     ~~~~~~~~~~~~^^^^^^ | KeyError: 'pr'
2026-09-11T01:52:07+00:00 start      STL-14   implement
2026-09-11T01:52:11+00:00 fail       STL-14   implement rc=1:     cont = (f"\n\nCONTINUATION: cycle {prev_partial['cycle']} ran out of budget and left draft PR #{prev_partial['pr']} on this branch " |                                                                                                     ~~~~~~~~~~~~^^^^^^ | KeyError: 'pr'
2026-09-11T01:54:22+00:00 start      STL-14   implement
2026-09-11T01:54:26+00:00 fail       STL-14   implement rc=1:     cont = (f"\n\nCONTINUATION: cycle {prev_partial['cycle']} ran out of budget and left draft PR #{prev_partial['pr']} on this branch " |                                                                                                     ~~~~~~~~~~~~^^^^^^ | KeyError: 'pr'
2026-09-11T01:56:36+00:00 start      STL-14   implement
2026-09-11T01:56:48+00:00 fail       STL-14   implement rc=1:     cont = (f"\n\nCONTINUATION: cycle {prev_partial['cycle']} ran out of budget and left draft PR #{prev_partial['pr']} on this branch " |                                                                                                     ~~~~~~~~~~~~^^^^^^ | KeyError: 'pr'
2026-09-11T01:58:57+00:00 start      STL-14   implement
2026-09-11T01:59:02+00:00 fail       STL-14   implement rc=1:     cont = (f"\n\nCONTINUATION: cycle {prev_partial['cycle']} ran out of budget and left draft PR #{prev_partial['pr']} on this branch " |                                                                                                     ~~~~~~~~~~~~^^^^^^ | KeyError: 'pr'
2026-09-11T02:01:14+00:00 start      STL-14   implement
2026-09-11T02:01:18+00:00 fail       STL-14   implement rc=1:     cont = (f"\n\nCONTINUATION: cycle {prev_partial['cycle']} ran out of budget and left draft PR #{prev_partial['pr']} on this branch " |                                                                                                     ~~~~~~~~~~~~^^^^^^ | KeyError: 'pr'
2026-09-11T02:03:29+00:00 start      STL-14   implement
2026-09-11T02:03:33+00:00 fail       STL-14   implement rc=1:     cont = (f"\n\nCONTINUATION: cycle {prev_partial['cycle']} ran out of budget and left draft PR #{prev_partial['pr']} on this branch " |                                                                                                     ~~~~~~~~~~~~^^^^^^ | KeyError: 'pr'
2026-09-11T02:05:43+00:00 start      STL-14   implement
2026-09-11T02:05:46+00:00 fail       STL-14   implement rc=1:     cont = (f"\n\nCONTINUATION: cycle {prev_partial['cycle']} ran out of budget and left draft PR #{prev_partial['pr']} on this branch " |                                                                                                     ~~~~~~~~~~~~^^^^^^ | KeyError: 'pr'
2026-09-11T02:07:56+00:00 start      STL-14   implement
2026-09-11T02:07:59+00:00 fail       STL-14   implement rc=1:     cont = (f"\n\nCONTINUATION: cycle {prev_partial['cycle']} ran out of budget and left draft PR #{prev_partial['pr']} on this branch " |                                                                                                     ~~~~~~~~~~~~^^^^^^ | KeyError: 'pr'
2026-09-11T02:10:10+00:00 start      STL-14   implement
2026-09-11T02:10:14+00:00 fail       STL-14   implement rc=1:     cont = (f"\n\nCONTINUATION: cycle {prev_partial['cycle']} ran out of budget and left draft PR #{prev_partial['pr']} on this branch " |                                                                                                     ~~~~~~~~~~~~^^^^^^ | KeyError: 'pr'
2026-09-11T02:12:24+00:00 start      STL-14   implement
2026-09-11T02:12:28+00:00 fail       STL-14   implement rc=1:     cont = (f"\n\nCONTINUATION: cycle {prev_partial['cycle']} ran out of budget and left draft PR #{prev_partial['pr']} on this branch " |                                                                                                     ~~~~~~~~~~~~^^^^^^ | KeyError: 'pr'
2026-09-11T02:14:40+00:00 start      STL-14   implement
2026-09-11T02:14:43+00:00 fail       STL-14   implement rc=1:     cont = (f"\n\nCONTINUATION: cycle {prev_partial['cycle']} ran out of budget and left draft PR #{prev_partial['pr']} on this branch " |                                                                                                     ~~~~~~~~~~~~^^^^^^ | KeyError: 'pr'
2026-09-11T02:16:54+00:00 start      STL-14   implement
2026-09-11T02:16:58+00:00 fail       STL-14   implement rc=1:     cont = (f"\n\nCONTINUATION: cycle {prev_partial['cycle']} ran out of budget and left draft PR #{prev_partial['pr']} on this branch " |                                                                                                     ~~~~~~~~~~~~^^^^^^ | KeyError: 'pr'
2026-09-11T02:19:08+00:00 start      STL-14   implement
2026-09-11T02:19:12+00:00 fail       STL-14   implement rc=1:     cont = (f"\n\nCONTINUATION: cycle {prev_partial['cycle']} ran out of budget and left draft PR #{prev_partial['pr']} on this branch " |                                                                                                     ~~~~~~~~~~~~^^^^^^ | KeyError: 'pr'
2026-09-11T02:21:23+00:00 start      STL-14   implement
2026-09-11T02:21:26+00:00 fail       STL-14   implement rc=1:     cont = (f"\n\nCONTINUATION: cycle {prev_partial['cycle']} ran out of budget and left draft PR #{prev_partial['pr']} on this branch " |                                                                                                     ~~~~~~~~~~~~^^^^^^ | KeyError: 'pr'
2026-09-11T02:23:38+00:00 start      STL-14   implement
2026-09-11T02:23:51+00:00 fail       STL-14   implement rc=1:     cont = (f"\n\nCONTINUATION: cycle {prev_partial['cycle']} ran out of budget and left draft PR #{prev_partial['pr']} on this branch " |                                                                                                     ~~~~~~~~~~~~^^^^^^ | KeyError: 'pr'
2026-09-11T02:26:01+00:00 start      STL-14   implement
2026-09-11T02:26:06+00:00 fail       STL-14   implement rc=1:     cont = (f"\n\nCONTINUATION: cycle {prev_partial['cycle']} ran out of budget and left draft PR #{prev_partial['pr']} on this branch " |                                                                                                     ~~~~~~~~~~~~^^^^^^ | KeyError: 'pr'
2026-09-11T02:28:16+00:00 start      STL-14   implement
2026-09-11T02:28:20+00:00 fail       STL-14   implement rc=1:     cont = (f"\n\nCONTINUATION: cycle {prev_partial['cycle']} ran out of budget and left draft PR #{prev_partial['pr']} on this branch " |                                                                                                     ~~~~~~~~~~~~^^^^^^ | KeyError: 'pr'
2026-09-11T02:30:32+00:00 start      STL-14   implement
2026-09-11T02:30:37+00:00 fail       STL-14   implement rc=1:     cont = (f"\n\nCONTINUATION: cycle {prev_partial['cycle']} ran out of budget and left draft PR #{prev_partial['pr']} on this branch " |                                                                                                     ~~~~~~~~~~~~^^^^^^ | KeyError: 'pr'
2026-09-11T02:32:48+00:00 start      STL-14   implement
2026-09-11T02:32:50+00:00 fail       STL-14   implement rc=1:     cont = (f"\n\nCONTINUATION: cycle {prev_partial['cycle']} ran out of budget and left draft PR #{prev_partial['pr']} on this branch " |                                                                                                     ~~~~~~~~~~~~^^^^^^ | KeyError: 'pr'
2026-09-11T02:35:01+00:00 start      STL-14   implement
2026-09-11T02:35:05+00:00 fail       STL-14   implement rc=1:     cont = (f"\n\nCONTINUATION: cycle {prev_partial['cycle']} ran out of budget and left draft PR #{prev_partial['pr']} on this branch " |                                                                                                     ~~~~~~~~~~~~^^^^^^ | KeyError: 'pr'
2026-09-11T02:37:16+00:00 start      STL-14   implement
2026-09-11T02:37:20+00:00 fail       STL-14   implement rc=1:     cont = (f"\n\nCONTINUATION: cycle {prev_partial['cycle']} ran out of budget and left draft PR #{prev_partial['pr']} on this branch " |                                                                                                     ~~~~~~~~~~~~^^^^^^ | KeyError: 'pr'
2026-09-11T02:39:30+00:00 start      STL-14   implement
2026-09-11T02:39:34+00:00 fail       STL-14   implement rc=1:     cont = (f"\n\nCONTINUATION: cycle {prev_partial['cycle']} ran out of budget and left draft PR #{prev_partial['pr']} on this branch " |                                                                                                     ~~~~~~~~~~~~^^^^^^ | KeyError: 'pr'
2026-09-11T02:41:45+00:00 start      STL-14   implement
2026-09-11T02:41:59+00:00 fail       STL-14   implement rc=1:     cont = (f"\n\nCONTINUATION: cycle {prev_partial['cycle']} ran out of budget and left draft PR #{prev_partial['pr']} on this branch " |                                                                                                     ~~~~~~~~~~~~^^^^^^ | KeyError: 'pr'
2026-09-11T02:44:09+00:00 start      STL-14   implement
2026-09-11T02:44:13+00:00 fail       STL-14   implement rc=1:     cont = (f"\n\nCONTINUATION: cycle {prev_partial['cycle']} ran out of budget and left draft PR #{prev_partial['pr']} on this branch " |                                                                                                     ~~~~~~~~~~~~^^^^^^ | KeyError: 'pr'
2026-09-11T02:46:24+00:00 start      STL-14   implement
2026-09-11T02:46:27+00:00 fail       STL-14   implement rc=1:     cont = (f"\n\nCONTINUATION: cycle {prev_partial['cycle']} ran out of budget and left draft PR #{prev_partial['pr']} on this branch " |                                                                                                     ~~~~~~~~~~~~^^^^^^ | KeyError: 'pr'
2026-09-11T02:48:38+00:00 start      STL-14   implement
2026-09-11T02:48:41+00:00 fail       STL-14   implement rc=1:     cont = (f"\n\nCONTINUATION: cycle {prev_partial['cycle']} ran out of budget and left draft PR #{prev_partial['pr']} on this branch " |                                                                                                     ~~~~~~~~~~~~^^^^^^ | KeyError: 'pr'
2026-09-11T02:50:51+00:00 start      STL-14   implement
2026-09-11T02:50:54+00:00 fail       STL-14   implement rc=1:     cont = (f"\n\nCONTINUATION: cycle {prev_partial['cycle']} ran out of budget and left draft PR #{prev_partial['pr']} on this branch " |                                                                                                     ~~~~~~~~~~~~^^^^^^ | KeyError: 'pr'
2026-09-11T02:53:06+00:00 start      STL-14   implement
2026-09-11T02:53:16+00:00 fail       STL-14   implement rc=1:     cont = (f"\n\nCONTINUATION: cycle {prev_partial['cycle']} ran out of budget and left draft PR #{prev_partial['pr']} on this branch " |                                                                                                     ~~~~~~~~~~~~^^^^^^ | KeyError: 'pr'
2026-09-11T02:55:27+00:00 start      STL-14   implement
2026-09-11T02:55:30+00:00 fail       STL-14   implement rc=1:     cont = (f"\n\nCONTINUATION: cycle {prev_partial['cycle']} ran out of budget and left draft PR #{prev_partial['pr']} on this branch " |                                                                                                     ~~~~~~~~~~~~^^^^^^ | KeyError: 'pr'
2026-09-11T02:57:43+00:00 start      STL-14   implement
2026-09-11T02:57:48+00:00 fail       STL-14   implement rc=1:     cont = (f"\n\nCONTINUATION: cycle {prev_partial['cycle']} ran out of budget and left draft PR #{prev_partial['pr']} on this branch " |                                                                                                     ~~~~~~~~~~~~^^^^^^ | KeyError: 'pr'
2026-09-11T02:59:58+00:00 start      STL-14   implement
2026-09-11T03:00:01+00:00 fail       STL-14   implement rc=1:     cont = (f"\n\nCONTINUATION: cycle {prev_partial['cycle']} ran out of budget and left draft PR #{prev_partial['pr']} on this branch " |                                                                                                     ~~~~~~~~~~~~^^^^^^ | KeyError: 'pr'
2026-09-11T03:02:12+00:00 start      STL-14   implement
2026-09-11T03:02:19+00:00 fail       STL-14   implement rc=1:     cont = (f"\n\nCONTINUATION: cycle {prev_partial['cycle']} ran out of budget and left draft PR #{prev_partial['pr']} on this branch " |                                                                                                     ~~~~~~~~~~~~^^^^^^ | KeyError: 'pr'
2026-09-11T03:04:31+00:00 start      STL-14   implement
2026-09-11T03:04:34+00:00 fail       STL-14   implement rc=1:     cont = (f"\n\nCONTINUATION: cycle {prev_partial['cycle']} ran out of budget and left draft PR #{prev_partial['pr']} on this branch " |                                                                                                     ~~~~~~~~~~~~^^^^^^ | KeyError: 'pr'
2026-09-11T03:06:45+00:00 start      STL-14   implement
2026-09-11T03:06:49+00:00 fail       STL-14   implement rc=1:     cont = (f"\n\nCONTINUATION: cycle {prev_partial['cycle']} ran out of budget and left draft PR #{prev_partial['pr']} on this branch " |                                                                                                     ~~~~~~~~~~~~^^^^^^ | KeyError: 'pr'
2026-09-11T03:08:59+00:00 start      STL-14   implement
2026-09-11T03:09:12+00:00 fail       STL-14   implement rc=1:     cont = (f"\n\nCONTINUATION: cycle {prev_partial['cycle']} ran out of budget and left draft PR #{prev_partial['pr']} on this branch " |                                                                                                     ~~~~~~~~~~~~^^^^^^ | KeyError: 'pr'
2026-09-11T03:11:23+00:00 start      STL-14   implement
2026-09-11T03:11:27+00:00 fail       STL-14   implement rc=1:     cont = (f"\n\nCONTINUATION: cycle {prev_partial['cycle']} ran out of budget and left draft PR #{prev_partial['pr']} on this branch " |                                                                                                     ~~~~~~~~~~~~^^^^^^ | KeyError: 'pr'
2026-09-11T03:13:37+00:00 start      STL-14   implement
2026-09-11T03:13:40+00:00 fail       STL-14   implement rc=1:     cont = (f"\n\nCONTINUATION: cycle {prev_partial['cycle']} ran out of budget and left draft PR #{prev_partial['pr']} on this branch " |                                                                                                     ~~~~~~~~~~~~^^^^^^ | KeyError: 'pr'
2026-09-11T03:15:52+00:00 start      STL-14   implement
2026-09-11T03:15:57+00:00 fail       STL-14   implement rc=1:     cont = (f"\n\nCONTINUATION: cycle {prev_partial['cycle']} ran out of budget and left draft PR #{prev_partial['pr']} on this branch " |                                                                                                     ~~~~~~~~~~~~^^^^^^ | KeyError: 'pr'
2026-09-11T03:18:09+00:00 start      STL-14   implement
2026-09-11T03:18:16+00:00 fail       STL-14   implement rc=1:     cont = (f"\n\nCONTINUATION: cycle {prev_partial['cycle']} ran out of budget and left draft PR #{prev_partial['pr']} on this branch " |                                                                                                     ~~~~~~~~~~~~^^^^^^ | KeyError: 'pr'
2026-09-11T03:20:27+00:00 start      STL-14   implement
2026-09-11T03:20:34+00:00 fail       STL-14   implement rc=1:     cont = (f"\n\nCONTINUATION: cycle {prev_partial['cycle']} ran out of budget and left draft PR #{prev_partial['pr']} on this branch " |                                                                                                     ~~~~~~~~~~~~^^^^^^ | KeyError: 'pr'
2026-09-11T03:22:45+00:00 start      STL-14   implement
2026-09-11T03:22:48+00:00 fail       STL-14   implement rc=1:     cont = (f"\n\nCONTINUATION: cycle {prev_partial['cycle']} ran out of budget and left draft PR #{prev_partial['pr']} on this branch " |                                                                                                     ~~~~~~~~~~~~^^^^^^ | KeyError: 'pr'
2026-09-11T03:25:00+00:00 start      STL-14   implement
2026-09-11T03:25:05+00:00 fail       STL-14   implement rc=1:     cont = (f"\n\nCONTINUATION: cycle {prev_partial['cycle']} ran out of budget and left draft PR #{prev_partial['pr']} on this branch " |                                                                                                     ~~~~~~~~~~~~^^^^^^ | KeyError: 'pr'
2026-09-11T03:27:16+00:00 start      STL-14   implement
2026-09-11T03:27:19+00:00 fail       STL-14   implement rc=1:     cont = (f"\n\nCONTINUATION: cycle {prev_partial['cycle']} ran out of budget and left draft PR #{prev_partial['pr']} on this branch " |                                                                                                     ~~~~~~~~~~~~^^^^^^ | KeyError: 'pr'
2026-09-11T03:29:31+00:00 start      STL-14   implement
2026-09-11T03:29:40+00:00 fail       STL-14   implement rc=1:     cont = (f"\n\nCONTINUATION: cycle {prev_partial['cycle']} ran out of budget and left draft PR #{prev_partial['pr']} on this branch " |                                                                                                     ~~~~~~~~~~~~^^^^^^ | KeyError: 'pr'
2026-09-11T03:31:52+00:00 start      STL-14   implement
2026-09-11T03:31:56+00:00 fail       STL-14   implement rc=1:     cont = (f"\n\nCONTINUATION: cycle {prev_partial['cycle']} ran out of budget and left draft PR #{prev_partial['pr']} on this branch " |                                                                                                     ~~~~~~~~~~~~^^^^^^ | KeyError: 'pr'
2026-09-11T03:34:06+00:00 start      STL-14   implement
2026-09-11T03:34:10+00:00 fail       STL-14   implement rc=1:     cont = (f"\n\nCONTINUATION: cycle {prev_partial['cycle']} ran out of budget and left draft PR #{prev_partial['pr']} on this branch " |                                                                                                     ~~~~~~~~~~~~^^^^^^ | KeyError: 'pr'
2026-09-11T03:36:22+00:00 start      STL-14   implement
2026-09-11T03:36:25+00:00 fail       STL-14   implement rc=1:     cont = (f"\n\nCONTINUATION: cycle {prev_partial['cycle']} ran out of budget and left draft PR #{prev_partial['pr']} on this branch " |                                                                                                     ~~~~~~~~~~~~^^^^^^ | KeyError: 'pr'
2026-09-11T03:38:36+00:00 start      STL-14   implement
2026-09-11T03:38:43+00:00 fail       STL-14   implement rc=1:     cont = (f"\n\nCONTINUATION: cycle {prev_partial['cycle']} ran out of budget and left draft PR #{prev_partial['pr']} on this branch " |                                                                                                     ~~~~~~~~~~~~^^^^^^ | KeyError: 'pr'
2026-09-11T03:40:54+00:00 start      STL-14   implement
2026-09-11T03:40:58+00:00 fail       STL-14   implement rc=1:     cont = (f"\n\nCONTINUATION: cycle {prev_partial['cycle']} ran out of budget and left draft PR #{prev_partial['pr']} on this branch " |                                                                                                     ~~~~~~~~~~~~^^^^^^ | KeyError: 'pr'
2026-09-11T03:43:09+00:00 start      STL-14   implement
2026-09-11T03:43:13+00:00 fail       STL-14   implement rc=1:     cont = (f"\n\nCONTINUATION: cycle {prev_partial['cycle']} ran out of budget and left draft PR #{prev_partial['pr']} on this branch " |                                                                                                     ~~~~~~~~~~~~^^^^^^ | KeyError: 'pr'
2026-09-11T03:45:24+00:00 start      STL-14   implement
2026-09-11T03:45:28+00:00 fail       STL-14   implement rc=1:     cont = (f"\n\nCONTINUATION: cycle {prev_partial['cycle']} ran out of budget and left draft PR #{prev_partial['pr']} on this branch " |                                                                                                     ~~~~~~~~~~~~^^^^^^ | KeyError: 'pr'
2026-09-11T03:47:38+00:00 start      STL-14   implement
2026-09-11T03:47:42+00:00 fail       STL-14   implement rc=1:     cont = (f"\n\nCONTINUATION: cycle {prev_partial['cycle']} ran out of budget and left draft PR #{prev_partial['pr']} on this branch " |                                                                                                     ~~~~~~~~~~~~^^^^^^ | KeyError: 'pr'
2026-09-11T03:49:52+00:00 start      STL-14   implement
2026-09-11T03:49:56+00:00 fail       STL-14   implement rc=1:     cont = (f"\n\nCONTINUATION: cycle {prev_partial['cycle']} ran out of budget and left draft PR #{prev_partial['pr']} on this branch " |                                                                                                     ~~~~~~~~~~~~^^^^^^ | KeyError: 'pr'
2026-09-11T03:52:07+00:00 start      STL-14   implement
2026-09-11T03:52:10+00:00 fail       STL-14   implement rc=1:     cont = (f"\n\nCONTINUATION: cycle {prev_partial['cycle']} ran out of budget and left draft PR #{prev_partial['pr']} on this branch " |                                                                                                     ~~~~~~~~~~~~^^^^^^ | KeyError: 'pr'
2026-09-11T03:54:21+00:00 start      STL-14   implement
2026-09-11T03:54:24+00:00 fail       STL-14   implement rc=1:     cont = (f"\n\nCONTINUATION: cycle {prev_partial['cycle']} ran out of budget and left draft PR #{prev_partial['pr']} on this branch " |                                                                                                     ~~~~~~~~~~~~^^^^^^ | KeyError: 'pr'
2026-09-11T03:56:34+00:00 start      STL-14   implement
2026-09-11T03:56:37+00:00 fail       STL-14   implement rc=1:     cont = (f"\n\nCONTINUATION: cycle {prev_partial['cycle']} ran out of budget and left draft PR #{prev_partial['pr']} on this branch " |                                                                                                     ~~~~~~~~~~~~^^^^^^ | KeyError: 'pr'
2026-09-11T03:58:48+00:00 start      STL-14   implement
2026-09-11T03:58:52+00:00 fail       STL-14   implement rc=1:     cont = (f"\n\nCONTINUATION: cycle {prev_partial['cycle']} ran out of budget and left draft PR #{prev_partial['pr']} on this branch " |                                                                                                     ~~~~~~~~~~~~^^^^^^ | KeyError: 'pr'
2026-09-11T04:01:03+00:00 start      STL-14   implement
2026-09-11T04:01:07+00:00 fail       STL-14   implement rc=1:     cont = (f"\n\nCONTINUATION: cycle {prev_partial['cycle']} ran out of budget and left draft PR #{prev_partial['pr']} on this branch " |                                                                                                     ~~~~~~~~~~~~^^^^^^ | KeyError: 'pr'
2026-09-11T04:03:19+00:00 start      STL-14   implement
2026-09-11T04:03:21+00:00 fail       STL-14   implement rc=1:     cont = (f"\n\nCONTINUATION: cycle {prev_partial['cycle']} ran out of budget and left draft PR #{prev_partial['pr']} on this branch " |                                                                                                     ~~~~~~~~~~~~^^^^^^ | KeyError: 'pr'
2026-09-11T04:05:32+00:00 start      STL-14   implement
2026-09-11T04:05:39+00:00 fail       STL-14   implement rc=1:     cont = (f"\n\nCONTINUATION: cycle {prev_partial['cycle']} ran out of budget and left draft PR #{prev_partial['pr']} on this branch " |                                                                                                     ~~~~~~~~~~~~^^^^^^ | KeyError: 'pr'
2026-09-11T04:07:49+00:00 start      STL-14   implement
2026-09-11T04:07:53+00:00 fail       STL-14   implement rc=1:     cont = (f"\n\nCONTINUATION: cycle {prev_partial['cycle']} ran out of budget and left draft PR #{prev_partial['pr']} on this branch " |                                                                                                     ~~~~~~~~~~~~^^^^^^ | KeyError: 'pr'
2026-09-11T04:10:04+00:00 start      STL-14   implement
2026-09-11T04:10:07+00:00 fail       STL-14   implement rc=1:     cont = (f"\n\nCONTINUATION: cycle {prev_partial['cycle']} ran out of budget and left draft PR #{prev_partial['pr']} on this branch " |                                                                                                     ~~~~~~~~~~~~^^^^^^ | KeyError: 'pr'
2026-09-11T04:12:18+00:00 start      STL-14   implement
2026-09-11T04:12:23+00:00 fail       STL-14   implement rc=1:     cont = (f"\n\nCONTINUATION: cycle {prev_partial['cycle']} ran out of budget and left draft PR #{prev_partial['pr']} on this branch " |                                                                                                     ~~~~~~~~~~~~^^^^^^ | KeyError: 'pr'
2026-09-11T04:14:35+00:00 start      STL-14   implement
2026-09-11T04:14:39+00:00 fail       STL-14   implement rc=1:     cont = (f"\n\nCONTINUATION: cycle {prev_partial['cycle']} ran out of budget and left draft PR #{prev_partial['pr']} on this branch " |                                                                                                     ~~~~~~~~~~~~^^^^^^ | KeyError: 'pr'
2026-09-11T04:16:50+00:00 start      STL-14   implement
2026-09-11T04:16:54+00:00 fail       STL-14   implement rc=1:     cont = (f"\n\nCONTINUATION: cycle {prev_partial['cycle']} ran out of budget and left draft PR #{prev_partial['pr']} on this branch " |                                                                                                     ~~~~~~~~~~~~^^^^^^ | KeyError: 'pr'
2026-09-11T04:19:05+00:00 start      STL-14   implement
2026-09-11T04:19:08+00:00 fail       STL-14   implement rc=1:     cont = (f"\n\nCONTINUATION: cycle {prev_partial['cycle']} ran out of budget and left draft PR #{prev_partial['pr']} on this branch " |                                                                                                     ~~~~~~~~~~~~^^^^^^ | KeyError: 'pr'
2026-09-11T04:21:19+00:00 start      STL-14   implement
2026-09-11T04:21:22+00:00 fail       STL-14   implement rc=1:     cont = (f"\n\nCONTINUATION: cycle {prev_partial['cycle']} ran out of budget and left draft PR #{prev_partial['pr']} on this branch " |                                                                                                     ~~~~~~~~~~~~^^^^^^ | KeyError: 'pr'
2026-09-11T04:23:32+00:00 start      STL-14   implement
2026-09-11T04:23:35+00:00 fail       STL-14   implement rc=1:     cont = (f"\n\nCONTINUATION: cycle {prev_partial['cycle']} ran out of budget and left draft PR #{prev_partial['pr']} on this branch " |                                                                                                     ~~~~~~~~~~~~^^^^^^ | KeyError: 'pr'
2026-09-11T04:25:46+00:00 start      STL-14   implement
2026-09-11T04:25:52+00:00 fail       STL-14   implement rc=1:     cont = (f"\n\nCONTINUATION: cycle {prev_partial['cycle']} ran out of budget and left draft PR #{prev_partial['pr']} on this branch " |                                                                                                     ~~~~~~~~~~~~^^^^^^ | KeyError: 'pr'
2026-09-11T04:28:02+00:00 start      STL-14   implement
2026-09-11T04:28:05+00:00 fail       STL-14   implement rc=1:     cont = (f"\n\nCONTINUATION: cycle {prev_partial['cycle']} ran out of budget and left draft PR #{prev_partial['pr']} on this branch " |                                                                                                     ~~~~~~~~~~~~^^^^^^ | KeyError: 'pr'
2026-09-11T04:30:16+00:00 start      STL-14   implement
2026-09-11T04:30:19+00:00 fail       STL-14   implement rc=1:     cont = (f"\n\nCONTINUATION: cycle {prev_partial['cycle']} ran out of budget and left draft PR #{prev_partial['pr']} on this branch " |                                                                                                     ~~~~~~~~~~~~^^^^^^ | KeyError: 'pr'
2026-09-11T04:32:30+00:00 start      STL-14   implement
2026-09-11T04:32:34+00:00 fail       STL-14   implement rc=1:     cont = (f"\n\nCONTINUATION: cycle {prev_partial['cycle']} ran out of budget and left draft PR #{prev_partial['pr']} on this branch " |                                                                                                     ~~~~~~~~~~~~^^^^^^ | KeyError: 'pr'
2026-09-11T04:34:45+00:00 start      STL-14   implement
2026-09-11T04:34:51+00:00 fail       STL-14   implement rc=1:     cont = (f"\n\nCONTINUATION: cycle {prev_partial['cycle']} ran out of budget and left draft PR #{prev_partial['pr']} on this branch " |                                                                                                     ~~~~~~~~~~~~^^^^^^ | KeyError: 'pr'
2026-09-11T04:37:02+00:00 start      STL-14   implement
2026-09-11T04:37:07+00:00 fail       STL-14   implement rc=1:     cont = (f"\n\nCONTINUATION: cycle {prev_partial['cycle']} ran out of budget and left draft PR #{prev_partial['pr']} on this branch " |                                                                                                     ~~~~~~~~~~~~^^^^^^ | KeyError: 'pr'
2026-09-11T04:39:18+00:00 start      STL-14   implement
2026-09-11T04:39:20+00:00 fail       STL-14   implement rc=1:     cont = (f"\n\nCONTINUATION: cycle {prev_partial['cycle']} ran out of budget and left draft PR #{prev_partial['pr']} on this branch " |                                                                                                     ~~~~~~~~~~~~^^^^^^ | KeyError: 'pr'
2026-09-11T04:41:32+00:00 start      STL-14   implement
2026-09-11T04:41:36+00:00 fail       STL-14   implement rc=1:     cont = (f"\n\nCONTINUATION: cycle {prev_partial['cycle']} ran out of budget and left draft PR #{prev_partial['pr']} on this branch " |                                                                                                     ~~~~~~~~~~~~^^^^^^ | KeyError: 'pr'
2026-09-11T04:43:47+00:00 start      STL-14   implement
2026-09-11T04:43:51+00:00 fail       STL-14   implement rc=1:     cont = (f"\n\nCONTINUATION: cycle {prev_partial['cycle']} ran out of budget and left draft PR #{prev_partial['pr']} on this branch " |                                                                                                     ~~~~~~~~~~~~^^^^^^ | KeyError: 'pr'
2026-09-11T04:46:01+00:00 start      STL-14   implement
2026-09-11T04:46:07+00:00 fail       STL-14   implement rc=1:     cont = (f"\n\nCONTINUATION: cycle {prev_partial['cycle']} ran out of budget and left draft PR #{prev_partial['pr']} on this branch " |                                                                                                     ~~~~~~~~~~~~^^^^^^ | KeyError: 'pr'
2026-09-11T04:48:18+00:00 start      STL-14   implement
2026-09-11T04:48:21+00:00 fail       STL-14   implement rc=1:     cont = (f"\n\nCONTINUATION: cycle {prev_partial['cycle']} ran out of budget and left draft PR #{prev_partial['pr']} on this branch " |                                                                                                     ~~~~~~~~~~~~^^^^^^ | KeyError: 'pr'
2026-09-11T04:50:31+00:00 start      STL-14   implement
2026-09-11T04:50:35+00:00 fail       STL-14   implement rc=1:     cont = (f"\n\nCONTINUATION: cycle {prev_partial['cycle']} ran out of budget and left draft PR #{prev_partial['pr']} on this branch " |                                                                                                     ~~~~~~~~~~~~^^^^^^ | KeyError: 'pr'
2026-09-11T04:52:45+00:00 start      STL-14   implement
2026-09-11T04:52:49+00:00 fail       STL-14   implement rc=1:     cont = (f"\n\nCONTINUATION: cycle {prev_partial['cycle']} ran out of budget and left draft PR #{prev_partial['pr']} on this branch " |                                                                                                     ~~~~~~~~~~~~^^^^^^ | KeyError: 'pr'
2026-09-11T04:55:00+00:00 start      STL-14   implement
2026-09-11T04:55:08+00:00 fail       STL-14   implement rc=1:     cont = (f"\n\nCONTINUATION: cycle {prev_partial['cycle']} ran out of budget and left draft PR #{prev_partial['pr']} on this branch " |                                                                                                     ~~~~~~~~~~~~^^^^^^ | KeyError: 'pr'
2026-09-11T04:57:19+00:00 start      STL-14   implement
2026-09-11T04:57:21+00:00 fail       STL-14   implement rc=1:     cont = (f"\n\nCONTINUATION: cycle {prev_partial['cycle']} ran out of budget and left draft PR #{prev_partial['pr']} on this branch " |                                                                                                     ~~~~~~~~~~~~^^^^^^ | KeyError: 'pr'
2026-09-11T04:59:33+00:00 start      STL-14   implement
2026-09-11T04:59:36+00:00 fail       STL-14   implement rc=1:     cont = (f"\n\nCONTINUATION: cycle {prev_partial['cycle']} ran out of budget and left draft PR #{prev_partial['pr']} on this branch " |                                                                                                     ~~~~~~~~~~~~^^^^^^ | KeyError: 'pr'
2026-09-11T05:01:47+00:00 start      STL-14   implement
2026-09-11T05:01:51+00:00 fail       STL-14   implement rc=1:     cont = (f"\n\nCONTINUATION: cycle {prev_partial['cycle']} ran out of budget and left draft PR #{prev_partial['pr']} on this branch " |                                                                                                     ~~~~~~~~~~~~^^^^^^ | KeyError: 'pr'
2026-09-11T05:04:03+00:00 start      STL-14   implement
2026-09-11T05:04:14+00:00 fail       STL-14   implement rc=1:     cont = (f"\n\nCONTINUATION: cycle {prev_partial['cycle']} ran out of budget and left draft PR #{prev_partial['pr']} on this branch " |                                                                                                     ~~~~~~~~~~~~^^^^^^ | KeyError: 'pr'
2026-09-11T05:06:24+00:00 start      STL-14   implement
2026-09-11T05:06:28+00:00 fail       STL-14   implement rc=1:     cont = (f"\n\nCONTINUATION: cycle {prev_partial['cycle']} ran out of budget and left draft PR #{prev_partial['pr']} on this branch " |                                                                                                     ~~~~~~~~~~~~^^^^^^ | KeyError: 'pr'
2026-09-11T05:08:38+00:00 start      STL-14   implement
2026-09-11T05:08:42+00:00 fail       STL-14   implement rc=1:     cont = (f"\n\nCONTINUATION: cycle {prev_partial['cycle']} ran out of budget and left draft PR #{prev_partial['pr']} on this branch " |                                                                                                     ~~~~~~~~~~~~^^^^^^ | KeyError: 'pr'
2026-09-11T05:10:52+00:00 start      STL-14   implement
2026-09-11T05:10:57+00:00 fail       STL-14   implement rc=1:     cont = (f"\n\nCONTINUATION: cycle {prev_partial['cycle']} ran out of budget and left draft PR #{prev_partial['pr']} on this branch " |                                                                                                     ~~~~~~~~~~~~^^^^^^ | KeyError: 'pr'
2026-09-11T05:13:08+00:00 start      STL-14   implement
2026-09-11T05:13:13+00:00 fail       STL-14   implement rc=1:     cont = (f"\n\nCONTINUATION: cycle {prev_partial['cycle']} ran out of budget and left draft PR #{prev_partial['pr']} on this branch " |                                                                                                     ~~~~~~~~~~~~^^^^^^ | KeyError: 'pr'
2026-09-11T05:15:24+00:00 start      STL-14   implement
2026-09-11T05:15:26+00:00 fail       STL-14   implement rc=1:     cont = (f"\n\nCONTINUATION: cycle {prev_partial['cycle']} ran out of budget and left draft PR #{prev_partial['pr']} on this branch " |                                                                                                     ~~~~~~~~~~~~^^^^^^ | KeyError: 'pr'
2026-09-11T05:17:39+00:00 start      STL-14   implement
2026-09-11T05:17:42+00:00 fail       STL-14   implement rc=1:     cont = (f"\n\nCONTINUATION: cycle {prev_partial['cycle']} ran out of budget and left draft PR #{prev_partial['pr']} on this branch " |                                                                                                     ~~~~~~~~~~~~^^^^^^ | KeyError: 'pr'
2026-09-11T05:19:54+00:00 start      STL-14   implement
2026-09-11T05:19:58+00:00 fail       STL-14   implement rc=1:     cont = (f"\n\nCONTINUATION: cycle {prev_partial['cycle']} ran out of budget and left draft PR #{prev_partial['pr']} on this branch " |                                                                                                     ~~~~~~~~~~~~^^^^^^ | KeyError: 'pr'
2026-09-11T05:22:09+00:00 start      STL-14   implement
2026-09-11T05:22:13+00:00 fail       STL-14   implement rc=1:     cont = (f"\n\nCONTINUATION: cycle {prev_partial['cycle']} ran out of budget and left draft PR #{prev_partial['pr']} on this branch " |                                                                                                     ~~~~~~~~~~~~^^^^^^ | KeyError: 'pr'
2026-09-11T05:24:25+00:00 start      STL-14   implement
2026-09-11T05:24:28+00:00 fail       STL-14   implement rc=1:     cont = (f"\n\nCONTINUATION: cycle {prev_partial['cycle']} ran out of budget and left draft PR #{prev_partial['pr']} on this branch " |                                                                                                     ~~~~~~~~~~~~^^^^^^ | KeyError: 'pr'
2026-09-11T05:26:39+00:00 start      STL-14   implement
2026-09-11T05:26:42+00:00 fail       STL-14   implement rc=1:     cont = (f"\n\nCONTINUATION: cycle {prev_partial['cycle']} ran out of budget and left draft PR #{prev_partial['pr']} on this branch " |                                                                                                     ~~~~~~~~~~~~^^^^^^ | KeyError: 'pr'
2026-09-11T05:28:53+00:00 start      STL-14   implement
2026-09-11T05:28:57+00:00 fail       STL-14   implement rc=1:     cont = (f"\n\nCONTINUATION: cycle {prev_partial['cycle']} ran out of budget and left draft PR #{prev_partial['pr']} on this branch " |                                                                                                     ~~~~~~~~~~~~^^^^^^ | KeyError: 'pr'
2026-09-11T05:31:08+00:00 start      STL-14   implement
2026-09-11T05:31:11+00:00 fail       STL-14   implement rc=1:     cont = (f"\n\nCONTINUATION: cycle {prev_partial['cycle']} ran out of budget and left draft PR #{prev_partial['pr']} on this branch " |                                                                                                     ~~~~~~~~~~~~^^^^^^ | KeyError: 'pr'
2026-09-11T05:33:22+00:00 start      STL-14   implement
2026-09-11T05:33:41+00:00 fail       STL-14   implement rc=1:     cont = (f"\n\nCONTINUATION: cycle {prev_partial['cycle']} ran out of budget and left draft PR #{prev_partial['pr']} on this branch " |                                                                                                     ~~~~~~~~~~~~^^^^^^ | KeyError: 'pr'
2026-09-11T05:35:52+00:00 start      STL-14   implement
2026-09-11T05:35:56+00:00 fail       STL-14   implement rc=1:     cont = (f"\n\nCONTINUATION: cycle {prev_partial['cycle']} ran out of budget and left draft PR #{prev_partial['pr']} on this branch " |                                                                                                     ~~~~~~~~~~~~^^^^^^ | KeyError: 'pr'
2026-09-11T05:38:07+00:00 start      STL-14   implement
2026-09-11T05:38:11+00:00 fail       STL-14   implement rc=1:     cont = (f"\n\nCONTINUATION: cycle {prev_partial['cycle']} ran out of budget and left draft PR #{prev_partial['pr']} on this branch " |                                                                                                     ~~~~~~~~~~~~^^^^^^ | KeyError: 'pr'
2026-09-11T05:40:21+00:00 start      STL-14   implement
2026-09-11T05:40:27+00:00 fail       STL-14   implement rc=1:     cont = (f"\n\nCONTINUATION: cycle {prev_partial['cycle']} ran out of budget and left draft PR #{prev_partial['pr']} on this branch " |                                                                                                     ~~~~~~~~~~~~^^^^^^ | KeyError: 'pr'
2026-09-11T05:42:38+00:00 start      STL-14   implement
2026-09-11T05:42:48+00:00 fail       STL-14   implement rc=1:     cont = (f"\n\nCONTINUATION: cycle {prev_partial['cycle']} ran out of budget and left draft PR #{prev_partial['pr']} on this branch " |                                                                                                     ~~~~~~~~~~~~^^^^^^ | KeyError: 'pr'
2026-09-11T05:44:58+00:00 start      STL-14   implement
2026-09-11T05:45:02+00:00 fail       STL-14   implement rc=1:     cont = (f"\n\nCONTINUATION: cycle {prev_partial['cycle']} ran out of budget and left draft PR #{prev_partial['pr']} on this branch " |                                                                                                     ~~~~~~~~~~~~^^^^^^ | KeyError: 'pr'
2026-09-11T05:47:14+00:00 start      STL-14   implement
2026-09-11T05:47:18+00:00 fail       STL-14   implement rc=1:     cont = (f"\n\nCONTINUATION: cycle {prev_partial['cycle']} ran out of budget and left draft PR #{prev_partial['pr']} on this branch " |                                                                                                     ~~~~~~~~~~~~^^^^^^ | KeyError: 'pr'
2026-09-11T05:49:28+00:00 start      STL-14   implement
2026-09-11T05:49:32+00:00 fail       STL-14   implement rc=1:     cont = (f"\n\nCONTINUATION: cycle {prev_partial['cycle']} ran out of budget and left draft PR #{prev_partial['pr']} on this branch " |                                                                                                     ~~~~~~~~~~~~^^^^^^ | KeyError: 'pr'
2026-09-11T05:51:42+00:00 start      STL-14   implement
2026-09-11T05:51:53+00:00 fail       STL-14   implement rc=1:     cont = (f"\n\nCONTINUATION: cycle {prev_partial['cycle']} ran out of budget and left draft PR #{prev_partial['pr']} on this branch " |                                                                                                     ~~~~~~~~~~~~^^^^^^ | KeyError: 'pr'
2026-09-11T05:54:04+00:00 start      STL-14   implement
2026-09-11T05:54:08+00:00 fail       STL-14   implement rc=1:     cont = (f"\n\nCONTINUATION: cycle {prev_partial['cycle']} ran out of budget and left draft PR #{prev_partial['pr']} on this branch " |                                                                                                     ~~~~~~~~~~~~^^^^^^ | KeyError: 'pr'
2026-09-11T05:56:20+00:00 start      STL-14   implement
2026-09-11T05:56:23+00:00 fail       STL-14   implement rc=1:     cont = (f"\n\nCONTINUATION: cycle {prev_partial['cycle']} ran out of budget and left draft PR #{prev_partial['pr']} on this branch " |                                                                                                     ~~~~~~~~~~~~^^^^^^ | KeyError: 'pr'
2026-09-11T05:58:35+00:00 start      STL-14   implement
2026-09-11T05:58:39+00:00 fail       STL-14   implement rc=1:     cont = (f"\n\nCONTINUATION: cycle {prev_partial['cycle']} ran out of budget and left draft PR #{prev_partial['pr']} on this branch " |                                                                                                     ~~~~~~~~~~~~^^^^^^ | KeyError: 'pr'
2026-09-11T06:00:50+00:00 start      STL-14   implement
2026-09-11T06:00:53+00:00 fail       STL-14   implement rc=1:     cont = (f"\n\nCONTINUATION: cycle {prev_partial['cycle']} ran out of budget and left draft PR #{prev_partial['pr']} on this branch " |                                                                                                     ~~~~~~~~~~~~^^^^^^ | KeyError: 'pr'
2026-09-11T06:03:04+00:00 start      STL-14   implement
2026-09-11T06:03:08+00:00 fail       STL-14   implement rc=1:     cont = (f"\n\nCONTINUATION: cycle {prev_partial['cycle']} ran out of budget and left draft PR #{prev_partial['pr']} on this branch " |                                                                                                     ~~~~~~~~~~~~^^^^^^ | KeyError: 'pr'
2026-09-11T06:05:18+00:00 start      STL-14   implement
2026-09-11T06:05:22+00:00 fail       STL-14   implement rc=1:     cont = (f"\n\nCONTINUATION: cycle {prev_partial['cycle']} ran out of budget and left draft PR #{prev_partial['pr']} on this branch " |                                                                                                     ~~~~~~~~~~~~^^^^^^ | KeyError: 'pr'
2026-09-11T06:07:33+00:00 start      STL-14   implement
2026-09-11T06:07:36+00:00 fail       STL-14   implement rc=1:     cont = (f"\n\nCONTINUATION: cycle {prev_partial['cycle']} ran out of budget and left draft PR #{prev_partial['pr']} on this branch " |                                                                                                     ~~~~~~~~~~~~^^^^^^ | KeyError: 'pr'
2026-09-11T06:09:46+00:00 start      STL-14   implement
2026-09-11T06:09:51+00:00 fail       STL-14   implement rc=1:     cont = (f"\n\nCONTINUATION: cycle {prev_partial['cycle']} ran out of budget and left draft PR #{prev_partial['pr']} on this branch " |                                                                                                     ~~~~~~~~~~~~^^^^^^ | KeyError: 'pr'
2026-09-11T06:12:01+00:00 start      STL-14   implement
2026-09-11T06:12:05+00:00 fail       STL-14   implement rc=1:     cont = (f"\n\nCONTINUATION: cycle {prev_partial['cycle']} ran out of budget and left draft PR #{prev_partial['pr']} on this branch " |                                                                                                     ~~~~~~~~~~~~^^^^^^ | KeyError: 'pr'
2026-09-11T06:14:15+00:00 start      STL-14   implement
2026-09-11T06:14:19+00:00 fail       STL-14   implement rc=1:     cont = (f"\n\nCONTINUATION: cycle {prev_partial['cycle']} ran out of budget and left draft PR #{prev_partial['pr']} on this branch " |                                                                                                     ~~~~~~~~~~~~^^^^^^ | KeyError: 'pr'
2026-09-11T06:16:29+00:00 start      STL-14   implement
2026-09-11T06:16:32+00:00 fail       STL-14   implement rc=1:     cont = (f"\n\nCONTINUATION: cycle {prev_partial['cycle']} ran out of budget and left draft PR #{prev_partial['pr']} on this branch " |                                                                                                     ~~~~~~~~~~~~^^^^^^ | KeyError: 'pr'
2026-09-11T06:18:44+00:00 start      STL-14   implement
2026-09-11T06:18:47+00:00 fail       STL-14   implement rc=1:     cont = (f"\n\nCONTINUATION: cycle {prev_partial['cycle']} ran out of budget and left draft PR #{prev_partial['pr']} on this branch " |                                                                                                     ~~~~~~~~~~~~^^^^^^ | KeyError: 'pr'
2026-09-11T06:20:58+00:00 start      STL-14   implement
2026-09-11T06:21:03+00:00 fail       STL-14   implement rc=1:     cont = (f"\n\nCONTINUATION: cycle {prev_partial['cycle']} ran out of budget and left draft PR #{prev_partial['pr']} on this branch " |                                                                                                     ~~~~~~~~~~~~^^^^^^ | KeyError: 'pr'
2026-09-11T06:23:14+00:00 start      STL-14   implement
2026-09-11T06:23:18+00:00 fail       STL-14   implement rc=1:     cont = (f"\n\nCONTINUATION: cycle {prev_partial['cycle']} ran out of budget and left draft PR #{prev_partial['pr']} on this branch " |                                                                                                     ~~~~~~~~~~~~^^^^^^ | KeyError: 'pr'
2026-09-11T06:25:29+00:00 start      STL-14   implement
2026-09-11T06:25:33+00:00 fail       STL-14   implement rc=1:     cont = (f"\n\nCONTINUATION: cycle {prev_partial['cycle']} ran out of budget and left draft PR #{prev_partial['pr']} on this branch " |                                                                                                     ~~~~~~~~~~~~^^^^^^ | KeyError: 'pr'
2026-09-11T06:27:43+00:00 start      STL-14   implement
2026-09-11T06:28:19+00:00 fail       STL-14   implement rc=1:     cont = (f"\n\nCONTINUATION: cycle {prev_partial['cycle']} ran out of budget and left draft PR #{prev_partial['pr']} on this branch " |                                                                                                     ~~~~~~~~~~~~^^^^^^ | KeyError: 'pr'
2026-09-11T06:30:30+00:00 start      STL-14   implement
2026-09-11T06:30:33+00:00 fail       STL-14   implement rc=1:     cont = (f"\n\nCONTINUATION: cycle {prev_partial['cycle']} ran out of budget and left draft PR #{prev_partial['pr']} on this branch " |                                                                                                     ~~~~~~~~~~~~^^^^^^ | KeyError: 'pr'
2026-09-11T06:32:45+00:00 start      STL-14   implement
2026-09-11T06:32:48+00:00 fail       STL-14   implement rc=1:     cont = (f"\n\nCONTINUATION: cycle {prev_partial['cycle']} ran out of budget and left draft PR #{prev_partial['pr']} on this branch " |                                                                                                     ~~~~~~~~~~~~^^^^^^ | KeyError: 'pr'
2026-09-11T06:35:00+00:00 start      STL-14   implement
2026-09-11T06:35:03+00:00 fail       STL-14   implement rc=1:     cont = (f"\n\nCONTINUATION: cycle {prev_partial['cycle']} ran out of budget and left draft PR #{prev_partial['pr']} on this branch " |                                                                                                     ~~~~~~~~~~~~^^^^^^ | KeyError: 'pr'
2026-09-11T06:37:14+00:00 start      STL-14   implement
2026-09-11T06:37:16+00:00 fail       STL-14   implement rc=1:     cont = (f"\n\nCONTINUATION: cycle {prev_partial['cycle']} ran out of budget and left draft PR #{prev_partial['pr']} on this branch " |                                                                                                     ~~~~~~~~~~~~^^^^^^ | KeyError: 'pr'
2026-09-11T06:39:27+00:00 start      STL-14   implement
2026-09-11T06:39:31+00:00 fail       STL-14   implement rc=1:     cont = (f"\n\nCONTINUATION: cycle {prev_partial['cycle']} ran out of budget and left draft PR #{prev_partial['pr']} on this branch " |                                                                                                     ~~~~~~~~~~~~^^^^^^ | KeyError: 'pr'
2026-09-11T06:41:42+00:00 start      STL-14   implement
2026-09-11T06:41:45+00:00 fail       STL-14   implement rc=1:     cont = (f"\n\nCONTINUATION: cycle {prev_partial['cycle']} ran out of budget and left draft PR #{prev_partial['pr']} on this branch " |                                                                                                     ~~~~~~~~~~~~^^^^^^ | KeyError: 'pr'
2026-09-11T06:43:56+00:00 start      STL-14   implement
2026-09-11T06:43:59+00:00 fail       STL-14   implement rc=1:     cont = (f"\n\nCONTINUATION: cycle {prev_partial['cycle']} ran out of budget and left draft PR #{prev_partial['pr']} on this branch " |                                                                                                     ~~~~~~~~~~~~^^^^^^ | KeyError: 'pr'
2026-09-11T06:46:10+00:00 start      STL-14   implement
2026-09-11T06:46:13+00:00 fail       STL-14   implement rc=1:     cont = (f"\n\nCONTINUATION: cycle {prev_partial['cycle']} ran out of budget and left draft PR #{prev_partial['pr']} on this branch " |                                                                                                     ~~~~~~~~~~~~^^^^^^ | KeyError: 'pr'
2026-09-11T06:48:24+00:00 start      STL-14   implement
2026-09-11T06:48:27+00:00 fail       STL-14   implement rc=1:     cont = (f"\n\nCONTINUATION: cycle {prev_partial['cycle']} ran out of budget and left draft PR #{prev_partial['pr']} on this branch " |                                                                                                     ~~~~~~~~~~~~^^^^^^ | KeyError: 'pr'
2026-09-11T06:50:38+00:00 start      STL-14   implement
2026-09-11T06:50:42+00:00 fail       STL-14   implement rc=1:     cont = (f"\n\nCONTINUATION: cycle {prev_partial['cycle']} ran out of budget and left draft PR #{prev_partial['pr']} on this branch " |                                                                                                     ~~~~~~~~~~~~^^^^^^ | KeyError: 'pr'
2026-09-11T06:52:54+00:00 start      STL-14   implement
2026-09-11T06:53:00+00:00 fail       STL-14   implement rc=1:     cont = (f"\n\nCONTINUATION: cycle {prev_partial['cycle']} ran out of budget and left draft PR #{prev_partial['pr']} on this branch " |                                                                                                     ~~~~~~~~~~~~^^^^^^ | KeyError: 'pr'
2026-09-11T06:55:12+00:00 start      STL-14   implement
2026-09-11T06:55:27+00:00 fail       STL-14   implement rc=1:     cont = (f"\n\nCONTINUATION: cycle {prev_partial['cycle']} ran out of budget and left draft PR #{prev_partial['pr']} on this branch " |                                                                                                     ~~~~~~~~~~~~^^^^^^ | KeyError: 'pr'
2026-09-11T06:57:39+00:00 start      STL-14   implement
2026-09-11T06:57:42+00:00 fail       STL-14   implement rc=1:     cont = (f"\n\nCONTINUATION: cycle {prev_partial['cycle']} ran out of budget and left draft PR #{prev_partial['pr']} on this branch " |                                                                                                     ~~~~~~~~~~~~^^^^^^ | KeyError: 'pr'
2026-09-11T06:59:54+00:00 start      STL-14   implement
2026-09-11T06:59:58+00:00 fail       STL-14   implement rc=1:     cont = (f"\n\nCONTINUATION: cycle {prev_partial['cycle']} ran out of budget and left draft PR #{prev_partial['pr']} on this branch " |                                                                                                     ~~~~~~~~~~~~^^^^^^ | KeyError: 'pr'
2026-09-11T07:02:10+00:00 start      STL-14   implement
2026-09-11T07:02:14+00:00 fail       STL-14   implement rc=1:     cont = (f"\n\nCONTINUATION: cycle {prev_partial['cycle']} ran out of budget and left draft PR #{prev_partial['pr']} on this branch " |                                                                                                     ~~~~~~~~~~~~^^^^^^ | KeyError: 'pr'
2026-09-11T07:04:26+00:00 start      STL-14   implement
2026-09-11T07:04:29+00:00 fail       STL-14   implement rc=1:     cont = (f"\n\nCONTINUATION: cycle {prev_partial['cycle']} ran out of budget and left draft PR #{prev_partial['pr']} on this branch " |                                                                                                     ~~~~~~~~~~~~^^^^^^ | KeyError: 'pr'
2026-09-11T07:06:41+00:00 start      STL-14   implement
2026-09-11T07:06:47+00:00 fail       STL-14   implement rc=1:     cont = (f"\n\nCONTINUATION: cycle {prev_partial['cycle']} ran out of budget and left draft PR #{prev_partial['pr']} on this branch " |                                                                                                     ~~~~~~~~~~~~^^^^^^ | KeyError: 'pr'
2026-09-11T07:08:58+00:00 start      STL-14   implement
2026-09-11T07:09:02+00:00 fail       STL-14   implement rc=1:     cont = (f"\n\nCONTINUATION: cycle {prev_partial['cycle']} ran out of budget and left draft PR #{prev_partial['pr']} on this branch " |                                                                                                     ~~~~~~~~~~~~^^^^^^ | KeyError: 'pr'
2026-09-11T07:11:13+00:00 start      STL-14   implement
2026-09-11T07:11:24+00:00 fail       STL-14   implement rc=1:     cont = (f"\n\nCONTINUATION: cycle {prev_partial['cycle']} ran out of budget and left draft PR #{prev_partial['pr']} on this branch " |                                                                                                     ~~~~~~~~~~~~^^^^^^ | KeyError: 'pr'
2026-09-11T07:13:34+00:00 start      STL-14   implement
2026-09-11T07:13:37+00:00 fail       STL-14   implement rc=1:     cont = (f"\n\nCONTINUATION: cycle {prev_partial['cycle']} ran out of budget and left draft PR #{prev_partial['pr']} on this branch " |                                                                                                     ~~~~~~~~~~~~^^^^^^ | KeyError: 'pr'
2026-09-11T07:15:48+00:00 start      STL-14   implement
2026-09-11T07:15:52+00:00 fail       STL-14   implement rc=1:     cont = (f"\n\nCONTINUATION: cycle {prev_partial['cycle']} ran out of budget and left draft PR #{prev_partial['pr']} on this branch " |                                                                                                     ~~~~~~~~~~~~^^^^^^ | KeyError: 'pr'
2026-09-11T07:18:03+00:00 start      STL-14   implement
2026-09-11T07:18:37+00:00 fail       STL-14   implement rc=1:     cont = (f"\n\nCONTINUATION: cycle {prev_partial['cycle']} ran out of budget and left draft PR #{prev_partial['pr']} on this branch " |                                                                                                     ~~~~~~~~~~~~^^^^^^ | KeyError: 'pr'
2026-09-11T07:20:48+00:00 start      STL-14   implement
2026-09-11T07:20:51+00:00 fail       STL-14   implement rc=1:     cont = (f"\n\nCONTINUATION: cycle {prev_partial['cycle']} ran out of budget and left draft PR #{prev_partial['pr']} on this branch " |                                                                                                     ~~~~~~~~~~~~^^^^^^ | KeyError: 'pr'
2026-09-11T07:23:02+00:00 start      STL-14   implement
2026-09-11T07:23:12+00:00 fail       STL-14   implement rc=1:     cont = (f"\n\nCONTINUATION: cycle {prev_partial['cycle']} ran out of budget and left draft PR #{prev_partial['pr']} on this branch " |                                                                                                     ~~~~~~~~~~~~^^^^^^ | KeyError: 'pr'
2026-09-11T07:25:23+00:00 start      STL-14   implement
2026-09-11T07:25:29+00:00 fail       STL-14   implement rc=1:     cont = (f"\n\nCONTINUATION: cycle {prev_partial['cycle']} ran out of budget and left draft PR #{prev_partial['pr']} on this branch " |                                                                                                     ~~~~~~~~~~~~^^^^^^ | KeyError: 'pr'
2026-09-11T07:27:40+00:00 start      STL-14   implement
2026-09-11T07:27:43+00:00 fail       STL-14   implement rc=1:     cont = (f"\n\nCONTINUATION: cycle {prev_partial['cycle']} ran out of budget and left draft PR #{prev_partial['pr']} on this branch " |                                                                                                     ~~~~~~~~~~~~^^^^^^ | KeyError: 'pr'
2026-09-11T07:29:54+00:00 start      STL-14   implement
2026-09-11T07:29:58+00:00 fail       STL-14   implement rc=1:     cont = (f"\n\nCONTINUATION: cycle {prev_partial['cycle']} ran out of budget and left draft PR #{prev_partial['pr']} on this branch " |                                                                                                     ~~~~~~~~~~~~^^^^^^ | KeyError: 'pr'
2026-09-11T07:32:09+00:00 start      STL-14   implement
2026-09-11T07:32:21+00:00 fail       STL-14   implement rc=1:     cont = (f"\n\nCONTINUATION: cycle {prev_partial['cycle']} ran out of budget and left draft PR #{prev_partial['pr']} on this branch " |                                                                                                     ~~~~~~~~~~~~^^^^^^ | KeyError: 'pr'
2026-09-11T07:34:33+00:00 start      STL-14   implement
2026-09-11T07:34:36+00:00 fail       STL-14   implement rc=1:     cont = (f"\n\nCONTINUATION: cycle {prev_partial['cycle']} ran out of budget and left draft PR #{prev_partial['pr']} on this branch " |                                                                                                     ~~~~~~~~~~~~^^^^^^ | KeyError: 'pr'
2026-09-11T07:36:46+00:00 start      STL-14   implement
2026-09-11T07:36:50+00:00 fail       STL-14   implement rc=1:     cont = (f"\n\nCONTINUATION: cycle {prev_partial['cycle']} ran out of budget and left draft PR #{prev_partial['pr']} on this branch " |                                                                                                     ~~~~~~~~~~~~^^^^^^ | KeyError: 'pr'
2026-09-11T07:39:01+00:00 start      STL-14   implement
2026-09-11T07:39:04+00:00 fail       STL-14   implement rc=1:     cont = (f"\n\nCONTINUATION: cycle {prev_partial['cycle']} ran out of budget and left draft PR #{prev_partial['pr']} on this branch " |                                                                                                     ~~~~~~~~~~~~^^^^^^ | KeyError: 'pr'
2026-09-11T07:41:14+00:00 start      STL-14   implement
2026-09-11T07:41:35+00:00 fail       STL-14   implement rc=1:     cont = (f"\n\nCONTINUATION: cycle {prev_partial['cycle']} ran out of budget and left draft PR #{prev_partial['pr']} on this branch " |                                                                                                     ~~~~~~~~~~~~^^^^^^ | KeyError: 'pr'
2026-09-11T07:43:46+00:00 start      STL-14   implement
2026-09-11T07:43:53+00:00 fail       STL-14   implement rc=1:     cont = (f"\n\nCONTINUATION: cycle {prev_partial['cycle']} ran out of budget and left draft PR #{prev_partial['pr']} on this branch " |                                                                                                     ~~~~~~~~~~~~^^^^^^ | KeyError: 'pr'
2026-09-11T07:46:03+00:00 start      STL-14   implement
2026-09-11T07:46:06+00:00 fail       STL-14   implement rc=1:     cont = (f"\n\nCONTINUATION: cycle {prev_partial['cycle']} ran out of budget and left draft PR #{prev_partial['pr']} on this branch " |                                                                                                     ~~~~~~~~~~~~^^^^^^ | KeyError: 'pr'
2026-09-11T07:48:17+00:00 start      STL-14   implement
2026-09-11T07:48:20+00:00 fail       STL-14   implement rc=1:     cont = (f"\n\nCONTINUATION: cycle {prev_partial['cycle']} ran out of budget and left draft PR #{prev_partial['pr']} on this branch " |                                                                                                     ~~~~~~~~~~~~^^^^^^ | KeyError: 'pr'
2026-09-11T07:50:30+00:00 start      STL-14   implement
2026-09-11T07:50:33+00:00 fail       STL-14   implement rc=1:     cont = (f"\n\nCONTINUATION: cycle {prev_partial['cycle']} ran out of budget and left draft PR #{prev_partial['pr']} on this branch " |                                                                                                     ~~~~~~~~~~~~^^^^^^ | KeyError: 'pr'
2026-09-11T07:52:44+00:00 start      STL-14   implement
2026-09-11T07:52:48+00:00 fail       STL-14   implement rc=1:     cont = (f"\n\nCONTINUATION: cycle {prev_partial['cycle']} ran out of budget and left draft PR #{prev_partial['pr']} on this branch " |                                                                                                     ~~~~~~~~~~~~^^^^^^ | KeyError: 'pr'
2026-09-11T07:55:00+00:00 start      STL-14   implement
2026-09-11T07:55:03+00:00 fail       STL-14   implement rc=1:     cont = (f"\n\nCONTINUATION: cycle {prev_partial['cycle']} ran out of budget and left draft PR #{prev_partial['pr']} on this branch " |                                                                                                     ~~~~~~~~~~~~^^^^^^ | KeyError: 'pr'
2026-09-11T07:57:14+00:00 start      STL-14   implement
2026-09-11T07:57:18+00:00 fail       STL-14   implement rc=1:     cont = (f"\n\nCONTINUATION: cycle {prev_partial['cycle']} ran out of budget and left draft PR #{prev_partial['pr']} on this branch " |                                                                                                     ~~~~~~~~~~~~^^^^^^ | KeyError: 'pr'
2026-09-11T07:59:28+00:00 start      STL-14   implement
2026-09-11T07:59:31+00:00 fail       STL-14   implement rc=1:     cont = (f"\n\nCONTINUATION: cycle {prev_partial['cycle']} ran out of budget and left draft PR #{prev_partial['pr']} on this branch " |                                                                                                     ~~~~~~~~~~~~^^^^^^ | KeyError: 'pr'
2026-09-11T08:01:42+00:00 start      STL-14   implement
2026-09-11T08:01:46+00:00 fail       STL-14   implement rc=1:     cont = (f"\n\nCONTINUATION: cycle {prev_partial['cycle']} ran out of budget and left draft PR #{prev_partial['pr']} on this branch " |                                                                                                     ~~~~~~~~~~~~^^^^^^ | KeyError: 'pr'
2026-09-11T08:03:57+00:00 start      STL-14   implement
2026-09-11T08:04:01+00:00 fail       STL-14   implement rc=1:     cont = (f"\n\nCONTINUATION: cycle {prev_partial['cycle']} ran out of budget and left draft PR #{prev_partial['pr']} on this branch " |                                                                                                     ~~~~~~~~~~~~^^^^^^ | KeyError: 'pr'
2026-09-11T08:06:13+00:00 start      STL-14   implement
2026-09-11T08:06:18+00:00 fail       STL-14   implement rc=1:     cont = (f"\n\nCONTINUATION: cycle {prev_partial['cycle']} ran out of budget and left draft PR #{prev_partial['pr']} on this branch " |                                                                                                     ~~~~~~~~~~~~^^^^^^ | KeyError: 'pr'
2026-09-11T08:08:28+00:00 start      STL-14   implement
2026-09-11T08:08:32+00:00 fail       STL-14   implement rc=1:     cont = (f"\n\nCONTINUATION: cycle {prev_partial['cycle']} ran out of budget and left draft PR #{prev_partial['pr']} on this branch " |                                                                                                     ~~~~~~~~~~~~^^^^^^ | KeyError: 'pr'
2026-09-11T08:10:43+00:00 start      STL-14   implement
2026-09-11T08:10:47+00:00 fail       STL-14   implement rc=1:     cont = (f"\n\nCONTINUATION: cycle {prev_partial['cycle']} ran out of budget and left draft PR #{prev_partial['pr']} on this branch " |                                                                                                     ~~~~~~~~~~~~^^^^^^ | KeyError: 'pr'
2026-09-11T08:12:58+00:00 start      STL-14   implement
2026-09-11T08:13:02+00:00 fail       STL-14   implement rc=1:     cont = (f"\n\nCONTINUATION: cycle {prev_partial['cycle']} ran out of budget and left draft PR #{prev_partial['pr']} on this branch " |                                                                                                     ~~~~~~~~~~~~^^^^^^ | KeyError: 'pr'
2026-09-11T08:15:13+00:00 start      STL-14   implement
2026-09-11T08:15:16+00:00 fail       STL-14   implement rc=1:     cont = (f"\n\nCONTINUATION: cycle {prev_partial['cycle']} ran out of budget and left draft PR #{prev_partial['pr']} on this branch " |                                                                                                     ~~~~~~~~~~~~^^^^^^ | KeyError: 'pr'
2026-09-11T08:17:27+00:00 start      STL-14   implement
2026-09-11T08:17:47+00:00 fail       STL-14   implement rc=1:     cont = (f"\n\nCONTINUATION: cycle {prev_partial['cycle']} ran out of budget and left draft PR #{prev_partial['pr']} on this branch " |                                                                                                     ~~~~~~~~~~~~^^^^^^ | KeyError: 'pr'
2026-09-11T08:19:58+00:00 start      STL-14   implement
2026-09-11T08:20:03+00:00 fail       STL-14   implement rc=1:     cont = (f"\n\nCONTINUATION: cycle {prev_partial['cycle']} ran out of budget and left draft PR #{prev_partial['pr']} on this branch " |                                                                                                     ~~~~~~~~~~~~^^^^^^ | KeyError: 'pr'
2026-09-11T08:22:13+00:00 start      STL-14   implement
2026-09-11T08:22:17+00:00 fail       STL-14   implement rc=1:     cont = (f"\n\nCONTINUATION: cycle {prev_partial['cycle']} ran out of budget and left draft PR #{prev_partial['pr']} on this branch " |                                                                                                     ~~~~~~~~~~~~^^^^^^ | KeyError: 'pr'
2026-09-11T08:24:27+00:00 start      STL-14   implement
2026-09-11T08:24:30+00:00 fail       STL-14   implement rc=1:     cont = (f"\n\nCONTINUATION: cycle {prev_partial['cycle']} ran out of budget and left draft PR #{prev_partial['pr']} on this branch " |                                                                                                     ~~~~~~~~~~~~^^^^^^ | KeyError: 'pr'
2026-09-11T08:26:42+00:00 start      STL-14   implement
2026-09-11T08:26:45+00:00 fail       STL-14   implement rc=1:     cont = (f"\n\nCONTINUATION: cycle {prev_partial['cycle']} ran out of budget and left draft PR #{prev_partial['pr']} on this branch " |                                                                                                     ~~~~~~~~~~~~^^^^^^ | KeyError: 'pr'
2026-09-11T08:28:56+00:00 start      STL-14   implement
2026-09-11T08:29:02+00:00 fail       STL-14   implement rc=1:     cont = (f"\n\nCONTINUATION: cycle {prev_partial['cycle']} ran out of budget and left draft PR #{prev_partial['pr']} on this branch " |                                                                                                     ~~~~~~~~~~~~^^^^^^ | KeyError: 'pr'
2026-09-11T08:31:13+00:00 start      STL-14   implement
2026-09-11T08:31:17+00:00 fail       STL-14   implement rc=1:     cont = (f"\n\nCONTINUATION: cycle {prev_partial['cycle']} ran out of budget and left draft PR #{prev_partial['pr']} on this branch " |                                                                                                     ~~~~~~~~~~~~^^^^^^ | KeyError: 'pr'
2026-09-11T08:33:28+00:00 start      STL-14   implement
2026-09-11T08:33:31+00:00 fail       STL-14   implement rc=1:     cont = (f"\n\nCONTINUATION: cycle {prev_partial['cycle']} ran out of budget and left draft PR #{prev_partial['pr']} on this branch " |                                                                                                     ~~~~~~~~~~~~^^^^^^ | KeyError: 'pr'
2026-09-11T08:35:42+00:00 start      STL-14   implement
2026-09-11T08:35:45+00:00 fail       STL-14   implement rc=1:     cont = (f"\n\nCONTINUATION: cycle {prev_partial['cycle']} ran out of budget and left draft PR #{prev_partial['pr']} on this branch " |                                                                                                     ~~~~~~~~~~~~^^^^^^ | KeyError: 'pr'
2026-09-11T08:37:57+00:00 start      STL-14   implement
2026-09-11T08:38:04+00:00 fail       STL-14   implement rc=1:     cont = (f"\n\nCONTINUATION: cycle {prev_partial['cycle']} ran out of budget and left draft PR #{prev_partial['pr']} on this branch " |                                                                                                     ~~~~~~~~~~~~^^^^^^ | KeyError: 'pr'
2026-09-11T08:40:16+00:00 start      STL-14   implement
2026-09-11T08:40:20+00:00 fail       STL-14   implement rc=1:     cont = (f"\n\nCONTINUATION: cycle {prev_partial['cycle']} ran out of budget and left draft PR #{prev_partial['pr']} on this branch " |                                                                                                     ~~~~~~~~~~~~^^^^^^ | KeyError: 'pr'
2026-09-11T08:42:31+00:00 start      STL-14   implement
2026-09-11T08:42:35+00:00 fail       STL-14   implement rc=1:     cont = (f"\n\nCONTINUATION: cycle {prev_partial['cycle']} ran out of budget and left draft PR #{prev_partial['pr']} on this branch " |                                                                                                     ~~~~~~~~~~~~^^^^^^ | KeyError: 'pr'
2026-09-11T08:44:47+00:00 start      STL-14   implement
2026-09-11T08:44:50+00:00 fail       STL-14   implement rc=1:     cont = (f"\n\nCONTINUATION: cycle {prev_partial['cycle']} ran out of budget and left draft PR #{prev_partial['pr']} on this branch " |                                                                                                     ~~~~~~~~~~~~^^^^^^ | KeyError: 'pr'
2026-09-11T08:47:01+00:00 start      STL-14   implement
2026-09-11T08:47:09+00:00 fail       STL-14   implement rc=1:     cont = (f"\n\nCONTINUATION: cycle {prev_partial['cycle']} ran out of budget and left draft PR #{prev_partial['pr']} on this branch " |                                                                                                     ~~~~~~~~~~~~^^^^^^ | KeyError: 'pr'
2026-09-11T08:49:21+00:00 start      STL-14   implement
2026-09-11T08:49:25+00:00 fail       STL-14   implement rc=1:     cont = (f"\n\nCONTINUATION: cycle {prev_partial['cycle']} ran out of budget and left draft PR #{prev_partial['pr']} on this branch " |                                                                                                     ~~~~~~~~~~~~^^^^^^ | KeyError: 'pr'
2026-09-11T08:51:36+00:00 start      STL-14   implement
2026-09-11T08:51:40+00:00 fail       STL-14   implement rc=1:     cont = (f"\n\nCONTINUATION: cycle {prev_partial['cycle']} ran out of budget and left draft PR #{prev_partial['pr']} on this branch " |                                                                                                     ~~~~~~~~~~~~^^^^^^ | KeyError: 'pr'
2026-09-11T08:53:51+00:00 start      STL-14   implement
2026-09-11T08:54:12+00:00 fail       STL-14   implement rc=1:     cont = (f"\n\nCONTINUATION: cycle {prev_partial['cycle']} ran out of budget and left draft PR #{prev_partial['pr']} on this branch " |                                                                                                     ~~~~~~~~~~~~^^^^^^ | KeyError: 'pr'
2026-09-11T08:56:24+00:00 start      STL-14   implement
2026-09-11T08:56:28+00:00 fail       STL-14   implement rc=1:     cont = (f"\n\nCONTINUATION: cycle {prev_partial['cycle']} ran out of budget and left draft PR #{prev_partial['pr']} on this branch " |                                                                                                     ~~~~~~~~~~~~^^^^^^ | KeyError: 'pr'
2026-09-11T08:58:39+00:00 start      STL-14   implement
2026-09-11T08:58:43+00:00 fail       STL-14   implement rc=1:     cont = (f"\n\nCONTINUATION: cycle {prev_partial['cycle']} ran out of budget and left draft PR #{prev_partial['pr']} on this branch " |                                                                                                     ~~~~~~~~~~~~^^^^^^ | KeyError: 'pr'
2026-09-11T09:00:55+00:00 start      STL-14   implement
2026-09-11T09:00:58+00:00 fail       STL-14   implement rc=1:     cont = (f"\n\nCONTINUATION: cycle {prev_partial['cycle']} ran out of budget and left draft PR #{prev_partial['pr']} on this branch " |                                                                                                     ~~~~~~~~~~~~^^^^^^ | KeyError: 'pr'
2026-09-11T09:03:10+00:00 start      STL-14   implement
2026-09-11T09:03:22+00:00 fail       STL-14   implement rc=1:     cont = (f"\n\nCONTINUATION: cycle {prev_partial['cycle']} ran out of budget and left draft PR #{prev_partial['pr']} on this branch " |                                                                                                     ~~~~~~~~~~~~^^^^^^ | KeyError: 'pr'
2026-09-11T09:05:35+00:00 start      STL-14   implement
2026-09-11T09:05:39+00:00 fail       STL-14   implement rc=1:     cont = (f"\n\nCONTINUATION: cycle {prev_partial['cycle']} ran out of budget and left draft PR #{prev_partial['pr']} on this branch " |                                                                                                     ~~~~~~~~~~~~^^^^^^ | KeyError: 'pr'
2026-09-11T09:07:50+00:00 start      STL-14   implement
2026-09-11T09:07:54+00:00 fail       STL-14   implement rc=1:     cont = (f"\n\nCONTINUATION: cycle {prev_partial['cycle']} ran out of budget and left draft PR #{prev_partial['pr']} on this branch " |                                                                                                     ~~~~~~~~~~~~^^^^^^ | KeyError: 'pr'
2026-09-11T09:10:06+00:00 start      STL-14   implement
2026-09-11T09:10:18+00:00 fail       STL-14   implement rc=1:     cont = (f"\n\nCONTINUATION: cycle {prev_partial['cycle']} ran out of budget and left draft PR #{prev_partial['pr']} on this branch " |                                                                                                     ~~~~~~~~~~~~^^^^^^ | KeyError: 'pr'
2026-09-11T09:12:29+00:00 start      STL-14   implement
2026-09-11T09:12:33+00:00 fail       STL-14   implement rc=1:     cont = (f"\n\nCONTINUATION: cycle {prev_partial['cycle']} ran out of budget and left draft PR #{prev_partial['pr']} on this branch " |                                                                                                     ~~~~~~~~~~~~^^^^^^ | KeyError: 'pr'
2026-09-11T09:14:44+00:00 start      STL-14   implement
2026-09-11T09:14:51+00:00 fail       STL-14   implement rc=1:     cont = (f"\n\nCONTINUATION: cycle {prev_partial['cycle']} ran out of budget and left draft PR #{prev_partial['pr']} on this branch " |                                                                                                     ~~~~~~~~~~~~^^^^^^ | KeyError: 'pr'
2026-09-11T09:17:03+00:00 start      STL-14   implement
2026-09-11T09:17:06+00:00 fail       STL-14   implement rc=1:     cont = (f"\n\nCONTINUATION: cycle {prev_partial['cycle']} ran out of budget and left draft PR #{prev_partial['pr']} on this branch " |                                                                                                     ~~~~~~~~~~~~^^^^^^ | KeyError: 'pr'
2026-09-11T09:19:18+00:00 start      STL-14   implement
2026-09-11T09:19:21+00:00 fail       STL-14   implement rc=1:     cont = (f"\n\nCONTINUATION: cycle {prev_partial['cycle']} ran out of budget and left draft PR #{prev_partial['pr']} on this branch " |                                                                                                     ~~~~~~~~~~~~^^^^^^ | KeyError: 'pr'
2026-09-11T09:21:32+00:00 start      STL-14   implement
2026-09-11T09:21:35+00:00 fail       STL-14   implement rc=1:     cont = (f"\n\nCONTINUATION: cycle {prev_partial['cycle']} ran out of budget and left draft PR #{prev_partial['pr']} on this branch " |                                                                                                     ~~~~~~~~~~~~^^^^^^ | KeyError: 'pr'
2026-09-11T09:23:47+00:00 start      STL-14   implement
2026-09-11T09:23:50+00:00 fail       STL-14   implement rc=1:     cont = (f"\n\nCONTINUATION: cycle {prev_partial['cycle']} ran out of budget and left draft PR #{prev_partial['pr']} on this branch " |                                                                                                     ~~~~~~~~~~~~^^^^^^ | KeyError: 'pr'
2026-09-11T09:26:02+00:00 start      STL-14   implement
2026-09-11T09:26:06+00:00 fail       STL-14   implement rc=1:     cont = (f"\n\nCONTINUATION: cycle {prev_partial['cycle']} ran out of budget and left draft PR #{prev_partial['pr']} on this branch " |                                                                                                     ~~~~~~~~~~~~^^^^^^ | KeyError: 'pr'
2026-09-11T09:28:16+00:00 start      STL-14   implement
2026-09-11T09:28:20+00:00 fail       STL-14   implement rc=1:     cont = (f"\n\nCONTINUATION: cycle {prev_partial['cycle']} ran out of budget and left draft PR #{prev_partial['pr']} on this branch " |                                                                                                     ~~~~~~~~~~~~^^^^^^ | KeyError: 'pr'
2026-09-11T09:30:31+00:00 start      STL-14   implement
2026-09-11T09:30:34+00:00 fail       STL-14   implement rc=1:     cont = (f"\n\nCONTINUATION: cycle {prev_partial['cycle']} ran out of budget and left draft PR #{prev_partial['pr']} on this branch " |                                                                                                     ~~~~~~~~~~~~^^^^^^ | KeyError: 'pr'
2026-09-11T09:32:45+00:00 start      STL-14   implement
2026-09-11T09:32:49+00:00 fail       STL-14   implement rc=1:     cont = (f"\n\nCONTINUATION: cycle {prev_partial['cycle']} ran out of budget and left draft PR #{prev_partial['pr']} on this branch " |                                                                                                     ~~~~~~~~~~~~^^^^^^ | KeyError: 'pr'
2026-09-11T09:34:59+00:00 start      STL-14   implement
2026-09-11T09:35:03+00:00 fail       STL-14   implement rc=1:     cont = (f"\n\nCONTINUATION: cycle {prev_partial['cycle']} ran out of budget and left draft PR #{prev_partial['pr']} on this branch " |                                                                                                     ~~~~~~~~~~~~^^^^^^ | KeyError: 'pr'
2026-09-11T09:37:13+00:00 start      STL-14   implement
2026-09-11T09:37:22+00:00 fail       STL-14   implement rc=1:     cont = (f"\n\nCONTINUATION: cycle {prev_partial['cycle']} ran out of budget and left draft PR #{prev_partial['pr']} on this branch " |                                                                                                     ~~~~~~~~~~~~^^^^^^ | KeyError: 'pr'
2026-09-11T09:39:33+00:00 start      STL-14   implement
2026-09-11T09:39:37+00:00 fail       STL-14   implement rc=1:     cont = (f"\n\nCONTINUATION: cycle {prev_partial['cycle']} ran out of budget and left draft PR #{prev_partial['pr']} on this branch " |                                                                                                     ~~~~~~~~~~~~^^^^^^ | KeyError: 'pr'
2026-09-11T09:41:48+00:00 start      STL-14   implement
2026-09-11T09:41:53+00:00 fail       STL-14   implement rc=1:     cont = (f"\n\nCONTINUATION: cycle {prev_partial['cycle']} ran out of budget and left draft PR #{prev_partial['pr']} on this branch " |                                                                                                     ~~~~~~~~~~~~^^^^^^ | KeyError: 'pr'
2026-09-11T09:44:04+00:00 start      STL-14   implement
2026-09-11T09:44:09+00:00 fail       STL-14   implement rc=1:     cont = (f"\n\nCONTINUATION: cycle {prev_partial['cycle']} ran out of budget and left draft PR #{prev_partial['pr']} on this branch " |                                                                                                     ~~~~~~~~~~~~^^^^^^ | KeyError: 'pr'
2026-09-11T09:46:19+00:00 start      STL-14   implement
2026-09-11T09:46:23+00:00 fail       STL-14   implement rc=1:     cont = (f"\n\nCONTINUATION: cycle {prev_partial['cycle']} ran out of budget and left draft PR #{prev_partial['pr']} on this branch " |                                                                                                     ~~~~~~~~~~~~^^^^^^ | KeyError: 'pr'
2026-09-11T09:48:34+00:00 start      STL-14   implement
2026-09-11T09:48:38+00:00 fail       STL-14   implement rc=1:     cont = (f"\n\nCONTINUATION: cycle {prev_partial['cycle']} ran out of budget and left draft PR #{prev_partial['pr']} on this branch " |                                                                                                     ~~~~~~~~~~~~^^^^^^ | KeyError: 'pr'
2026-09-11T09:50:49+00:00 start      STL-14   implement
2026-09-11T09:50:52+00:00 fail       STL-14   implement rc=1:     cont = (f"\n\nCONTINUATION: cycle {prev_partial['cycle']} ran out of budget and left draft PR #{prev_partial['pr']} on this branch " |                                                                                                     ~~~~~~~~~~~~^^^^^^ | KeyError: 'pr'
2026-09-11T09:53:03+00:00 start      STL-14   implement
2026-09-11T09:53:07+00:00 fail       STL-14   implement rc=1:     cont = (f"\n\nCONTINUATION: cycle {prev_partial['cycle']} ran out of budget and left draft PR #{prev_partial['pr']} on this branch " |                                                                                                     ~~~~~~~~~~~~^^^^^^ | KeyError: 'pr'
2026-09-11T09:55:18+00:00 start      STL-14   implement
2026-09-11T09:55:22+00:00 fail       STL-14   implement rc=1:     cont = (f"\n\nCONTINUATION: cycle {prev_partial['cycle']} ran out of budget and left draft PR #{prev_partial['pr']} on this branch " |                                                                                                     ~~~~~~~~~~~~^^^^^^ | KeyError: 'pr'
2026-09-11T09:57:32+00:00 start      STL-14   implement
2026-09-11T09:57:36+00:00 fail       STL-14   implement rc=1:     cont = (f"\n\nCONTINUATION: cycle {prev_partial['cycle']} ran out of budget and left draft PR #{prev_partial['pr']} on this branch " |                                                                                                     ~~~~~~~~~~~~^^^^^^ | KeyError: 'pr'
2026-09-11T09:59:47+00:00 start      STL-14   implement
2026-09-11T09:59:52+00:00 fail       STL-14   implement rc=1:     cont = (f"\n\nCONTINUATION: cycle {prev_partial['cycle']} ran out of budget and left draft PR #{prev_partial['pr']} on this branch " |                                                                                                     ~~~~~~~~~~~~^^^^^^ | KeyError: 'pr'
2026-09-11T10:02:33+00:00 start      STL-14   implement
2026-09-11T10:02:37+00:00 fail       STL-14   implement rc=1:     cont = (f"\n\nCONTINUATION: cycle {prev_partial['cycle']} ran out of budget and left draft PR #{prev_partial['pr']} on this branch " |                                                                                                     ~~~~~~~~~~~~^^^^^^ | KeyError: 'pr'
2026-09-11T10:04:49+00:00 start      STL-14   implement
2026-09-11T10:04:53+00:00 fail       STL-14   implement rc=1:     cont = (f"\n\nCONTINUATION: cycle {prev_partial['cycle']} ran out of budget and left draft PR #{prev_partial['pr']} on this branch " |                                                                                                     ~~~~~~~~~~~~^^^^^^ | KeyError: 'pr'
2026-09-11T10:07:04+00:00 start      STL-14   implement
2026-09-11T10:07:18+00:00 fail       STL-14   implement rc=1:     cont = (f"\n\nCONTINUATION: cycle {prev_partial['cycle']} ran out of budget and left draft PR #{prev_partial['pr']} on this branch " |                                                                                                     ~~~~~~~~~~~~^^^^^^ | KeyError: 'pr'
2026-09-11T10:09:29+00:00 start      STL-14   implement
2026-09-11T10:09:32+00:00 fail       STL-14   implement rc=1:     cont = (f"\n\nCONTINUATION: cycle {prev_partial['cycle']} ran out of budget and left draft PR #{prev_partial['pr']} on this branch " |                                                                                                     ~~~~~~~~~~~~^^^^^^ | KeyError: 'pr'
2026-09-11T10:11:43+00:00 start      STL-14   implement
2026-09-11T10:11:47+00:00 fail       STL-14   implement rc=1:     cont = (f"\n\nCONTINUATION: cycle {prev_partial['cycle']} ran out of budget and left draft PR #{prev_partial['pr']} on this branch " |                                                                                                     ~~~~~~~~~~~~^^^^^^ | KeyError: 'pr'
2026-09-11T10:13:58+00:00 start      STL-14   implement
2026-09-11T10:14:02+00:00 fail       STL-14   implement rc=1:     cont = (f"\n\nCONTINUATION: cycle {prev_partial['cycle']} ran out of budget and left draft PR #{prev_partial['pr']} on this branch " |                                                                                                     ~~~~~~~~~~~~^^^^^^ | KeyError: 'pr'
2026-09-11T10:16:13+00:00 start      STL-14   implement
2026-09-11T10:16:16+00:00 fail       STL-14   implement rc=1:     cont = (f"\n\nCONTINUATION: cycle {prev_partial['cycle']} ran out of budget and left draft PR #{prev_partial['pr']} on this branch " |                                                                                                     ~~~~~~~~~~~~^^^^^^ | KeyError: 'pr'
2026-09-11T10:18:28+00:00 start      STL-14   implement
2026-09-11T10:18:35+00:00 fail       STL-14   implement rc=1:     cont = (f"\n\nCONTINUATION: cycle {prev_partial['cycle']} ran out of budget and left draft PR #{prev_partial['pr']} on this branch " |                                                                                                     ~~~~~~~~~~~~^^^^^^ | KeyError: 'pr'
2026-09-11T10:20:46+00:00 start      STL-14   implement
2026-09-11T10:20:49+00:00 fail       STL-14   implement rc=1:     cont = (f"\n\nCONTINUATION: cycle {prev_partial['cycle']} ran out of budget and left draft PR #{prev_partial['pr']} on this branch " |                                                                                                     ~~~~~~~~~~~~^^^^^^ | KeyError: 'pr'
2026-09-11T10:23:00+00:00 start      STL-14   implement
2026-09-11T10:23:03+00:00 fail       STL-14   implement rc=1:     cont = (f"\n\nCONTINUATION: cycle {prev_partial['cycle']} ran out of budget and left draft PR #{prev_partial['pr']} on this branch " |                                                                                                     ~~~~~~~~~~~~^^^^^^ | KeyError: 'pr'
2026-09-11T10:25:14+00:00 start      STL-14   implement
2026-09-11T10:25:17+00:00 fail       STL-14   implement rc=1:     cont = (f"\n\nCONTINUATION: cycle {prev_partial['cycle']} ran out of budget and left draft PR #{prev_partial['pr']} on this branch " |                                                                                                     ~~~~~~~~~~~~^^^^^^ | KeyError: 'pr'
2026-09-11T10:27:28+00:00 start      STL-14   implement
2026-09-11T10:27:33+00:00 fail       STL-14   implement rc=1:     cont = (f"\n\nCONTINUATION: cycle {prev_partial['cycle']} ran out of budget and left draft PR #{prev_partial['pr']} on this branch " |                                                                                                     ~~~~~~~~~~~~^^^^^^ | KeyError: 'pr'
2026-09-11T10:29:44+00:00 start      STL-14   implement
2026-09-11T10:29:48+00:00 fail       STL-14   implement rc=1:     cont = (f"\n\nCONTINUATION: cycle {prev_partial['cycle']} ran out of budget and left draft PR #{prev_partial['pr']} on this branch " |                                                                                                     ~~~~~~~~~~~~^^^^^^ | KeyError: 'pr'
2026-09-11T10:31:59+00:00 start      STL-14   implement
2026-09-11T10:32:03+00:00 fail       STL-14   implement rc=1:     cont = (f"\n\nCONTINUATION: cycle {prev_partial['cycle']} ran out of budget and left draft PR #{prev_partial['pr']} on this branch " |                                                                                                     ~~~~~~~~~~~~^^^^^^ | KeyError: 'pr'
2026-09-11T10:34:15+00:00 start      STL-14   implement
2026-09-11T10:34:18+00:00 fail       STL-14   implement rc=1:     cont = (f"\n\nCONTINUATION: cycle {prev_partial['cycle']} ran out of budget and left draft PR #{prev_partial['pr']} on this branch " |                                                                                                     ~~~~~~~~~~~~^^^^^^ | KeyError: 'pr'
2026-09-11T10:36:29+00:00 start      STL-14   implement
2026-09-11T10:36:33+00:00 fail       STL-14   implement rc=1:     cont = (f"\n\nCONTINUATION: cycle {prev_partial['cycle']} ran out of budget and left draft PR #{prev_partial['pr']} on this branch " |                                                                                                     ~~~~~~~~~~~~^^^^^^ | KeyError: 'pr'
2026-09-11T10:38:44+00:00 start      STL-14   implement
2026-09-11T10:38:47+00:00 fail       STL-14   implement rc=1:     cont = (f"\n\nCONTINUATION: cycle {prev_partial['cycle']} ran out of budget and left draft PR #{prev_partial['pr']} on this branch " |                                                                                                     ~~~~~~~~~~~~^^^^^^ | KeyError: 'pr'
2026-09-11T10:40:58+00:00 start      STL-14   implement
2026-09-11T10:41:01+00:00 fail       STL-14   implement rc=1:     cont = (f"\n\nCONTINUATION: cycle {prev_partial['cycle']} ran out of budget and left draft PR #{prev_partial['pr']} on this branch " |                                                                                                     ~~~~~~~~~~~~^^^^^^ | KeyError: 'pr'
2026-09-11T10:43:12+00:00 start      STL-14   implement
2026-09-11T10:43:15+00:00 fail       STL-14   implement rc=1:     cont = (f"\n\nCONTINUATION: cycle {prev_partial['cycle']} ran out of budget and left draft PR #{prev_partial['pr']} on this branch " |                                                                                                     ~~~~~~~~~~~~^^^^^^ | KeyError: 'pr'
2026-09-11T10:45:26+00:00 start      STL-14   implement
2026-09-11T10:45:30+00:00 fail       STL-14   implement rc=1:     cont = (f"\n\nCONTINUATION: cycle {prev_partial['cycle']} ran out of budget and left draft PR #{prev_partial['pr']} on this branch " |                                                                                                     ~~~~~~~~~~~~^^^^^^ | KeyError: 'pr'
2026-09-11T10:47:43+00:00 start      STL-14   implement
2026-09-11T10:47:46+00:00 fail       STL-14   implement rc=1:     cont = (f"\n\nCONTINUATION: cycle {prev_partial['cycle']} ran out of budget and left draft PR #{prev_partial['pr']} on this branch " |                                                                                                     ~~~~~~~~~~~~^^^^^^ | KeyError: 'pr'
2026-09-11T10:49:58+00:00 start      STL-14   implement
2026-09-11T10:50:02+00:00 fail       STL-14   implement rc=1:     cont = (f"\n\nCONTINUATION: cycle {prev_partial['cycle']} ran out of budget and left draft PR #{prev_partial['pr']} on this branch " |                                                                                                     ~~~~~~~~~~~~^^^^^^ | KeyError: 'pr'
2026-09-11T10:52:13+00:00 start      STL-14   implement
2026-09-11T10:52:16+00:00 fail       STL-14   implement rc=1:     cont = (f"\n\nCONTINUATION: cycle {prev_partial['cycle']} ran out of budget and left draft PR #{prev_partial['pr']} on this branch " |                                                                                                     ~~~~~~~~~~~~^^^^^^ | KeyError: 'pr'
2026-09-11T10:54:26+00:00 start      STL-14   implement
2026-09-11T10:54:30+00:00 fail       STL-14   implement rc=1:     cont = (f"\n\nCONTINUATION: cycle {prev_partial['cycle']} ran out of budget and left draft PR #{prev_partial['pr']} on this branch " |                                                                                                     ~~~~~~~~~~~~^^^^^^ | KeyError: 'pr'
2026-09-11T10:56:41+00:00 start      STL-14   implement
2026-09-11T10:56:45+00:00 fail       STL-14   implement rc=1:     cont = (f"\n\nCONTINUATION: cycle {prev_partial['cycle']} ran out of budget and left draft PR #{prev_partial['pr']} on this branch " |                                                                                                     ~~~~~~~~~~~~^^^^^^ | KeyError: 'pr'
2026-09-11T10:58:56+00:00 start      STL-14   implement
2026-09-11T10:59:04+00:00 fail       STL-14   implement rc=1:     cont = (f"\n\nCONTINUATION: cycle {prev_partial['cycle']} ran out of budget and left draft PR #{prev_partial['pr']} on this branch " |                                                                                                     ~~~~~~~~~~~~^^^^^^ | KeyError: 'pr'
2026-09-11T11:01:16+00:00 start      STL-14   implement
2026-09-11T11:01:27+00:00 fail       STL-14   implement rc=1:     cont = (f"\n\nCONTINUATION: cycle {prev_partial['cycle']} ran out of budget and left draft PR #{prev_partial['pr']} on this branch " |                                                                                                     ~~~~~~~~~~~~^^^^^^ | KeyError: 'pr'
2026-09-11T11:03:38+00:00 start      STL-14   implement
2026-09-11T11:03:42+00:00 fail       STL-14   implement rc=1:     cont = (f"\n\nCONTINUATION: cycle {prev_partial['cycle']} ran out of budget and left draft PR #{prev_partial['pr']} on this branch " |                                                                                                     ~~~~~~~~~~~~^^^^^^ | KeyError: 'pr'
2026-09-11T11:05:53+00:00 start      STL-14   implement
2026-09-11T11:05:57+00:00 fail       STL-14   implement rc=1:     cont = (f"\n\nCONTINUATION: cycle {prev_partial['cycle']} ran out of budget and left draft PR #{prev_partial['pr']} on this branch " |                                                                                                     ~~~~~~~~~~~~^^^^^^ | KeyError: 'pr'
2026-09-11T11:08:08+00:00 start      STL-14   implement
2026-09-11T11:08:16+00:00 fail       STL-14   implement rc=1:     cont = (f"\n\nCONTINUATION: cycle {prev_partial['cycle']} ran out of budget and left draft PR #{prev_partial['pr']} on this branch " |                                                                                                     ~~~~~~~~~~~~^^^^^^ | KeyError: 'pr'
2026-09-11T11:10:27+00:00 start      STL-14   implement
2026-09-11T11:10:39+00:00 fail       STL-14   implement rc=1:     cont = (f"\n\nCONTINUATION: cycle {prev_partial['cycle']} ran out of budget and left draft PR #{prev_partial['pr']} on this branch " |                                                                                                     ~~~~~~~~~~~~^^^^^^ | KeyError: 'pr'
2026-09-11T11:12:49+00:00 start      STL-14   implement
2026-09-11T11:12:53+00:00 fail       STL-14   implement rc=1:     cont = (f"\n\nCONTINUATION: cycle {prev_partial['cycle']} ran out of budget and left draft PR #{prev_partial['pr']} on this branch " |                                                                                                     ~~~~~~~~~~~~^^^^^^ | KeyError: 'pr'
2026-09-11T11:15:05+00:00 start      STL-14   implement
2026-09-11T11:15:08+00:00 fail       STL-14   implement rc=1:     cont = (f"\n\nCONTINUATION: cycle {prev_partial['cycle']} ran out of budget and left draft PR #{prev_partial['pr']} on this branch " |                                                                                                     ~~~~~~~~~~~~^^^^^^ | KeyError: 'pr'
2026-09-11T11:17:20+00:00 start      STL-14   implement
2026-09-11T11:17:23+00:00 fail       STL-14   implement rc=1:     cont = (f"\n\nCONTINUATION: cycle {prev_partial['cycle']} ran out of budget and left draft PR #{prev_partial['pr']} on this branch " |                                                                                                     ~~~~~~~~~~~~^^^^^^ | KeyError: 'pr'
2026-09-11T11:19:34+00:00 start      STL-14   implement
2026-09-11T11:19:39+00:00 fail       STL-14   implement rc=1:     cont = (f"\n\nCONTINUATION: cycle {prev_partial['cycle']} ran out of budget and left draft PR #{prev_partial['pr']} on this branch " |                                                                                                     ~~~~~~~~~~~~^^^^^^ | KeyError: 'pr'
2026-09-11T11:21:50+00:00 start      STL-14   implement
2026-09-11T11:21:54+00:00 fail       STL-14   implement rc=1:     cont = (f"\n\nCONTINUATION: cycle {prev_partial['cycle']} ran out of budget and left draft PR #{prev_partial['pr']} on this branch " |                                                                                                     ~~~~~~~~~~~~^^^^^^ | KeyError: 'pr'
2026-09-11T11:24:04+00:00 start      STL-14   implement
2026-09-11T11:24:09+00:00 fail       STL-14   implement rc=1:     cont = (f"\n\nCONTINUATION: cycle {prev_partial['cycle']} ran out of budget and left draft PR #{prev_partial['pr']} on this branch " |                                                                                                     ~~~~~~~~~~~~^^^^^^ | KeyError: 'pr'
2026-09-11T11:26:20+00:00 start      STL-14   implement
2026-09-11T11:26:30+00:00 fail       STL-14   implement rc=1:     cont = (f"\n\nCONTINUATION: cycle {prev_partial['cycle']} ran out of budget and left draft PR #{prev_partial['pr']} on this branch " |                                                                                                     ~~~~~~~~~~~~^^^^^^ | KeyError: 'pr'
2026-09-11T11:28:40+00:00 start      STL-14   implement
2026-09-11T11:28:44+00:00 fail       STL-14   implement rc=1:     cont = (f"\n\nCONTINUATION: cycle {prev_partial['cycle']} ran out of budget and left draft PR #{prev_partial['pr']} on this branch " |                                                                                                     ~~~~~~~~~~~~^^^^^^ | KeyError: 'pr'
2026-09-11T11:30:55+00:00 start      STL-14   implement
2026-09-11T11:30:58+00:00 fail       STL-14   implement rc=1:     cont = (f"\n\nCONTINUATION: cycle {prev_partial['cycle']} ran out of budget and left draft PR #{prev_partial['pr']} on this branch " |                                                                                                     ~~~~~~~~~~~~^^^^^^ | KeyError: 'pr'
2026-09-11T11:33:09+00:00 start      STL-14   implement
2026-09-11T11:33:13+00:00 fail       STL-14   implement rc=1:     cont = (f"\n\nCONTINUATION: cycle {prev_partial['cycle']} ran out of budget and left draft PR #{prev_partial['pr']} on this branch " |                                                                                                     ~~~~~~~~~~~~^^^^^^ | KeyError: 'pr'
2026-09-11T11:35:24+00:00 start      STL-14   implement
2026-09-11T11:35:36+00:00 fail       STL-14   implement rc=1:     cont = (f"\n\nCONTINUATION: cycle {prev_partial['cycle']} ran out of budget and left draft PR #{prev_partial['pr']} on this branch " |                                                                                                     ~~~~~~~~~~~~^^^^^^ | KeyError: 'pr'
2026-09-11T11:37:46+00:00 start      STL-14   implement
2026-09-11T11:37:49+00:00 fail       STL-14   implement rc=1:     cont = (f"\n\nCONTINUATION: cycle {prev_partial['cycle']} ran out of budget and left draft PR #{prev_partial['pr']} on this branch " |                                                                                                     ~~~~~~~~~~~~^^^^^^ | KeyError: 'pr'
2026-09-11T11:40:00+00:00 start      STL-14   implement
2026-09-11T11:40:04+00:00 fail       STL-14   implement rc=1:     cont = (f"\n\nCONTINUATION: cycle {prev_partial['cycle']} ran out of budget and left draft PR #{prev_partial['pr']} on this branch " |                                                                                                     ~~~~~~~~~~~~^^^^^^ | KeyError: 'pr'
2026-09-11T11:42:15+00:00 start      STL-14   implement
2026-09-11T11:42:19+00:00 fail       STL-14   implement rc=1:     cont = (f"\n\nCONTINUATION: cycle {prev_partial['cycle']} ran out of budget and left draft PR #{prev_partial['pr']} on this branch " |                                                                                                     ~~~~~~~~~~~~^^^^^^ | KeyError: 'pr'
2026-09-11T11:44:31+00:00 start      STL-14   implement
2026-09-11T11:44:34+00:00 fail       STL-14   implement rc=1:     cont = (f"\n\nCONTINUATION: cycle {prev_partial['cycle']} ran out of budget and left draft PR #{prev_partial['pr']} on this branch " |                                                                                                     ~~~~~~~~~~~~^^^^^^ | KeyError: 'pr'
2026-09-11T11:46:45+00:00 start      STL-14   implement
2026-09-11T11:46:49+00:00 fail       STL-14   implement rc=1:     cont = (f"\n\nCONTINUATION: cycle {prev_partial['cycle']} ran out of budget and left draft PR #{prev_partial['pr']} on this branch " |                                                                                                     ~~~~~~~~~~~~^^^^^^ | KeyError: 'pr'
2026-09-11T11:49:00+00:00 start      STL-14   implement
2026-09-11T11:49:05+00:00 fail       STL-14   implement rc=1:     cont = (f"\n\nCONTINUATION: cycle {prev_partial['cycle']} ran out of budget and left draft PR #{prev_partial['pr']} on this branch " |                                                                                                     ~~~~~~~~~~~~^^^^^^ | KeyError: 'pr'
2026-09-11T11:51:17+00:00 start      STL-14   implement
2026-09-11T11:51:21+00:00 fail       STL-14   implement rc=1:     cont = (f"\n\nCONTINUATION: cycle {prev_partial['cycle']} ran out of budget and left draft PR #{prev_partial['pr']} on this branch " |                                                                                                     ~~~~~~~~~~~~^^^^^^ | KeyError: 'pr'
2026-09-11T11:53:32+00:00 start      STL-14   implement
2026-09-11T11:53:37+00:00 fail       STL-14   implement rc=1:     cont = (f"\n\nCONTINUATION: cycle {prev_partial['cycle']} ran out of budget and left draft PR #{prev_partial['pr']} on this branch " |                                                                                                     ~~~~~~~~~~~~^^^^^^ | KeyError: 'pr'
2026-09-11T11:55:48+00:00 start      STL-14   implement
2026-09-11T11:55:51+00:00 fail       STL-14   implement rc=1:     cont = (f"\n\nCONTINUATION: cycle {prev_partial['cycle']} ran out of budget and left draft PR #{prev_partial['pr']} on this branch " |                                                                                                     ~~~~~~~~~~~~^^^^^^ | KeyError: 'pr'
2026-09-11T11:58:04+00:00 start      STL-14   implement
2026-09-11T11:58:07+00:00 fail       STL-14   implement rc=1:     cont = (f"\n\nCONTINUATION: cycle {prev_partial['cycle']} ran out of budget and left draft PR #{prev_partial['pr']} on this branch " |                                                                                                     ~~~~~~~~~~~~^^^^^^ | KeyError: 'pr'
2026-09-11T12:00:18+00:00 start      STL-14   implement
2026-09-11T12:00:23+00:00 fail       STL-14   implement rc=1:     cont = (f"\n\nCONTINUATION: cycle {prev_partial['cycle']} ran out of budget and left draft PR #{prev_partial['pr']} on this branch " |                                                                                                     ~~~~~~~~~~~~^^^^^^ | KeyError: 'pr'
2026-09-11T12:02:34+00:00 start      STL-14   implement
2026-09-11T12:02:38+00:00 fail       STL-14   implement rc=1:     cont = (f"\n\nCONTINUATION: cycle {prev_partial['cycle']} ran out of budget and left draft PR #{prev_partial['pr']} on this branch " |                                                                                                     ~~~~~~~~~~~~^^^^^^ | KeyError: 'pr'
2026-09-11T12:04:49+00:00 start      STL-14   implement
2026-09-11T12:04:52+00:00 fail       STL-14   implement rc=1:     cont = (f"\n\nCONTINUATION: cycle {prev_partial['cycle']} ran out of budget and left draft PR #{prev_partial['pr']} on this branch " |                                                                                                     ~~~~~~~~~~~~^^^^^^ | KeyError: 'pr'
2026-09-11T12:07:05+00:00 start      STL-14   implement
2026-09-11T12:07:09+00:00 fail       STL-14   implement rc=1:     cont = (f"\n\nCONTINUATION: cycle {prev_partial['cycle']} ran out of budget and left draft PR #{prev_partial['pr']} on this branch " |                                                                                                     ~~~~~~~~~~~~^^^^^^ | KeyError: 'pr'
2026-09-11T12:09:20+00:00 start      STL-14   implement
2026-09-11T12:09:24+00:00 fail       STL-14   implement rc=1:     cont = (f"\n\nCONTINUATION: cycle {prev_partial['cycle']} ran out of budget and left draft PR #{prev_partial['pr']} on this branch " |                                                                                                     ~~~~~~~~~~~~^^^^^^ | KeyError: 'pr'
2026-09-11T12:11:35+00:00 start      STL-14   implement
2026-09-11T12:11:58+00:00 fail       STL-14   implement rc=1:     cont = (f"\n\nCONTINUATION: cycle {prev_partial['cycle']} ran out of budget and left draft PR #{prev_partial['pr']} on this branch " |                                                                                                     ~~~~~~~~~~~~^^^^^^ | KeyError: 'pr'
2026-09-11T12:14:10+00:00 start      STL-14   implement
2026-09-11T12:14:13+00:00 fail       STL-14   implement rc=1:     cont = (f"\n\nCONTINUATION: cycle {prev_partial['cycle']} ran out of budget and left draft PR #{prev_partial['pr']} on this branch " |                                                                                                     ~~~~~~~~~~~~^^^^^^ | KeyError: 'pr'
2026-09-11T12:16:24+00:00 start      STL-14   implement
2026-09-11T12:16:29+00:00 fail       STL-14   implement rc=1:     cont = (f"\n\nCONTINUATION: cycle {prev_partial['cycle']} ran out of budget and left draft PR #{prev_partial['pr']} on this branch " |                                                                                                     ~~~~~~~~~~~~^^^^^^ | KeyError: 'pr'
2026-09-11T12:18:41+00:00 start      STL-14   implement
2026-09-11T12:18:50+00:00 fail       STL-14   implement rc=1:     cont = (f"\n\nCONTINUATION: cycle {prev_partial['cycle']} ran out of budget and left draft PR #{prev_partial['pr']} on this branch " |                                                                                                     ~~~~~~~~~~~~^^^^^^ | KeyError: 'pr'
2026-09-11T12:21:01+00:00 start      STL-14   implement
2026-09-11T12:21:04+00:00 fail       STL-14   implement rc=1:     cont = (f"\n\nCONTINUATION: cycle {prev_partial['cycle']} ran out of budget and left draft PR #{prev_partial['pr']} on this branch " |                                                                                                     ~~~~~~~~~~~~^^^^^^ | KeyError: 'pr'
2026-09-11T12:23:16+00:00 start      STL-14   implement
2026-09-11T12:23:19+00:00 fail       STL-14   implement rc=1:     cont = (f"\n\nCONTINUATION: cycle {prev_partial['cycle']} ran out of budget and left draft PR #{prev_partial['pr']} on this branch " |                                                                                                     ~~~~~~~~~~~~^^^^^^ | KeyError: 'pr'
2026-09-11T12:25:29+00:00 start      STL-14   implement
2026-09-11T12:25:33+00:00 fail       STL-14   implement rc=1:     cont = (f"\n\nCONTINUATION: cycle {prev_partial['cycle']} ran out of budget and left draft PR #{prev_partial['pr']} on this branch " |                                                                                                     ~~~~~~~~~~~~^^^^^^ | KeyError: 'pr'
2026-09-11T12:27:44+00:00 start      STL-14   implement
2026-09-11T12:27:49+00:00 fail       STL-14   implement rc=1:     cont = (f"\n\nCONTINUATION: cycle {prev_partial['cycle']} ran out of budget and left draft PR #{prev_partial['pr']} on this branch " |                                                                                                     ~~~~~~~~~~~~^^^^^^ | KeyError: 'pr'
2026-09-11T12:30:00+00:00 start      STL-14   implement
2026-09-11T12:30:04+00:00 fail       STL-14   implement rc=1:     cont = (f"\n\nCONTINUATION: cycle {prev_partial['cycle']} ran out of budget and left draft PR #{prev_partial['pr']} on this branch " |                                                                                                     ~~~~~~~~~~~~^^^^^^ | KeyError: 'pr'
2026-09-11T12:32:15+00:00 start      STL-14   implement
2026-09-11T12:32:18+00:00 fail       STL-14   implement rc=1:     cont = (f"\n\nCONTINUATION: cycle {prev_partial['cycle']} ran out of budget and left draft PR #{prev_partial['pr']} on this branch " |                                                                                                     ~~~~~~~~~~~~^^^^^^ | KeyError: 'pr'
2026-09-11T12:34:29+00:00 start      STL-14   implement
2026-09-11T12:34:33+00:00 fail       STL-14   implement rc=1:     cont = (f"\n\nCONTINUATION: cycle {prev_partial['cycle']} ran out of budget and left draft PR #{prev_partial['pr']} on this branch " |                                                                                                     ~~~~~~~~~~~~^^^^^^ | KeyError: 'pr'
2026-09-11T12:36:44+00:00 start      STL-14   implement
2026-09-11T12:36:50+00:00 fail       STL-14   implement rc=1:     cont = (f"\n\nCONTINUATION: cycle {prev_partial['cycle']} ran out of budget and left draft PR #{prev_partial['pr']} on this branch " |                                                                                                     ~~~~~~~~~~~~^^^^^^ | KeyError: 'pr'
2026-09-11T12:39:06+00:00 start      STL-14   implement
2026-09-11T12:39:09+00:00 fail       STL-14   implement rc=1:     cont = (f"\n\nCONTINUATION: cycle {prev_partial['cycle']} ran out of budget and left draft PR #{prev_partial['pr']} on this branch " |                                                                                                     ~~~~~~~~~~~~^^^^^^ | KeyError: 'pr'
2026-09-11T12:41:33+00:00 start      STL-14   implement
2026-09-11T12:41:40+00:00 fail       STL-14   implement rc=1:     cont = (f"\n\nCONTINUATION: cycle {prev_partial['cycle']} ran out of budget and left draft PR #{prev_partial['pr']} on this branch " |                                                                                                     ~~~~~~~~~~~~^^^^^^ | KeyError: 'pr'
2026-09-11T12:43:53+00:00 start      STL-14   implement
2026-09-11T12:43:57+00:00 fail       STL-14   implement rc=1:     cont = (f"\n\nCONTINUATION: cycle {prev_partial['cycle']} ran out of budget and left draft PR #{prev_partial['pr']} on this branch " |                                                                                                     ~~~~~~~~~~~~^^^^^^ | KeyError: 'pr'
2026-09-11T12:46:09+00:00 start      STL-14   implement
2026-09-11T12:46:14+00:00 fail       STL-14   implement rc=1:     cont = (f"\n\nCONTINUATION: cycle {prev_partial['cycle']} ran out of budget and left draft PR #{prev_partial['pr']} on this branch " |                                                                                                     ~~~~~~~~~~~~^^^^^^ | KeyError: 'pr'
2026-09-11T12:48:26+00:00 start      STL-14   implement
2026-09-11T12:48:30+00:00 fail       STL-14   implement rc=1:     cont = (f"\n\nCONTINUATION: cycle {prev_partial['cycle']} ran out of budget and left draft PR #{prev_partial['pr']} on this branch " |                                                                                                     ~~~~~~~~~~~~^^^^^^ | KeyError: 'pr'
2026-09-11T12:50:42+00:00 start      STL-14   implement
2026-09-11T12:50:45+00:00 fail       STL-14   implement rc=1:     cont = (f"\n\nCONTINUATION: cycle {prev_partial['cycle']} ran out of budget and left draft PR #{prev_partial['pr']} on this branch " |                                                                                                     ~~~~~~~~~~~~^^^^^^ | KeyError: 'pr'
2026-09-11T12:53:04+00:00 start      STL-14   implement
2026-09-11T12:53:09+00:00 fail       STL-14   implement rc=1:     cont = (f"\n\nCONTINUATION: cycle {prev_partial['cycle']} ran out of budget and left draft PR #{prev_partial['pr']} on this branch " |                                                                                                     ~~~~~~~~~~~~^^^^^^ | KeyError: 'pr'
2026-09-11T12:55:36+00:00 start      STL-14   implement
2026-09-11T12:55:43+00:00 fail       STL-14   implement rc=1:     cont = (f"\n\nCONTINUATION: cycle {prev_partial['cycle']} ran out of budget and left draft PR #{prev_partial['pr']} on this branch " |                                                                                                     ~~~~~~~~~~~~^^^^^^ | KeyError: 'pr'
2026-09-11T12:58:01+00:00 start      STL-14   implement
2026-09-11T12:58:15+00:00 fail       STL-14   implement rc=1:     cont = (f"\n\nCONTINUATION: cycle {prev_partial['cycle']} ran out of budget and left draft PR #{prev_partial['pr']} on this branch " |                                                                                                     ~~~~~~~~~~~~^^^^^^ | KeyError: 'pr'
2026-09-11T13:00:56+00:00 start      STL-14   implement
2026-09-11T13:01:03+00:00 fail       STL-14   implement rc=1:     cont = (f"\n\nCONTINUATION: cycle {prev_partial['cycle']} ran out of budget and left draft PR #{prev_partial['pr']} on this branch " |                                                                                                     ~~~~~~~~~~~~^^^^^^ | KeyError: 'pr'
2026-09-11T13:04:02+00:00 start      STL-14   implement
2026-09-11T13:04:05+00:00 fail       STL-14   implement rc=1:     cont = (f"\n\nCONTINUATION: cycle {prev_partial['cycle']} ran out of budget and left draft PR #{prev_partial['pr']} on this branch " |                                                                                                     ~~~~~~~~~~~~^^^^^^ | KeyError: 'pr'
2026-09-11T13:07:26+00:00 start      STL-14   implement
2026-09-11T13:07:31+00:00 fail       STL-14   implement rc=1:     cont = (f"\n\nCONTINUATION: cycle {prev_partial['cycle']} ran out of budget and left draft PR #{prev_partial['pr']} on this branch " |                                                                                                     ~~~~~~~~~~~~^^^^^^ | KeyError: 'pr'
2026-09-11T13:09:50+00:00 start      STL-14   implement
2026-09-11T13:09:53+00:00 fail       STL-14   implement rc=1:     cont = (f"\n\nCONTINUATION: cycle {prev_partial['cycle']} ran out of budget and left draft PR #{prev_partial['pr']} on this branch " |                                                                                                     ~~~~~~~~~~~~^^^^^^ | KeyError: 'pr'
2026-09-11T13:12:51+00:00 start      STL-14   implement
2026-09-11T13:12:56+00:00 fail       STL-14   implement rc=1:     cont = (f"\n\nCONTINUATION: cycle {prev_partial['cycle']} ran out of budget and left draft PR #{prev_partial['pr']} on this branch " |                                                                                                     ~~~~~~~~~~~~^^^^^^ | KeyError: 'pr'
2026-09-11T13:15:33+00:00 start      STL-14   implement
2026-09-11T13:15:40+00:00 fail       STL-14   implement rc=1:     cont = (f"\n\nCONTINUATION: cycle {prev_partial['cycle']} ran out of budget and left draft PR #{prev_partial['pr']} on this branch " |                                                                                                     ~~~~~~~~~~~~^^^^^^ | KeyError: 'pr'
2026-09-11T13:18:45+00:00 start      STL-14   implement
2026-09-11T13:18:51+00:00 fail       STL-14   implement rc=1:     cont = (f"\n\nCONTINUATION: cycle {prev_partial['cycle']} ran out of budget and left draft PR #{prev_partial['pr']} on this branch " |                                                                                                     ~~~~~~~~~~~~^^^^^^ | KeyError: 'pr'
2026-09-11T13:21:23+00:00 start      STL-14   implement
2026-09-11T13:21:30+00:00 fail       STL-14   implement rc=1:     cont = (f"\n\nCONTINUATION: cycle {prev_partial['cycle']} ran out of budget and left draft PR #{prev_partial['pr']} on this branch " |                                                                                                     ~~~~~~~~~~~~^^^^^^ | KeyError: 'pr'
2026-09-11T13:24:40+00:00 start      STL-14   implement
2026-09-11T13:24:51+00:00 fail       STL-14   implement rc=1:     cont = (f"\n\nCONTINUATION: cycle {prev_partial['cycle']} ran out of budget and left draft PR #{prev_partial['pr']} on this branch " |                                                                                                     ~~~~~~~~~~~~^^^^^^ | KeyError: 'pr'
2026-09-11T13:27:25+00:00 start      STL-14   implement
2026-09-11T13:27:28+00:00 fail       STL-14   implement rc=1:     cont = (f"\n\nCONTINUATION: cycle {prev_partial['cycle']} ran out of budget and left draft PR #{prev_partial['pr']} on this branch " |                                                                                                     ~~~~~~~~~~~~^^^^^^ | KeyError: 'pr'
2026-09-11T13:29:55+00:00 start      STL-14   implement
2026-09-11T13:29:59+00:00 fail       STL-14   implement rc=1:     cont = (f"\n\nCONTINUATION: cycle {prev_partial['cycle']} ran out of budget and left draft PR #{prev_partial['pr']} on this branch " |                                                                                                     ~~~~~~~~~~~~^^^^^^ | KeyError: 'pr'
2026-09-11T13:33:16+00:00 start      STL-14   implement
2026-09-11T13:33:21+00:00 fail       STL-14   implement rc=1:     cont = (f"\n\nCONTINUATION: cycle {prev_partial['cycle']} ran out of budget and left draft PR #{prev_partial['pr']} on this branch " |                                                                                                     ~~~~~~~~~~~~^^^^^^ | KeyError: 'pr'
2026-09-11T13:35:43+00:00 start      STL-14   implement
2026-09-11T13:35:50+00:00 fail       STL-14   implement rc=1:     cont = (f"\n\nCONTINUATION: cycle {prev_partial['cycle']} ran out of budget and left draft PR #{prev_partial['pr']} on this branch " |                                                                                                     ~~~~~~~~~~~~^^^^^^ | KeyError: 'pr'
2026-09-11T13:38:11+00:00 start      STL-14   implement
2026-09-11T13:38:15+00:00 fail       STL-14   implement rc=1:     cont = (f"\n\nCONTINUATION: cycle {prev_partial['cycle']} ran out of budget and left draft PR #{prev_partial['pr']} on this branch " |                                                                                                     ~~~~~~~~~~~~^^^^^^ | KeyError: 'pr'
2026-09-11T13:41:31+00:00 start      STL-14   implement
2026-09-11T13:41:36+00:00 fail       STL-14   implement rc=1:     cont = (f"\n\nCONTINUATION: cycle {prev_partial['cycle']} ran out of budget and left draft PR #{prev_partial['pr']} on this branch " |                                                                                                     ~~~~~~~~~~~~^^^^^^ | KeyError: 'pr'
2026-09-11T13:44:36+00:00 idle       -        0/15 merged; nothing runnable (waiting on agents, blockers, or escalations)
2026-09-11T13:47:15+00:00 start      STL-14   implement
2026-09-11T13:47:29+00:00 fail       STL-14   implement rc=1:     cont = (f"\n\nCONTINUATION: cycle {prev_partial['cycle']} ran out of budget and left draft PR #{prev_partial['pr']} on this branch " |                                                                                                     ~~~~~~~~~~~~^^^^^^ | KeyError: 'pr'
2026-09-11T13:50:45+00:00 start      STL-14   implement
2026-09-11T13:50:51+00:00 fail       STL-14   implement rc=1:     cont = (f"\n\nCONTINUATION: cycle {prev_partial['cycle']} ran out of budget and left draft PR #{prev_partial['pr']} on this branch " |                                                                                                     ~~~~~~~~~~~~^^^^^^ | KeyError: 'pr'
2026-09-11T13:54:12+00:00 start      STL-14   implement
2026-09-11T13:54:16+00:00 fail       STL-14   implement rc=1:     cont = (f"\n\nCONTINUATION: cycle {prev_partial['cycle']} ran out of budget and left draft PR #{prev_partial['pr']} on this branch " |                                                                                                     ~~~~~~~~~~~~^^^^^^ | KeyError: 'pr'
2026-09-11T13:57:09+00:00 start      STL-14   implement
2026-09-11T13:57:14+00:00 fail       STL-14   implement rc=1:     cont = (f"\n\nCONTINUATION: cycle {prev_partial['cycle']} ran out of budget and left draft PR #{prev_partial['pr']} on this branch " |                                                                                                     ~~~~~~~~~~~~^^^^^^ | KeyError: 'pr'
2026-09-11T14:00:32+00:00 start      STL-14   implement
2026-09-11T14:00:39+00:00 fail       STL-14   implement rc=1:     cont = (f"\n\nCONTINUATION: cycle {prev_partial['cycle']} ran out of budget and left draft PR #{prev_partial['pr']} on this branch " |                                                                                                     ~~~~~~~~~~~~^^^^^^ | KeyError: 'pr'
2026-09-11T14:03:41+00:00 idle       -        0/15 merged; nothing runnable (waiting on agents, blockers, or escalations)
2026-09-11T14:07:08+00:00 start      STL-14   implement
2026-09-11T14:07:13+00:00 fail       STL-14   implement rc=1:     cont = (f"\n\nCONTINUATION: cycle {prev_partial['cycle']} ran out of budget and left draft PR #{prev_partial['pr']} on this branch " |                                                                                                     ~~~~~~~~~~~~^^^^^^ | KeyError: 'pr'
2026-09-11T14:09:59+00:00 start      STL-14   implement
2026-09-11T14:10:09+00:00 fail       STL-14   implement rc=1:     cont = (f"\n\nCONTINUATION: cycle {prev_partial['cycle']} ran out of budget and left draft PR #{prev_partial['pr']} on this branch " |                                                                                                     ~~~~~~~~~~~~^^^^^^ | KeyError: 'pr'
2026-09-11T14:12:52+00:00 start      STL-14   implement
2026-09-11T14:14:05+00:00 fail       STL-14   implement rc=1:     cont = (f"\n\nCONTINUATION: cycle {prev_partial['cycle']} ran out of budget and left draft PR #{prev_partial['pr']} on this branch " |                                                                                                     ~~~~~~~~~~~~^^^^^^ | KeyError: 'pr'
2026-09-11T14:17:31+00:00 start      STL-14   implement
2026-09-11T14:17:39+00:00 fail       STL-14   implement rc=1:     cont = (f"\n\nCONTINUATION: cycle {prev_partial['cycle']} ran out of budget and left draft PR #{prev_partial['pr']} on this branch " |                                                                                                     ~~~~~~~~~~~~^^^^^^ | KeyError: 'pr'
2026-09-11T14:21:11+00:00 start      STL-14   implement
2026-09-11T14:21:14+00:00 fail       STL-14   implement rc=1:     cont = (f"\n\nCONTINUATION: cycle {prev_partial['cycle']} ran out of budget and left draft PR #{prev_partial['pr']} on this branch " |                                                                                                     ~~~~~~~~~~~~^^^^^^ | KeyError: 'pr'
2026-09-11T14:25:04+00:00 start      STL-14   implement
2026-09-11T14:25:20+00:00 fail       STL-14   implement rc=1:     cont = (f"\n\nCONTINUATION: cycle {prev_partial['cycle']} ran out of budget and left draft PR #{prev_partial['pr']} on this branch " |                                                                                                     ~~~~~~~~~~~~^^^^^^ | KeyError: 'pr'
2026-09-11T14:28:40+00:00 start      STL-14   implement
2026-09-11T14:28:45+00:00 fail       STL-14   implement rc=1:     cont = (f"\n\nCONTINUATION: cycle {prev_partial['cycle']} ran out of budget and left draft PR #{prev_partial['pr']} on this branch " |                                                                                                     ~~~~~~~~~~~~^^^^^^ | KeyError: 'pr'
2026-09-11T14:31:49+00:00 start      STL-14   implement
2026-09-11T14:31:52+00:00 fail       STL-14   implement rc=1:     cont = (f"\n\nCONTINUATION: cycle {prev_partial['cycle']} ran out of budget and left draft PR #{prev_partial['pr']} on this branch " |                                                                                                     ~~~~~~~~~~~~^^^^^^ | KeyError: 'pr'
2026-09-11T14:34:31+00:00 start      STL-14   implement
2026-09-11T14:34:39+00:00 fail       STL-14   implement rc=1:     cont = (f"\n\nCONTINUATION: cycle {prev_partial['cycle']} ran out of budget and left draft PR #{prev_partial['pr']} on this branch " |                                                                                                     ~~~~~~~~~~~~^^^^^^ | KeyError: 'pr'
2026-09-11T14:37:19+00:00 start      STL-14   implement
2026-09-11T14:37:28+00:00 fail       STL-14   implement rc=1:     cont = (f"\n\nCONTINUATION: cycle {prev_partial['cycle']} ran out of budget and left draft PR #{prev_partial['pr']} on this branch " |                                                                                                     ~~~~~~~~~~~~^^^^^^ | KeyError: 'pr'
2026-09-11T14:40:31+00:00 start      STL-14   implement
2026-09-11T14:40:38+00:00 fail       STL-14   implement rc=1:     cont = (f"\n\nCONTINUATION: cycle {prev_partial['cycle']} ran out of budget and left draft PR #{prev_partial['pr']} on this branch " |                                                                                                     ~~~~~~~~~~~~^^^^^^ | KeyError: 'pr'
2026-09-11T14:42:55+00:00 start      STL-14   implement
2026-09-11T14:42:58+00:00 fail       STL-14   implement rc=1:     cont = (f"\n\nCONTINUATION: cycle {prev_partial['cycle']} ran out of budget and left draft PR #{prev_partial['pr']} on this branch " |                                                                                                     ~~~~~~~~~~~~^^^^^^ | KeyError: 'pr'
2026-09-11T14:45:21+00:00 start      STL-14   implement
2026-09-11T14:45:25+00:00 fail       STL-14   implement rc=1:     cont = (f"\n\nCONTINUATION: cycle {prev_partial['cycle']} ran out of budget and left draft PR #{prev_partial['pr']} on this branch " |                                                                                                     ~~~~~~~~~~~~^^^^^^ | KeyError: 'pr'
2026-09-11T14:47:49+00:00 start      STL-14   implement
2026-09-11T14:47:52+00:00 fail       STL-14   implement rc=1:     cont = (f"\n\nCONTINUATION: cycle {prev_partial['cycle']} ran out of budget and left draft PR #{prev_partial['pr']} on this branch " |                                                                                                     ~~~~~~~~~~~~^^^^^^ | KeyError: 'pr'
2026-09-11T14:50:15+00:00 start      STL-14   implement
2026-09-11T14:50:20+00:00 fail       STL-14   implement rc=1:     cont = (f"\n\nCONTINUATION: cycle {prev_partial['cycle']} ran out of budget and left draft PR #{prev_partial['pr']} on this branch " |                                                                                                     ~~~~~~~~~~~~^^^^^^ | KeyError: 'pr'
2026-09-11T14:52:31+00:00 start      STL-14   implement
2026-09-11T14:52:35+00:00 fail       STL-14   implement rc=1:     cont = (f"\n\nCONTINUATION: cycle {prev_partial['cycle']} ran out of budget and left draft PR #{prev_partial['pr']} on this branch " |                                                                                                     ~~~~~~~~~~~~^^^^^^ | KeyError: 'pr'
2026-09-11T14:54:47+00:00 start      STL-14   implement
2026-09-11T14:54:56+00:00 fail       STL-14   implement rc=1:     cont = (f"\n\nCONTINUATION: cycle {prev_partial['cycle']} ran out of budget and left draft PR #{prev_partial['pr']} on this branch " |                                                                                                     ~~~~~~~~~~~~^^^^^^ | KeyError: 'pr'
2026-09-11T14:57:08+00:00 start      STL-14   implement
2026-09-11T14:57:14+00:00 fail       STL-14   implement rc=1:     cont = (f"\n\nCONTINUATION: cycle {prev_partial['cycle']} ran out of budget and left draft PR #{prev_partial['pr']} on this branch " |                                                                                                     ~~~~~~~~~~~~^^^^^^ | KeyError: 'pr'
2026-09-11T14:59:25+00:00 start      STL-14   implement
2026-09-11T14:59:29+00:00 fail       STL-14   implement rc=1:     cont = (f"\n\nCONTINUATION: cycle {prev_partial['cycle']} ran out of budget and left draft PR #{prev_partial['pr']} on this branch " |                                                                                                     ~~~~~~~~~~~~^^^^^^ | KeyError: 'pr'
2026-09-11T15:01:41+00:00 start      STL-14   implement
2026-09-11T15:01:49+00:00 fail       STL-14   implement rc=1:     cont = (f"\n\nCONTINUATION: cycle {prev_partial['cycle']} ran out of budget and left draft PR #{prev_partial['pr']} on this branch " |                                                                                                     ~~~~~~~~~~~~^^^^^^ | KeyError: 'pr'
2026-09-11T15:04:00+00:00 start      STL-14   implement
2026-09-11T15:04:04+00:00 fail       STL-14   implement rc=1:     cont = (f"\n\nCONTINUATION: cycle {prev_partial['cycle']} ran out of budget and left draft PR #{prev_partial['pr']} on this branch " |                                                                                                     ~~~~~~~~~~~~^^^^^^ | KeyError: 'pr'
2026-09-11T15:06:15+00:00 start      STL-14   implement
2026-09-11T15:06:20+00:00 fail       STL-14   implement rc=1:     cont = (f"\n\nCONTINUATION: cycle {prev_partial['cycle']} ran out of budget and left draft PR #{prev_partial['pr']} on this branch " |                                                                                                     ~~~~~~~~~~~~^^^^^^ | KeyError: 'pr'
2026-09-11T15:08:32+00:00 start      STL-14   implement
2026-09-11T15:08:36+00:00 fail       STL-14   implement rc=1:     cont = (f"\n\nCONTINUATION: cycle {prev_partial['cycle']} ran out of budget and left draft PR #{prev_partial['pr']} on this branch " |                                                                                                     ~~~~~~~~~~~~^^^^^^ | KeyError: 'pr'
2026-09-11T15:10:47+00:00 start      STL-14   implement
2026-09-11T15:10:51+00:00 fail       STL-14   implement rc=1:     cont = (f"\n\nCONTINUATION: cycle {prev_partial['cycle']} ran out of budget and left draft PR #{prev_partial['pr']} on this branch " |                                                                                                     ~~~~~~~~~~~~^^^^^^ | KeyError: 'pr'
2026-09-11T15:13:01+00:00 start      STL-14   implement
2026-09-11T15:13:15+00:00 fail       STL-14   implement rc=1:     cont = (f"\n\nCONTINUATION: cycle {prev_partial['cycle']} ran out of budget and left draft PR #{prev_partial['pr']} on this branch " |                                                                                                     ~~~~~~~~~~~~^^^^^^ | KeyError: 'pr'
2026-09-11T15:15:27+00:00 start      STL-14   implement
2026-09-11T15:15:35+00:00 fail       STL-14   implement rc=1:     cont = (f"\n\nCONTINUATION: cycle {prev_partial['cycle']} ran out of budget and left draft PR #{prev_partial['pr']} on this branch " |                                                                                                     ~~~~~~~~~~~~^^^^^^ | KeyError: 'pr'
2026-09-11T15:17:46+00:00 start      STL-14   implement
2026-09-11T15:17:51+00:00 fail       STL-14   implement rc=1:     cont = (f"\n\nCONTINUATION: cycle {prev_partial['cycle']} ran out of budget and left draft PR #{prev_partial['pr']} on this branch " |                                                                                                     ~~~~~~~~~~~~^^^^^^ | KeyError: 'pr'
2026-09-11T15:20:02+00:00 start      STL-14   implement
2026-09-11T15:20:06+00:00 fail       STL-14   implement rc=1:     cont = (f"\n\nCONTINUATION: cycle {prev_partial['cycle']} ran out of budget and left draft PR #{prev_partial['pr']} on this branch " |                                                                                                     ~~~~~~~~~~~~^^^^^^ | KeyError: 'pr'
2026-09-11T15:22:17+00:00 start      STL-14   implement
2026-09-11T15:22:20+00:00 fail       STL-14   implement rc=1:     cont = (f"\n\nCONTINUATION: cycle {prev_partial['cycle']} ran out of budget and left draft PR #{prev_partial['pr']} on this branch " |                                                                                                     ~~~~~~~~~~~~^^^^^^ | KeyError: 'pr'
2026-09-11T15:24:31+00:00 start      STL-14   implement
2026-09-11T15:24:34+00:00 fail       STL-14   implement rc=1:     cont = (f"\n\nCONTINUATION: cycle {prev_partial['cycle']} ran out of budget and left draft PR #{prev_partial['pr']} on this branch " |                                                                                                     ~~~~~~~~~~~~^^^^^^ | KeyError: 'pr'
2026-09-11T15:26:45+00:00 start      STL-14   implement
2026-09-11T15:26:50+00:00 fail       STL-14   implement rc=1:     cont = (f"\n\nCONTINUATION: cycle {prev_partial['cycle']} ran out of budget and left draft PR #{prev_partial['pr']} on this branch " |                                                                                                     ~~~~~~~~~~~~^^^^^^ | KeyError: 'pr'
2026-09-11T15:29:01+00:00 start      STL-14   implement
2026-09-11T15:29:05+00:00 fail       STL-14   implement rc=1:     cont = (f"\n\nCONTINUATION: cycle {prev_partial['cycle']} ran out of budget and left draft PR #{prev_partial['pr']} on this branch " |                                                                                                     ~~~~~~~~~~~~^^^^^^ | KeyError: 'pr'
2026-09-11T15:31:16+00:00 start      STL-14   implement
2026-09-11T15:31:19+00:00 fail       STL-14   implement rc=1:     cont = (f"\n\nCONTINUATION: cycle {prev_partial['cycle']} ran out of budget and left draft PR #{prev_partial['pr']} on this branch " |                                                                                                     ~~~~~~~~~~~~^^^^^^ | KeyError: 'pr'
2026-09-11T15:33:31+00:00 start      STL-14   implement
2026-09-11T15:33:35+00:00 fail       STL-14   implement rc=1:     cont = (f"\n\nCONTINUATION: cycle {prev_partial['cycle']} ran out of budget and left draft PR #{prev_partial['pr']} on this branch " |                                                                                                     ~~~~~~~~~~~~^^^^^^ | KeyError: 'pr'
2026-09-11T15:35:45+00:00 start      STL-14   implement
2026-09-11T15:35:50+00:00 fail       STL-14   implement rc=1:     cont = (f"\n\nCONTINUATION: cycle {prev_partial['cycle']} ran out of budget and left draft PR #{prev_partial['pr']} on this branch " |                                                                                                     ~~~~~~~~~~~~^^^^^^ | KeyError: 'pr'
2026-09-11T15:38:00+00:00 start      STL-14   implement
2026-09-11T15:38:05+00:00 fail       STL-14   implement rc=1:     cont = (f"\n\nCONTINUATION: cycle {prev_partial['cycle']} ran out of budget and left draft PR #{prev_partial['pr']} on this branch " |                                                                                                     ~~~~~~~~~~~~^^^^^^ | KeyError: 'pr'
2026-09-11T15:40:16+00:00 start      STL-14   implement
2026-09-11T15:40:20+00:00 fail       STL-14   implement rc=1:     cont = (f"\n\nCONTINUATION: cycle {prev_partial['cycle']} ran out of budget and left draft PR #{prev_partial['pr']} on this branch " |                                                                                                     ~~~~~~~~~~~~^^^^^^ | KeyError: 'pr'
2026-09-11T15:42:31+00:00 start      STL-14   implement
2026-09-11T15:42:34+00:00 fail       STL-14   implement rc=1:     cont = (f"\n\nCONTINUATION: cycle {prev_partial['cycle']} ran out of budget and left draft PR #{prev_partial['pr']} on this branch " |                                                                                                     ~~~~~~~~~~~~^^^^^^ | KeyError: 'pr'
2026-09-11T15:44:46+00:00 start      STL-14   implement
2026-09-11T15:44:50+00:00 fail       STL-14   implement rc=1:     cont = (f"\n\nCONTINUATION: cycle {prev_partial['cycle']} ran out of budget and left draft PR #{prev_partial['pr']} on this branch " |                                                                                                     ~~~~~~~~~~~~^^^^^^ | KeyError: 'pr'
2026-09-11T15:47:02+00:00 start      STL-14   implement
2026-09-11T15:47:06+00:00 fail       STL-14   implement rc=1:     cont = (f"\n\nCONTINUATION: cycle {prev_partial['cycle']} ran out of budget and left draft PR #{prev_partial['pr']} on this branch " |                                                                                                     ~~~~~~~~~~~~^^^^^^ | KeyError: 'pr'
2026-09-11T15:49:16+00:00 start      STL-14   implement
2026-09-11T15:49:28+00:00 fail       STL-14   implement rc=1:     cont = (f"\n\nCONTINUATION: cycle {prev_partial['cycle']} ran out of budget and left draft PR #{prev_partial['pr']} on this branch " |                                                                                                     ~~~~~~~~~~~~^^^^^^ | KeyError: 'pr'
2026-09-11T15:51:39+00:00 start      STL-14   implement
2026-09-11T15:51:44+00:00 fail       STL-14   implement rc=1:     cont = (f"\n\nCONTINUATION: cycle {prev_partial['cycle']} ran out of budget and left draft PR #{prev_partial['pr']} on this branch " |                                                                                                     ~~~~~~~~~~~~^^^^^^ | KeyError: 'pr'
2026-09-11T15:53:55+00:00 start      STL-14   implement
2026-09-11T15:53:59+00:00 fail       STL-14   implement rc=1:     cont = (f"\n\nCONTINUATION: cycle {prev_partial['cycle']} ran out of budget and left draft PR #{prev_partial['pr']} on this branch " |                                                                                                     ~~~~~~~~~~~~^^^^^^ | KeyError: 'pr'
2026-09-11T15:56:12+00:00 start      STL-14   implement
2026-09-11T15:56:15+00:00 fail       STL-14   implement rc=1:     cont = (f"\n\nCONTINUATION: cycle {prev_partial['cycle']} ran out of budget and left draft PR #{prev_partial['pr']} on this branch " |                                                                                                     ~~~~~~~~~~~~^^^^^^ | KeyError: 'pr'
2026-09-11T15:58:27+00:00 start      STL-14   implement
2026-09-11T15:58:30+00:00 fail       STL-14   implement rc=1:     cont = (f"\n\nCONTINUATION: cycle {prev_partial['cycle']} ran out of budget and left draft PR #{prev_partial['pr']} on this branch " |                                                                                                     ~~~~~~~~~~~~^^^^^^ | KeyError: 'pr'
2026-09-11T16:00:41+00:00 start      STL-14   implement
2026-09-11T16:00:45+00:00 fail       STL-14   implement rc=1:     cont = (f"\n\nCONTINUATION: cycle {prev_partial['cycle']} ran out of budget and left draft PR #{prev_partial['pr']} on this branch " |                                                                                                     ~~~~~~~~~~~~^^^^^^ | KeyError: 'pr'
2026-09-11T16:02:55+00:00 start      STL-14   implement
2026-09-11T16:03:00+00:00 fail       STL-14   implement rc=1:     cont = (f"\n\nCONTINUATION: cycle {prev_partial['cycle']} ran out of budget and left draft PR #{prev_partial['pr']} on this branch " |                                                                                                     ~~~~~~~~~~~~^^^^^^ | KeyError: 'pr'
2026-09-11T16:05:11+00:00 start      STL-14   implement
2026-09-11T16:05:14+00:00 fail       STL-14   implement rc=1:     cont = (f"\n\nCONTINUATION: cycle {prev_partial['cycle']} ran out of budget and left draft PR #{prev_partial['pr']} on this branch " |                                                                                                     ~~~~~~~~~~~~^^^^^^ | KeyError: 'pr'
2026-09-11T16:07:25+00:00 start      STL-14   implement
2026-09-11T16:07:30+00:00 fail       STL-14   implement rc=1:     cont = (f"\n\nCONTINUATION: cycle {prev_partial['cycle']} ran out of budget and left draft PR #{prev_partial['pr']} on this branch " |                                                                                                     ~~~~~~~~~~~~^^^^^^ | KeyError: 'pr'
2026-09-11T16:09:41+00:00 start      STL-14   implement
2026-09-11T16:09:44+00:00 fail       STL-14   implement rc=1:     cont = (f"\n\nCONTINUATION: cycle {prev_partial['cycle']} ran out of budget and left draft PR #{prev_partial['pr']} on this branch " |                                                                                                     ~~~~~~~~~~~~^^^^^^ | KeyError: 'pr'
2026-09-11T16:11:55+00:00 start      STL-14   implement
2026-09-11T16:12:00+00:00 fail       STL-14   implement rc=1:     cont = (f"\n\nCONTINUATION: cycle {prev_partial['cycle']} ran out of budget and left draft PR #{prev_partial['pr']} on this branch " |                                                                                                     ~~~~~~~~~~~~^^^^^^ | KeyError: 'pr'
2026-09-11T16:14:11+00:00 start      STL-14   implement
2026-09-11T16:14:15+00:00 fail       STL-14   implement rc=1:     cont = (f"\n\nCONTINUATION: cycle {prev_partial['cycle']} ran out of budget and left draft PR #{prev_partial['pr']} on this branch " |                                                                                                     ~~~~~~~~~~~~^^^^^^ | KeyError: 'pr'
2026-09-11T16:16:26+00:00 start      STL-14   implement
2026-09-11T16:16:30+00:00 fail       STL-14   implement rc=1:     cont = (f"\n\nCONTINUATION: cycle {prev_partial['cycle']} ran out of budget and left draft PR #{prev_partial['pr']} on this branch " |                                                                                                     ~~~~~~~~~~~~^^^^^^ | KeyError: 'pr'
2026-09-11T16:18:42+00:00 start      STL-14   implement
2026-09-11T16:18:48+00:00 fail       STL-14   implement rc=1:     cont = (f"\n\nCONTINUATION: cycle {prev_partial['cycle']} ran out of budget and left draft PR #{prev_partial['pr']} on this branch " |                                                                                                     ~~~~~~~~~~~~^^^^^^ | KeyError: 'pr'
2026-09-11T16:20:59+00:00 start      STL-14   implement
2026-09-11T16:21:06+00:00 fail       STL-14   implement rc=1:     cont = (f"\n\nCONTINUATION: cycle {prev_partial['cycle']} ran out of budget and left draft PR #{prev_partial['pr']} on this branch " |                                                                                                     ~~~~~~~~~~~~^^^^^^ | KeyError: 'pr'
2026-09-11T16:23:17+00:00 start      STL-14   implement
2026-09-11T16:23:21+00:00 fail       STL-14   implement rc=1:     cont = (f"\n\nCONTINUATION: cycle {prev_partial['cycle']} ran out of budget and left draft PR #{prev_partial['pr']} on this branch " |                                                                                                     ~~~~~~~~~~~~^^^^^^ | KeyError: 'pr'
2026-09-11T16:25:32+00:00 start      STL-14   implement
2026-09-11T16:25:35+00:00 fail       STL-14   implement rc=1:     cont = (f"\n\nCONTINUATION: cycle {prev_partial['cycle']} ran out of budget and left draft PR #{prev_partial['pr']} on this branch " |                                                                                                     ~~~~~~~~~~~~^^^^^^ | KeyError: 'pr'
2026-09-11T16:27:46+00:00 start      STL-14   implement
2026-09-11T16:27:50+00:00 fail       STL-14   implement rc=1:     cont = (f"\n\nCONTINUATION: cycle {prev_partial['cycle']} ran out of budget and left draft PR #{prev_partial['pr']} on this branch " |                                                                                                     ~~~~~~~~~~~~^^^^^^ | KeyError: 'pr'
2026-09-11T16:30:01+00:00 start      STL-14   implement
2026-09-11T16:30:06+00:00 fail       STL-14   implement rc=1:     cont = (f"\n\nCONTINUATION: cycle {prev_partial['cycle']} ran out of budget and left draft PR #{prev_partial['pr']} on this branch " |                                                                                                     ~~~~~~~~~~~~^^^^^^ | KeyError: 'pr'
2026-09-11T16:32:16+00:00 start      STL-14   implement
2026-09-11T16:32:21+00:00 fail       STL-14   implement rc=1:     cont = (f"\n\nCONTINUATION: cycle {prev_partial['cycle']} ran out of budget and left draft PR #{prev_partial['pr']} on this branch " |                                                                                                     ~~~~~~~~~~~~^^^^^^ | KeyError: 'pr'
2026-09-11T16:34:31+00:00 start      STL-14   implement
2026-09-11T16:34:40+00:00 fail       STL-14   implement rc=1:     cont = (f"\n\nCONTINUATION: cycle {prev_partial['cycle']} ran out of budget and left draft PR #{prev_partial['pr']} on this branch " |                                                                                                     ~~~~~~~~~~~~^^^^^^ | KeyError: 'pr'
2026-09-11T16:36:50+00:00 start      STL-14   implement
2026-09-11T16:36:54+00:00 fail       STL-14   implement rc=1:     cont = (f"\n\nCONTINUATION: cycle {prev_partial['cycle']} ran out of budget and left draft PR #{prev_partial['pr']} on this branch " |                                                                                                     ~~~~~~~~~~~~^^^^^^ | KeyError: 'pr'
2026-09-11T16:39:05+00:00 start      STL-14   implement
2026-09-11T16:39:09+00:00 fail       STL-14   implement rc=1:     cont = (f"\n\nCONTINUATION: cycle {prev_partial['cycle']} ran out of budget and left draft PR #{prev_partial['pr']} on this branch " |                                                                                                     ~~~~~~~~~~~~^^^^^^ | KeyError: 'pr'
2026-09-11T16:41:21+00:00 start      STL-14   implement
2026-09-11T16:41:27+00:00 fail       STL-14   implement rc=1:     cont = (f"\n\nCONTINUATION: cycle {prev_partial['cycle']} ran out of budget and left draft PR #{prev_partial['pr']} on this branch " |                                                                                                     ~~~~~~~~~~~~^^^^^^ | KeyError: 'pr'
2026-09-11T16:43:38+00:00 start      STL-14   implement
2026-09-11T16:43:41+00:00 fail       STL-14   implement rc=1:     cont = (f"\n\nCONTINUATION: cycle {prev_partial['cycle']} ran out of budget and left draft PR #{prev_partial['pr']} on this branch " |                                                                                                     ~~~~~~~~~~~~^^^^^^ | KeyError: 'pr'
2026-09-11T16:45:53+00:00 start      STL-14   implement
2026-09-11T16:45:56+00:00 fail       STL-14   implement rc=1:     cont = (f"\n\nCONTINUATION: cycle {prev_partial['cycle']} ran out of budget and left draft PR #{prev_partial['pr']} on this branch " |                                                                                                     ~~~~~~~~~~~~^^^^^^ | KeyError: 'pr'
2026-09-11T16:48:07+00:00 start      STL-14   implement
2026-09-11T16:48:13+00:00 fail       STL-14   implement rc=1:     cont = (f"\n\nCONTINUATION: cycle {prev_partial['cycle']} ran out of budget and left draft PR #{prev_partial['pr']} on this branch " |                                                                                                     ~~~~~~~~~~~~^^^^^^ | KeyError: 'pr'
2026-09-11T16:50:24+00:00 start      STL-14   implement
2026-09-11T16:50:27+00:00 fail       STL-14   implement rc=1:     cont = (f"\n\nCONTINUATION: cycle {prev_partial['cycle']} ran out of budget and left draft PR #{prev_partial['pr']} on this branch " |                                                                                                     ~~~~~~~~~~~~^^^^^^ | KeyError: 'pr'
2026-09-11T16:52:39+00:00 start      STL-14   implement
2026-09-11T16:52:56+00:00 fail       STL-14   implement rc=1:     cont = (f"\n\nCONTINUATION: cycle {prev_partial['cycle']} ran out of budget and left draft PR #{prev_partial['pr']} on this branch " |                                                                                                     ~~~~~~~~~~~~^^^^^^ | KeyError: 'pr'
2026-09-11T16:55:08+00:00 start      STL-14   implement
2026-09-11T16:55:11+00:00 fail       STL-14   implement rc=1:     cont = (f"\n\nCONTINUATION: cycle {prev_partial['cycle']} ran out of budget and left draft PR #{prev_partial['pr']} on this branch " |                                                                                                     ~~~~~~~~~~~~^^^^^^ | KeyError: 'pr'
2026-09-11T16:57:23+00:00 start      STL-14   implement
2026-09-11T16:57:30+00:00 fail       STL-14   implement rc=1:     cont = (f"\n\nCONTINUATION: cycle {prev_partial['cycle']} ran out of budget and left draft PR #{prev_partial['pr']} on this branch " |                                                                                                     ~~~~~~~~~~~~^^^^^^ | KeyError: 'pr'
2026-09-11T16:59:42+00:00 start      STL-14   implement
2026-09-11T16:59:47+00:00 fail       STL-14   implement rc=1:     cont = (f"\n\nCONTINUATION: cycle {prev_partial['cycle']} ran out of budget and left draft PR #{prev_partial['pr']} on this branch " |                                                                                                     ~~~~~~~~~~~~^^^^^^ | KeyError: 'pr'
2026-09-11T17:01:59+00:00 start      STL-14   implement
2026-09-11T17:02:02+00:00 fail       STL-14   implement rc=1:     cont = (f"\n\nCONTINUATION: cycle {prev_partial['cycle']} ran out of budget and left draft PR #{prev_partial['pr']} on this branch " |                                                                                                     ~~~~~~~~~~~~^^^^^^ | KeyError: 'pr'
2026-09-11T17:04:14+00:00 start      STL-14   implement
2026-09-11T17:04:19+00:00 fail       STL-14   implement rc=1:     cont = (f"\n\nCONTINUATION: cycle {prev_partial['cycle']} ran out of budget and left draft PR #{prev_partial['pr']} on this branch " |                                                                                                     ~~~~~~~~~~~~^^^^^^ | KeyError: 'pr'
2026-09-11T17:06:31+00:00 start      STL-14   implement
2026-09-11T17:06:37+00:00 fail       STL-14   implement rc=1:     cont = (f"\n\nCONTINUATION: cycle {prev_partial['cycle']} ran out of budget and left draft PR #{prev_partial['pr']} on this branch " |                                                                                                     ~~~~~~~~~~~~^^^^^^ | KeyError: 'pr'
2026-09-11T17:08:48+00:00 start      STL-14   implement
2026-09-11T17:09:01+00:00 fail       STL-14   implement rc=1:     cont = (f"\n\nCONTINUATION: cycle {prev_partial['cycle']} ran out of budget and left draft PR #{prev_partial['pr']} on this branch " |                                                                                                     ~~~~~~~~~~~~^^^^^^ | KeyError: 'pr'
2026-09-11T17:11:13+00:00 start      STL-14   implement
2026-09-11T17:11:23+00:00 fail       STL-14   implement rc=1:     cont = (f"\n\nCONTINUATION: cycle {prev_partial['cycle']} ran out of budget and left draft PR #{prev_partial['pr']} on this branch " |                                                                                                     ~~~~~~~~~~~~^^^^^^ | KeyError: 'pr'
2026-09-11T17:13:34+00:00 start      STL-14   implement
2026-09-11T17:13:38+00:00 fail       STL-14   implement rc=1:     cont = (f"\n\nCONTINUATION: cycle {prev_partial['cycle']} ran out of budget and left draft PR #{prev_partial['pr']} on this branch " |                                                                                                     ~~~~~~~~~~~~^^^^^^ | KeyError: 'pr'
2026-09-11T17:15:49+00:00 start      STL-14   implement
2026-09-11T17:15:53+00:00 fail       STL-14   implement rc=1:     cont = (f"\n\nCONTINUATION: cycle {prev_partial['cycle']} ran out of budget and left draft PR #{prev_partial['pr']} on this branch " |                                                                                                     ~~~~~~~~~~~~^^^^^^ | KeyError: 'pr'
2026-09-11T17:18:05+00:00 start      STL-14   implement
2026-09-11T17:18:12+00:00 fail       STL-14   implement rc=1:     cont = (f"\n\nCONTINUATION: cycle {prev_partial['cycle']} ran out of budget and left draft PR #{prev_partial['pr']} on this branch " |                                                                                                     ~~~~~~~~~~~~^^^^^^ | KeyError: 'pr'
2026-09-11T17:20:23+00:00 start      STL-14   implement
2026-09-11T17:20:27+00:00 fail       STL-14   implement rc=1:     cont = (f"\n\nCONTINUATION: cycle {prev_partial['cycle']} ran out of budget and left draft PR #{prev_partial['pr']} on this branch " |                                                                                                     ~~~~~~~~~~~~^^^^^^ | KeyError: 'pr'
2026-09-11T17:22:39+00:00 start      STL-14   implement
2026-09-11T17:22:43+00:00 fail       STL-14   implement rc=1:     cont = (f"\n\nCONTINUATION: cycle {prev_partial['cycle']} ran out of budget and left draft PR #{prev_partial['pr']} on this branch " |                                                                                                     ~~~~~~~~~~~~^^^^^^ | KeyError: 'pr'
2026-09-11T17:24:55+00:00 start      STL-14   implement
2026-09-11T17:24:58+00:00 fail       STL-14   implement rc=1:     cont = (f"\n\nCONTINUATION: cycle {prev_partial['cycle']} ran out of budget and left draft PR #{prev_partial['pr']} on this branch " |                                                                                                     ~~~~~~~~~~~~^^^^^^ | KeyError: 'pr'
2026-09-11T17:27:10+00:00 start      STL-14   implement
2026-09-11T17:27:14+00:00 fail       STL-14   implement rc=1:     cont = (f"\n\nCONTINUATION: cycle {prev_partial['cycle']} ran out of budget and left draft PR #{prev_partial['pr']} on this branch " |                                                                                                     ~~~~~~~~~~~~^^^^^^ | KeyError: 'pr'
2026-09-11T17:29:25+00:00 start      STL-14   implement
2026-09-11T17:29:28+00:00 fail       STL-14   implement rc=1:     cont = (f"\n\nCONTINUATION: cycle {prev_partial['cycle']} ran out of budget and left draft PR #{prev_partial['pr']} on this branch " |                                                                                                     ~~~~~~~~~~~~^^^^^^ | KeyError: 'pr'
2026-09-11T17:31:40+00:00 start      STL-14   implement
2026-09-11T17:31:43+00:00 fail       STL-14   implement rc=1:     cont = (f"\n\nCONTINUATION: cycle {prev_partial['cycle']} ran out of budget and left draft PR #{prev_partial['pr']} on this branch " |                                                                                                     ~~~~~~~~~~~~^^^^^^ | KeyError: 'pr'
2026-09-11T17:33:55+00:00 start      STL-14   implement
2026-09-11T17:33:58+00:00 fail       STL-14   implement rc=1:     cont = (f"\n\nCONTINUATION: cycle {prev_partial['cycle']} ran out of budget and left draft PR #{prev_partial['pr']} on this branch " |                                                                                                     ~~~~~~~~~~~~^^^^^^ | KeyError: 'pr'
2026-09-11T17:36:09+00:00 start      STL-14   implement
2026-09-11T17:36:12+00:00 fail       STL-14   implement rc=1:     cont = (f"\n\nCONTINUATION: cycle {prev_partial['cycle']} ran out of budget and left draft PR #{prev_partial['pr']} on this branch " |                                                                                                     ~~~~~~~~~~~~^^^^^^ | KeyError: 'pr'
2026-09-11T17:38:23+00:00 start      STL-14   implement
2026-09-11T17:38:26+00:00 fail       STL-14   implement rc=1:     cont = (f"\n\nCONTINUATION: cycle {prev_partial['cycle']} ran out of budget and left draft PR #{prev_partial['pr']} on this branch " |                                                                                                     ~~~~~~~~~~~~^^^^^^ | KeyError: 'pr'
2026-09-11T17:40:37+00:00 start      STL-14   implement
2026-09-11T17:40:41+00:00 fail       STL-14   implement rc=1:     cont = (f"\n\nCONTINUATION: cycle {prev_partial['cycle']} ran out of budget and left draft PR #{prev_partial['pr']} on this branch " |                                                                                                     ~~~~~~~~~~~~^^^^^^ | KeyError: 'pr'
2026-09-11T17:42:52+00:00 start      STL-14   implement
2026-09-11T17:42:56+00:00 fail       STL-14   implement rc=1:     cont = (f"\n\nCONTINUATION: cycle {prev_partial['cycle']} ran out of budget and left draft PR #{prev_partial['pr']} on this branch " |                                                                                                     ~~~~~~~~~~~~^^^^^^ | KeyError: 'pr'
2026-09-11T17:45:07+00:00 start      STL-14   implement
2026-09-11T17:45:10+00:00 fail       STL-14   implement rc=1:     cont = (f"\n\nCONTINUATION: cycle {prev_partial['cycle']} ran out of budget and left draft PR #{prev_partial['pr']} on this branch " |                                                                                                     ~~~~~~~~~~~~^^^^^^ | KeyError: 'pr'
2026-09-11T17:47:22+00:00 start      STL-14   implement
2026-09-11T17:47:25+00:00 fail       STL-14   implement rc=1:     cont = (f"\n\nCONTINUATION: cycle {prev_partial['cycle']} ran out of budget and left draft PR #{prev_partial['pr']} on this branch " |                                                                                                     ~~~~~~~~~~~~^^^^^^ | KeyError: 'pr'
2026-09-11T17:49:36+00:00 start      STL-14   implement
2026-09-11T17:49:40+00:00 fail       STL-14   implement rc=1:     cont = (f"\n\nCONTINUATION: cycle {prev_partial['cycle']} ran out of budget and left draft PR #{prev_partial['pr']} on this branch " |                                                                                                     ~~~~~~~~~~~~^^^^^^ | KeyError: 'pr'
2026-09-11T17:51:51+00:00 start      STL-14   implement
2026-09-11T17:51:55+00:00 fail       STL-14   implement rc=1:     cont = (f"\n\nCONTINUATION: cycle {prev_partial['cycle']} ran out of budget and left draft PR #{prev_partial['pr']} on this branch " |                                                                                                     ~~~~~~~~~~~~^^^^^^ | KeyError: 'pr'
2026-09-11T17:54:06+00:00 start      STL-14   implement
2026-09-11T17:54:09+00:00 fail       STL-14   implement rc=1:     cont = (f"\n\nCONTINUATION: cycle {prev_partial['cycle']} ran out of budget and left draft PR #{prev_partial['pr']} on this branch " |                                                                                                     ~~~~~~~~~~~~^^^^^^ | KeyError: 'pr'
2026-09-11T17:56:20+00:00 start      STL-14   implement
2026-09-11T17:56:23+00:00 fail       STL-14   implement rc=1:     cont = (f"\n\nCONTINUATION: cycle {prev_partial['cycle']} ran out of budget and left draft PR #{prev_partial['pr']} on this branch " |                                                                                                     ~~~~~~~~~~~~^^^^^^ | KeyError: 'pr'
2026-09-11T17:58:35+00:00 start      STL-14   implement
2026-09-11T17:58:40+00:00 fail       STL-14   implement rc=1:     cont = (f"\n\nCONTINUATION: cycle {prev_partial['cycle']} ran out of budget and left draft PR #{prev_partial['pr']} on this branch " |                                                                                                     ~~~~~~~~~~~~^^^^^^ | KeyError: 'pr'
2026-09-11T18:00:52+00:00 start      STL-14   implement
2026-09-11T18:00:59+00:00 fail       STL-14   implement rc=1:     cont = (f"\n\nCONTINUATION: cycle {prev_partial['cycle']} ran out of budget and left draft PR #{prev_partial['pr']} on this branch " |                                                                                                     ~~~~~~~~~~~~^^^^^^ | KeyError: 'pr'
2026-09-11T18:03:10+00:00 start      STL-14   implement
2026-09-11T18:03:13+00:00 fail       STL-14   implement rc=1:     cont = (f"\n\nCONTINUATION: cycle {prev_partial['cycle']} ran out of budget and left draft PR #{prev_partial['pr']} on this branch " |                                                                                                     ~~~~~~~~~~~~^^^^^^ | KeyError: 'pr'
2026-09-11T18:05:25+00:00 start      STL-14   implement
2026-09-11T18:05:28+00:00 fail       STL-14   implement rc=1:     cont = (f"\n\nCONTINUATION: cycle {prev_partial['cycle']} ran out of budget and left draft PR #{prev_partial['pr']} on this branch " |                                                                                                     ~~~~~~~~~~~~^^^^^^ | KeyError: 'pr'
2026-09-11T18:07:39+00:00 start      STL-14   implement
2026-09-11T18:07:42+00:00 fail       STL-14   implement rc=1:     cont = (f"\n\nCONTINUATION: cycle {prev_partial['cycle']} ran out of budget and left draft PR #{prev_partial['pr']} on this branch " |                                                                                                     ~~~~~~~~~~~~^^^^^^ | KeyError: 'pr'
2026-09-11T18:11:05+00:00 idle       -        0/15 merged; nothing runnable (waiting on agents, blockers, or escalations)
2026-09-11T18:13:15+00:00 start      STL-14   implement
2026-09-11T18:13:19+00:00 fail       STL-14   implement rc=1:     cont = (f"\n\nCONTINUATION: cycle {prev_partial['cycle']} ran out of budget and left draft PR #{prev_partial['pr']} on this branch " |                                                                                                     ~~~~~~~~~~~~^^^^^^ | KeyError: 'pr'
2026-09-11T18:15:31+00:00 start      STL-14   implement
2026-09-11T18:15:34+00:00 fail       STL-14   implement rc=1:     cont = (f"\n\nCONTINUATION: cycle {prev_partial['cycle']} ran out of budget and left draft PR #{prev_partial['pr']} on this branch " |                                                                                                     ~~~~~~~~~~~~^^^^^^ | KeyError: 'pr'
2026-09-11T18:17:47+00:00 start      STL-14   implement
2026-09-11T18:17:50+00:00 fail       STL-14   implement rc=1:     cont = (f"\n\nCONTINUATION: cycle {prev_partial['cycle']} ran out of budget and left draft PR #{prev_partial['pr']} on this branch " |                                                                                                     ~~~~~~~~~~~~^^^^^^ | KeyError: 'pr'
2026-09-11T18:20:02+00:00 start      STL-14   implement
2026-09-11T18:20:06+00:00 fail       STL-14   implement rc=1:     cont = (f"\n\nCONTINUATION: cycle {prev_partial['cycle']} ran out of budget and left draft PR #{prev_partial['pr']} on this branch " |                                                                                                     ~~~~~~~~~~~~^^^^^^ | KeyError: 'pr'
2026-09-11T18:22:18+00:00 start      STL-14   implement
2026-09-11T18:22:23+00:00 fail       STL-14   implement rc=1:     cont = (f"\n\nCONTINUATION: cycle {prev_partial['cycle']} ran out of budget and left draft PR #{prev_partial['pr']} on this branch " |                                                                                                     ~~~~~~~~~~~~^^^^^^ | KeyError: 'pr'
2026-09-11T18:24:35+00:00 start      STL-14   implement
2026-09-11T18:24:38+00:00 fail       STL-14   implement rc=1:     cont = (f"\n\nCONTINUATION: cycle {prev_partial['cycle']} ran out of budget and left draft PR #{prev_partial['pr']} on this branch " |                                                                                                     ~~~~~~~~~~~~^^^^^^ | KeyError: 'pr'
2026-09-11T18:26:50+00:00 start      STL-14   implement
2026-09-11T18:26:54+00:00 fail       STL-14   implement rc=1:     cont = (f"\n\nCONTINUATION: cycle {prev_partial['cycle']} ran out of budget and left draft PR #{prev_partial['pr']} on this branch " |                                                                                                     ~~~~~~~~~~~~^^^^^^ | KeyError: 'pr'
2026-09-11T18:29:06+00:00 start      STL-14   implement
2026-09-11T18:29:10+00:00 fail       STL-14   implement rc=1:     cont = (f"\n\nCONTINUATION: cycle {prev_partial['cycle']} ran out of budget and left draft PR #{prev_partial['pr']} on this branch " |                                                                                                     ~~~~~~~~~~~~^^^^^^ | KeyError: 'pr'
2026-09-11T18:31:21+00:00 start      STL-14   implement
2026-09-11T18:31:24+00:00 fail       STL-14   implement rc=1:     cont = (f"\n\nCONTINUATION: cycle {prev_partial['cycle']} ran out of budget and left draft PR #{prev_partial['pr']} on this branch " |                                                                                                     ~~~~~~~~~~~~^^^^^^ | KeyError: 'pr'
2026-09-11T18:33:34+00:00 start      STL-14   implement
2026-09-11T18:33:38+00:00 fail       STL-14   implement rc=1:     cont = (f"\n\nCONTINUATION: cycle {prev_partial['cycle']} ran out of budget and left draft PR #{prev_partial['pr']} on this branch " |                                                                                                     ~~~~~~~~~~~~^^^^^^ | KeyError: 'pr'
2026-09-11T18:35:49+00:00 start      STL-14   implement
2026-09-11T18:35:52+00:00 fail       STL-14   implement rc=1:     cont = (f"\n\nCONTINUATION: cycle {prev_partial['cycle']} ran out of budget and left draft PR #{prev_partial['pr']} on this branch " |                                                                                                     ~~~~~~~~~~~~^^^^^^ | KeyError: 'pr'
2026-09-11T18:38:03+00:00 start      STL-14   implement
2026-09-11T18:38:06+00:00 fail       STL-14   implement rc=1:     cont = (f"\n\nCONTINUATION: cycle {prev_partial['cycle']} ran out of budget and left draft PR #{prev_partial['pr']} on this branch " |                                                                                                     ~~~~~~~~~~~~^^^^^^ | KeyError: 'pr'
2026-09-11T18:40:18+00:00 start      STL-14   implement
2026-09-11T18:40:21+00:00 fail       STL-14   implement rc=1:     cont = (f"\n\nCONTINUATION: cycle {prev_partial['cycle']} ran out of budget and left draft PR #{prev_partial['pr']} on this branch " |                                                                                                     ~~~~~~~~~~~~^^^^^^ | KeyError: 'pr'
2026-09-11T18:42:32+00:00 start      STL-14   implement
2026-09-11T18:42:36+00:00 fail       STL-14   implement rc=1:     cont = (f"\n\nCONTINUATION: cycle {prev_partial['cycle']} ran out of budget and left draft PR #{prev_partial['pr']} on this branch " |                                                                                                     ~~~~~~~~~~~~^^^^^^ | KeyError: 'pr'
2026-09-11T18:44:48+00:00 start      STL-14   implement
2026-09-11T18:44:50+00:00 fail       STL-14   implement rc=1:     cont = (f"\n\nCONTINUATION: cycle {prev_partial['cycle']} ran out of budget and left draft PR #{prev_partial['pr']} on this branch " |                                                                                                     ~~~~~~~~~~~~^^^^^^ | KeyError: 'pr'
2026-09-11T18:47:01+00:00 start      STL-14   implement
2026-09-11T18:47:05+00:00 fail       STL-14   implement rc=1:     cont = (f"\n\nCONTINUATION: cycle {prev_partial['cycle']} ran out of budget and left draft PR #{prev_partial['pr']} on this branch " |                                                                                                     ~~~~~~~~~~~~^^^^^^ | KeyError: 'pr'
2026-09-11T18:49:15+00:00 start      STL-14   implement
2026-09-11T18:49:19+00:00 fail       STL-14   implement rc=1:     cont = (f"\n\nCONTINUATION: cycle {prev_partial['cycle']} ran out of budget and left draft PR #{prev_partial['pr']} on this branch " |                                                                                                     ~~~~~~~~~~~~^^^^^^ | KeyError: 'pr'
2026-09-11T18:51:30+00:00 start      STL-14   implement
2026-09-11T18:51:33+00:00 fail       STL-14   implement rc=1:     cont = (f"\n\nCONTINUATION: cycle {prev_partial['cycle']} ran out of budget and left draft PR #{prev_partial['pr']} on this branch " |                                                                                                     ~~~~~~~~~~~~^^^^^^ | KeyError: 'pr'
2026-09-11T18:53:45+00:00 start      STL-14   implement
2026-09-11T18:53:52+00:00 fail       STL-14   implement rc=1:     cont = (f"\n\nCONTINUATION: cycle {prev_partial['cycle']} ran out of budget and left draft PR #{prev_partial['pr']} on this branch " |                                                                                                     ~~~~~~~~~~~~^^^^^^ | KeyError: 'pr'
2026-09-11T18:56:02+00:00 start      STL-14   implement
2026-09-11T18:56:05+00:00 fail       STL-14   implement rc=1:     cont = (f"\n\nCONTINUATION: cycle {prev_partial['cycle']} ran out of budget and left draft PR #{prev_partial['pr']} on this branch " |                                                                                                     ~~~~~~~~~~~~^^^^^^ | KeyError: 'pr'
2026-09-11T18:58:16+00:00 start      STL-14   implement
2026-09-11T18:58:21+00:00 fail       STL-14   implement rc=1:     cont = (f"\n\nCONTINUATION: cycle {prev_partial['cycle']} ran out of budget and left draft PR #{prev_partial['pr']} on this branch " |                                                                                                     ~~~~~~~~~~~~^^^^^^ | KeyError: 'pr'
2026-09-11T19:00:32+00:00 start      STL-14   implement
2026-09-11T19:00:36+00:00 fail       STL-14   implement rc=1:     cont = (f"\n\nCONTINUATION: cycle {prev_partial['cycle']} ran out of budget and left draft PR #{prev_partial['pr']} on this branch " |                                                                                                     ~~~~~~~~~~~~^^^^^^ | KeyError: 'pr'
2026-09-11T19:02:47+00:00 start      STL-14   implement
2026-09-11T19:02:51+00:00 fail       STL-14   implement rc=1:     cont = (f"\n\nCONTINUATION: cycle {prev_partial['cycle']} ran out of budget and left draft PR #{prev_partial['pr']} on this branch " |                                                                                                     ~~~~~~~~~~~~^^^^^^ | KeyError: 'pr'
2026-09-11T19:05:02+00:00 start      STL-14   implement
2026-09-11T19:05:06+00:00 fail       STL-14   implement rc=1:     cont = (f"\n\nCONTINUATION: cycle {prev_partial['cycle']} ran out of budget and left draft PR #{prev_partial['pr']} on this branch " |                                                                                                     ~~~~~~~~~~~~^^^^^^ | KeyError: 'pr'
2026-09-11T19:08:31+00:00 start      STL-14   implement
2026-09-11T19:08:55+00:00 fail       STL-14   implement rc=1:     cont = (f"\n\nCONTINUATION: cycle {prev_partial['cycle']} ran out of budget and left draft PR #{prev_partial['pr']} on this branch " |                                                                                                     ~~~~~~~~~~~~^^^^^^ | KeyError: 'pr'
2026-09-11T19:12:03+00:00 start      STL-14   implement
2026-09-11T19:12:12+00:00 fail       STL-14   implement rc=1:     cont = (f"\n\nCONTINUATION: cycle {prev_partial['cycle']} ran out of budget and left draft PR #{prev_partial['pr']} on this branch " |                                                                                                     ~~~~~~~~~~~~^^^^^^ | KeyError: 'pr'
2026-09-11T19:15:35+00:00 start      STL-14   implement
2026-09-11T19:15:46+00:00 fail       STL-14   implement rc=1:     cont = (f"\n\nCONTINUATION: cycle {prev_partial['cycle']} ran out of budget and left draft PR #{prev_partial['pr']} on this branch " |                                                                                                     ~~~~~~~~~~~~^^^^^^ | KeyError: 'pr'
2026-09-11T19:19:10+00:00 start      STL-14   implement
2026-09-11T19:19:24+00:00 fail       STL-14   implement rc=1:     cont = (f"\n\nCONTINUATION: cycle {prev_partial['cycle']} ran out of budget and left draft PR #{prev_partial['pr']} on this branch " |                                                                                                     ~~~~~~~~~~~~^^^^^^ | KeyError: 'pr'
2026-09-11T19:21:58+00:00 start      STL-14   implement
2026-09-11T19:22:11+00:00 fail       STL-14   implement rc=1:     cont = (f"\n\nCONTINUATION: cycle {prev_partial['cycle']} ran out of budget and left draft PR #{prev_partial['pr']} on this branch " |                                                                                                     ~~~~~~~~~~~~^^^^^^ | KeyError: 'pr'
2026-09-11T19:24:59+00:00 start      STL-14   implement
2026-09-11T19:25:10+00:00 fail       STL-14   implement rc=1:     cont = (f"\n\nCONTINUATION: cycle {prev_partial['cycle']} ran out of budget and left draft PR #{prev_partial['pr']} on this branch " |                                                                                                     ~~~~~~~~~~~~^^^^^^ | KeyError: 'pr'
2026-09-11T19:28:43+00:00 start      STL-14   implement
2026-09-11T19:28:56+00:00 fail       STL-14   implement rc=1:     cont = (f"\n\nCONTINUATION: cycle {prev_partial['cycle']} ran out of budget and left draft PR #{prev_partial['pr']} on this branch " |                                                                                                     ~~~~~~~~~~~~^^^^^^ | KeyError: 'pr'
2026-09-11T19:31:25+00:00 start      STL-14   implement
2026-09-11T19:31:33+00:00 fail       STL-14   implement rc=1:     cont = (f"\n\nCONTINUATION: cycle {prev_partial['cycle']} ran out of budget and left draft PR #{prev_partial['pr']} on this branch " |                                                                                                     ~~~~~~~~~~~~^^^^^^ | KeyError: 'pr'
2026-09-11T19:34:13+00:00 start      STL-14   implement
2026-09-11T19:34:28+00:00 fail       STL-14   implement rc=1:     cont = (f"\n\nCONTINUATION: cycle {prev_partial['cycle']} ran out of budget and left draft PR #{prev_partial['pr']} on this branch " |                                                                                                     ~~~~~~~~~~~~^^^^^^ | KeyError: 'pr'
2026-09-11T19:37:40+00:00 start      STL-14   implement
2026-09-11T19:37:46+00:00 fail       STL-14   implement rc=1:     cont = (f"\n\nCONTINUATION: cycle {prev_partial['cycle']} ran out of budget and left draft PR #{prev_partial['pr']} on this branch " |                                                                                                     ~~~~~~~~~~~~^^^^^^ | KeyError: 'pr'
2026-09-11T19:40:32+00:00 start      STL-14   implement
2026-09-11T19:40:39+00:00 fail       STL-14   implement rc=1:     cont = (f"\n\nCONTINUATION: cycle {prev_partial['cycle']} ran out of budget and left draft PR #{prev_partial['pr']} on this branch " |                                                                                                     ~~~~~~~~~~~~^^^^^^ | KeyError: 'pr'
2026-09-11T19:43:34+00:00 start      STL-14   implement
2026-09-11T19:43:57+00:00 fail       STL-14   implement rc=1:     cont = (f"\n\nCONTINUATION: cycle {prev_partial['cycle']} ran out of budget and left draft PR #{prev_partial['pr']} on this branch " |                                                                                                     ~~~~~~~~~~~~^^^^^^ | KeyError: 'pr'
2026-09-11T19:46:38+00:00 start      STL-14   implement
2026-09-11T19:46:55+00:00 fail       STL-14   implement rc=1:     cont = (f"\n\nCONTINUATION: cycle {prev_partial['cycle']} ran out of budget and left draft PR #{prev_partial['pr']} on this branch " |                                                                                                     ~~~~~~~~~~~~^^^^^^ | KeyError: 'pr'
2026-09-11T19:49:45+00:00 start      STL-14   implement
2026-09-11T19:49:52+00:00 fail       STL-14   implement rc=1:     cont = (f"\n\nCONTINUATION: cycle {prev_partial['cycle']} ran out of budget and left draft PR #{prev_partial['pr']} on this branch " |                                                                                                     ~~~~~~~~~~~~^^^^^^ | KeyError: 'pr'
2026-09-11T19:52:50+00:00 start      STL-14   implement
2026-09-11T19:53:01+00:00 fail       STL-14   implement rc=1:     cont = (f"\n\nCONTINUATION: cycle {prev_partial['cycle']} ran out of budget and left draft PR #{prev_partial['pr']} on this branch " |                                                                                                     ~~~~~~~~~~~~^^^^^^ | KeyError: 'pr'
2026-09-11T19:56:05+00:00 idle       -        0/15 merged; nothing runnable (waiting on agents, blockers, or escalations)
2026-09-11T19:58:42+00:00 start      STL-14   implement
2026-09-11T20:18:26+00:00 boot       -        repo=/home/rpw/repos/stellarc-dev tick=120s parallel=3
2026-09-11T20:18:42+00:00 idle       -        0/15 merged; nothing runnable (waiting on agents, blockers, or escalations)
2026-09-11T20:21:04+00:00 idle       -        0/15 merged; nothing runnable (waiting on agents, blockers, or escalations)
2026-09-11T20:23:15+00:00 start      STL-14   review
2026-09-11T20:23:15+00:00 fail       STL-14   review rc=1:     impl_fam = family(impl["model"]) |                       ~~~~^^^^^^^^^ | KeyError: 'model'
2026-09-11T20:23:28+00:00 start      STL-14   review
2026-09-11T20:23:28+00:00 fail       STL-14   review rc=1:     impl_fam = family(impl["model"]) |                       ~~~~^^^^^^^^^ | KeyError: 'model'
2026-09-11T20:23:32+00:00 boot       -        repo=/home/rpw/repos/stellarc-dev tick=120s parallel=3
2026-09-11T20:23:43+00:00 start      STL-14   review
2026-09-11T20:23:43+00:00 fail       STL-14   review rc=1:     impl_fam = family(impl["model"]) |                       ~~~~^^^^^^^^^ | KeyError: 'model'
2026-09-11T20:25:56+00:00 start      STL-14   review
2026-09-11T20:25:56+00:00 fail       STL-14   review rc=1:     impl_fam = family(impl["model"]) |                       ~~~~^^^^^^^^^ | KeyError: 'model'
2026-09-11T20:26:36+00:00 boot       -        repo=/home/rpw/repos/stellarc-dev tick=120s parallel=3
2026-09-11T20:26:46+00:00 start      STL-14   review
2026-09-11T20:40:25+00:00 boot       -        repo=/home/rpw/repos/stellarc-dev tick=120s parallel=4
2026-09-11T20:40:40+00:00 start      STL-31   triage
2026-09-11T20:45:22+00:00 ok         STL-31   triage: dispatched 08270316-7ca9-4e2f-8f14-6a024fcc2188; waiting… | STL-31 triage → ACCEPT
2026-09-11T20:47:35+00:00 start      STL-31   spec
2026-09-11T20:55:25+00:00 fail       STL-31   spec rc=1: dispatched 2b5c0d00-141c-4346-8259-d9d88c2ac66b; waiting… | forge: spec agent produced no .forge/STL-31.spec.md — see `paseo logs 2b5c0d00-141c-4346-8259-d9d88c2ac66b`
2026-09-11T20:58:00+00:00 start      STL-31   spec
2026-09-11T21:14:51+00:00 ok         STL-31   spec: dispatched 79cca9ad-61c9-4873-9f17-e8b4b61cde89; waiting… | STL-31 spec → pass
2026-09-11T21:17:26+00:00 idle       -        0/16 merged; nothing runnable (waiting on agents, blockers, or escalations)
2026-09-11T21:20:13+00:00 idle       -        0/16 merged; nothing runnable (waiting on agents, blockers, or escalations)
2026-09-11T21:22:56+00:00 idle       -        0/16 merged; nothing runnable (waiting on agents, blockers, or escalations)
2026-09-11T21:25:36+00:00 idle       -        0/16 merged; nothing runnable (waiting on agents, blockers, or escalations)
2026-09-11T21:28:23+00:00 idle       -        0/16 merged; nothing runnable (waiting on agents, blockers, or escalations)
2026-09-11T21:30:52+00:00 idle       -        0/16 merged; nothing runnable (waiting on agents, blockers, or escalations)
2026-09-11T21:33:56+00:00 idle       -        0/16 merged; nothing runnable (waiting on agents, blockers, or escalations)
2026-09-11T21:36:41+00:00 idle       -        0/16 merged; nothing runnable (waiting on agents, blockers, or escalations)
2026-09-11T21:38:53+00:00 idle       -        0/16 merged; nothing runnable (waiting on agents, blockers, or escalations)
2026-09-11T21:41:07+00:00 start      STL-14   merge
2026-09-11T21:41:07+00:00 boot       -        repo=/home/rpw/repos/stellarc-dev tick=120s parallel=4
2026-09-11T21:41:22+00:00 start      STL-14   merge
2026-09-11T21:41:24+00:00 fail       STL-14   merge rc=1: forge: command failed (127): bun install --frozen-lockfile | /bin/sh: 1: bun: not found
2026-09-11T21:43:26+00:00 orphan     STL-14   merge-gate c watcher dead → fail
2026-09-11T21:43:40+00:00 start      STL-14   merge
2026-09-11T21:43:42+00:00 fail       STL-14   merge rc=1: forge: command failed (127): bun install --frozen-lockfile | /bin/sh: 1: bun: not found
2026-09-11T21:44:42+00:00 boot       -        repo=/home/rpw/repos/stellarc-dev tick=120s parallel=4
2026-09-11T21:44:59+00:00 start      STL-14   merge
2026-09-11T21:51:06+00:00 ok         STL-14   merge: STL-14 MERGED → cef9c5f9
2026-09-11T21:53:08+00:00 orphan     STL-14   merge-gate c watcher dead → fail
2026-09-11T21:53:21+00:00 start      STL-22   implement
2026-09-11T22:22:24+00:00 ok         STL-22   implement: dispatched a52a3c69-7920-4450-a3bf-6fe7580da429 on forge/stl-22-c1 (hermes:accept_edits/ocg/deepseek-v4-pro); waiting up to 10800s… | STL-22 implement c1 → https://github.com/NevrLabs/stellarc/pull/32
2026-09-11T22:22:25+00:00 start      STL-27   implement
2026-09-11T23:19:55+00:00 ok         STL-27   implement: dispatched fa2629d5-af5d-4929-84c0-fd51dd231249 on forge/stl-27-c1 (hermes:accept_edits/ocg/deepseek-v4-pro); waiting up to 10800s… | STL-27 implement c1 → https://github.com/NevrLabs/stellarc/pull/33
2026-09-11T23:19:56+00:00 start      STL-31   implement
2026-09-12T00:12:30+00:00 ok         STL-31   implement: dispatched 4afe7e8d-2bcf-450c-93bd-edd1e0930972 on forge/stl-31-c1 (hermes:accept_edits/ocg/deepseek-v4-pro); waiting up to 10800s… | STL-31 implement c1 → https://github.com/NevrLabs/stellarc/pull/34
2026-09-12T00:14:37+00:00 orphan     STL-22   implement c1 watcher dead → partial
2026-09-12T00:14:41+00:00 orphan     STL-27   implement c1 watcher dead → partial
2026-09-12T00:14:47+00:00 orphan     STL-31   implement c1 watcher dead → partial
2026-09-12T00:14:56+00:00 sweep      -        archived concluded lane 4afe7e8d (forge implement STL-31 c1)
2026-09-12T00:15:02+00:00 sweep      -        archived concluded lane fa2629d5 (forge implement STL-27 c1)
2026-09-12T00:15:06+00:00 sweep      -        archived concluded lane a52a3c69 (forge implement STL-22 c1)
2026-09-12T00:15:17+00:00 start      STL-22   review
2026-09-12T00:37:57+00:00 ok         STL-22   review: dispatched e566bde6-c040-4c83-aef6-4fe532f8731d; waiting… | STL-22 review c1 → REWORK
2026-09-12T00:37:59+00:00 start      STL-27   review
2026-09-12T01:16:56+00:00 ok         STL-27   review: dispatched 1a9fa1f6-d196-4171-b19a-69b173d320e9; waiting… | STL-27 review c1 → REWORK
2026-09-12T01:16:58+00:00 start      STL-31   review
2026-09-12T01:37:43+00:00 ok         STL-31   review: dispatched adf1c127-bb23-4e97-80ac-3fd44e2cde1f; waiting… | STL-31 review c1 → REWORK
2026-09-12T01:39:46+00:00 orphan     STL-22   review c1 watcher dead → rework
2026-09-12T01:39:46+00:00 orphan     STL-27   review c1 watcher dead → rework
2026-09-12T01:39:46+00:00 orphan     STL-31   review c1 watcher dead → rework
2026-09-12T01:39:55+00:00 sweep      -        archived concluded lane adf1c127 (forge review STL-31 c1)
2026-09-12T01:40:00+00:00 sweep      -        archived concluded lane 1a9fa1f6 (forge review STL-27 c1)
2026-09-12T01:40:06+00:00 sweep      -        archived concluded lane e566bde6 (forge review STL-22 c1)
2026-09-12T01:40:15+00:00 start      STL-22   implement
2026-09-12T04:41:42+00:00 fail       STL-22   implement rc=1: dispatched ba827b03-3d83-42df-974d-931ea35517ce on forge/stl-22-c2 (hermes:accept_edits/glm/glm-5.3-flash); waiting up to 10800s… | forge: agent ba827b03-3d83-42df-974d-931ea35517ce did not go idle within 10800s — `paseo logs ba827b03-3d83-42df-974d-931ea35517ce | tail`
2026-09-12T04:41:44+00:00 start      STL-27   implement
2026-09-12T07:44:29+00:00 fail       STL-27   implement rc=1: dispatched 5e652255-943c-4368-a516-07e1c49f14ac on forge/stl-27-c2 (hermes:accept_edits/glm/glm-5.3-flash); waiting up to 10800s… | forge: agent 5e652255-943c-4368-a516-07e1c49f14ac did not go idle within 10800s — `paseo logs 5e652255-943c-4368-a516-07e1c49f14ac | tail`
2026-09-12T07:44:30+00:00 start      STL-31   implement
2026-09-12T07:44:31+00:00 fail       STL-31   implement rc=1:   File "/usr/lib/python3.11/pathlib.py", line 1079, in write_text |     with self.open(mode='w', encoding=encoding, errors=errors, newline=newline) as f: | OSError: [Errno 28] No space left on device
2026-09-12T07:44:31+00:00 error      -        JSONDecodeError: Expecting value: line 1 column 1 (char 0)
2026-09-12T07:46:36+00:00 orphan     STL-22   implement c2 watcher dead → partial
2026-09-12T07:46:36+00:00 error      -        OSError: [Errno 28] No space left on device
2026-09-12T07:48:37+00:00 error      -        JSONDecodeError: Expecting value: line 1 column 1 (char 0)
2026-09-12T07:50:38+00:00 error      -        JSONDecodeError: Expecting value: line 1 column 1 (char 0)
2026-09-12T09:22:25+00:00 boot       -        repo=/home/rpw/repos/stellarc-dev tick=120s parallel=4
2026-09-12T09:22:26+00:00 error      -        JSONDecodeError: Expecting value: line 1 column 1 (char 0)
2026-09-12T09:24:27+00:00 error      -        JSONDecodeError: Expecting value: line 1 column 1 (char 0)
2026-09-12T09:26:27+00:00 error      -        JSONDecodeError: Expecting value: line 1 column 1 (char 0)
2026-09-12T09:28:28+00:00 error      -        JSONDecodeError: Expecting value: line 1 column 1 (char 0)
2026-09-12T09:30:29+00:00 error      -        JSONDecodeError: Expecting value: line 1 column 1 (char 0)
2026-09-12T09:32:30+00:00 error      -        JSONDecodeError: Expecting value: line 1 column 1 (char 0)
2026-09-12T09:34:30+00:00 error      -        JSONDecodeError: Expecting value: line 1 column 1 (char 0)
2026-09-12T09:36:31+00:00 error      -        JSONDecodeError: Expecting value: line 1 column 1 (char 0)
2026-09-12T09:38:32+00:00 error      -        JSONDecodeError: Expecting value: line 1 column 1 (char 0)
2026-09-12T09:40:33+00:00 error      -        JSONDecodeError: Expecting value: line 1 column 1 (char 0)
2026-09-12T09:42:33+00:00 error      -        JSONDecodeError: Expecting value: line 1 column 1 (char 0)
2026-09-12T09:44:34+00:00 error      -        JSONDecodeError: Expecting value: line 1 column 1 (char 0)
2026-09-12T09:46:35+00:00 error      -        JSONDecodeError: Expecting value: line 1 column 1 (char 0)
2026-09-12T09:48:35+00:00 error      -        JSONDecodeError: Expecting value: line 1 column 1 (char 0)
2026-09-12T09:50:36+00:00 error      -        JSONDecodeError: Expecting value: line 1 column 1 (char 0)
2026-09-12T09:52:37+00:00 error      -        JSONDecodeError: Expecting value: line 1 column 1 (char 0)
2026-09-12T09:54:38+00:00 error      -        JSONDecodeError: Expecting value: line 1 column 1 (char 0)
2026-09-12T09:56:38+00:00 error      -        JSONDecodeError: Expecting value: line 1 column 1 (char 0)
2026-09-12T09:58:39+00:00 error      -        JSONDecodeError: Expecting value: line 1 column 1 (char 0)
2026-09-12T10:00:40+00:00 error      -        JSONDecodeError: Expecting value: line 1 column 1 (char 0)
2026-09-12T10:02:41+00:00 error      -        JSONDecodeError: Expecting value: line 1 column 1 (char 0)
2026-09-12T10:04:43+00:00 error      -        JSONDecodeError: Expecting value: line 1 column 1 (char 0)
2026-09-12T10:06:43+00:00 error      -        JSONDecodeError: Expecting value: line 1 column 1 (char 0)
2026-09-12T10:08:44+00:00 error      -        JSONDecodeError: Expecting value: line 1 column 1 (char 0)
2026-09-12T10:10:45+00:00 error      -        JSONDecodeError: Expecting value: line 1 column 1 (char 0)
2026-09-12T10:12:46+00:00 error      -        JSONDecodeError: Expecting value: line 1 column 1 (char 0)
2026-09-12T10:14:46+00:00 error      -        JSONDecodeError: Expecting value: line 1 column 1 (char 0)
2026-09-12T10:16:47+00:00 error      -        JSONDecodeError: Expecting value: line 1 column 1 (char 0)
2026-09-12T10:18:48+00:00 error      -        JSONDecodeError: Expecting value: line 1 column 1 (char 0)
2026-09-12T10:20:48+00:00 error      -        JSONDecodeError: Expecting value: line 1 column 1 (char 0)
2026-09-12T10:22:49+00:00 error      -        JSONDecodeError: Expecting value: line 1 column 1 (char 0)
2026-09-12T10:24:50+00:00 error      -        JSONDecodeError: Expecting value: line 1 column 1 (char 0)
2026-09-12T10:26:51+00:00 error      -        JSONDecodeError: Expecting value: line 1 column 1 (char 0)
2026-09-12T10:28:52+00:00 error      -        JSONDecodeError: Expecting value: line 1 column 1 (char 0)
2026-09-12T10:30:52+00:00 error      -        JSONDecodeError: Expecting value: line 1 column 1 (char 0)
2026-09-12T10:32:53+00:00 error      -        JSONDecodeError: Expecting value: line 1 column 1 (char 0)
2026-09-12T10:34:54+00:00 error      -        JSONDecodeError: Expecting value: line 1 column 1 (char 0)
2026-09-12T10:36:55+00:00 error      -        JSONDecodeError: Expecting value: line 1 column 1 (char 0)
2026-09-12T10:38:55+00:00 error      -        JSONDecodeError: Expecting value: line 1 column 1 (char 0)
2026-09-12T10:40:56+00:00 error      -        JSONDecodeError: Expecting value: line 1 column 1 (char 0)
2026-09-12T10:42:57+00:00 error      -        JSONDecodeError: Expecting value: line 1 column 1 (char 0)
2026-09-12T10:44:57+00:00 error      -        JSONDecodeError: Expecting value: line 1 column 1 (char 0)
2026-09-12T10:46:58+00:00 error      -        JSONDecodeError: Expecting value: line 1 column 1 (char 0)
2026-09-12T10:48:59+00:00 error      -        JSONDecodeError: Expecting value: line 1 column 1 (char 0)
2026-09-12T10:51:00+00:00 error      -        JSONDecodeError: Expecting value: line 1 column 1 (char 0)
2026-09-12T10:53:00+00:00 error      -        JSONDecodeError: Expecting value: line 1 column 1 (char 0)
2026-09-12T10:55:01+00:00 error      -        JSONDecodeError: Expecting value: line 1 column 1 (char 0)
2026-09-12T10:57:02+00:00 error      -        JSONDecodeError: Expecting value: line 1 column 1 (char 0)
2026-09-12T10:59:03+00:00 error      -        JSONDecodeError: Expecting value: line 1 column 1 (char 0)
2026-09-12T11:01:03+00:00 error      -        JSONDecodeError: Expecting value: line 1 column 1 (char 0)
2026-09-12T11:03:04+00:00 error      -        JSONDecodeError: Expecting value: line 1 column 1 (char 0)
2026-09-12T11:05:05+00:00 error      -        JSONDecodeError: Expecting value: line 1 column 1 (char 0)
2026-09-12T11:07:06+00:00 error      -        JSONDecodeError: Expecting value: line 1 column 1 (char 0)
2026-09-12T11:09:06+00:00 error      -        JSONDecodeError: Expecting value: line 1 column 1 (char 0)
2026-09-12T11:11:07+00:00 error      -        JSONDecodeError: Expecting value: line 1 column 1 (char 0)
2026-09-12T11:13:08+00:00 error      -        JSONDecodeError: Expecting value: line 1 column 1 (char 0)
2026-09-12T11:15:09+00:00 error      -        JSONDecodeError: Expecting value: line 1 column 1 (char 0)
2026-09-12T11:17:09+00:00 error      -        JSONDecodeError: Expecting value: line 1 column 1 (char 0)
2026-09-12T11:19:10+00:00 error      -        JSONDecodeError: Expecting value: line 1 column 1 (char 0)
2026-09-12T11:21:11+00:00 error      -        JSONDecodeError: Expecting value: line 1 column 1 (char 0)
2026-09-12T11:23:11+00:00 error      -        JSONDecodeError: Expecting value: line 1 column 1 (char 0)
2026-09-12T11:25:12+00:00 error      -        JSONDecodeError: Expecting value: line 1 column 1 (char 0)
2026-09-12T11:27:13+00:00 error      -        JSONDecodeError: Expecting value: line 1 column 1 (char 0)
2026-09-12T11:29:14+00:00 error      -        JSONDecodeError: Expecting value: line 1 column 1 (char 0)
2026-09-12T11:31:14+00:00 error      -        JSONDecodeError: Expecting value: line 1 column 1 (char 0)
2026-09-12T11:33:15+00:00 error      -        JSONDecodeError: Expecting value: line 1 column 1 (char 0)
2026-09-12T11:35:16+00:00 error      -        JSONDecodeError: Expecting value: line 1 column 1 (char 0)
2026-09-12T11:37:16+00:00 error      -        JSONDecodeError: Expecting value: line 1 column 1 (char 0)
2026-09-12T11:39:17+00:00 error      -        JSONDecodeError: Expecting value: line 1 column 1 (char 0)
2026-09-12T11:41:18+00:00 error      -        JSONDecodeError: Expecting value: line 1 column 1 (char 0)
2026-09-12T11:43:19+00:00 error      -        JSONDecodeError: Expecting value: line 1 column 1 (char 0)
2026-09-12T11:45:19+00:00 error      -        JSONDecodeError: Expecting value: line 1 column 1 (char 0)
2026-09-12T11:47:20+00:00 error      -        JSONDecodeError: Expecting value: line 1 column 1 (char 0)
2026-09-12T11:49:21+00:00 error      -        JSONDecodeError: Expecting value: line 1 column 1 (char 0)
2026-09-12T11:51:22+00:00 error      -        JSONDecodeError: Expecting value: line 1 column 1 (char 0)
2026-09-12T11:53:22+00:00 error      -        JSONDecodeError: Expecting value: line 1 column 1 (char 0)
2026-09-12T11:55:23+00:00 error      -        JSONDecodeError: Expecting value: line 1 column 1 (char 0)
2026-09-12T11:57:24+00:00 error      -        JSONDecodeError: Expecting value: line 1 column 1 (char 0)
2026-09-12T11:59:25+00:00 error      -        JSONDecodeError: Expecting value: line 1 column 1 (char 0)
2026-09-12T12:01:25+00:00 error      -        JSONDecodeError: Expecting value: line 1 column 1 (char 0)
2026-09-12T12:03:26+00:00 error      -        JSONDecodeError: Expecting value: line 1 column 1 (char 0)
2026-09-12T12:05:27+00:00 error      -        JSONDecodeError: Expecting value: line 1 column 1 (char 0)
2026-09-12T12:07:28+00:00 error      -        JSONDecodeError: Expecting value: line 1 column 1 (char 0)
2026-09-12T12:09:28+00:00 error      -        JSONDecodeError: Expecting value: line 1 column 1 (char 0)
2026-09-12T12:11:29+00:00 error      -        JSONDecodeError: Expecting value: line 1 column 1 (char 0)
2026-09-12T12:13:30+00:00 error      -        JSONDecodeError: Expecting value: line 1 column 1 (char 0)
2026-09-12T12:15:30+00:00 error      -        JSONDecodeError: Expecting value: line 1 column 1 (char 0)
2026-09-12T12:17:31+00:00 error      -        JSONDecodeError: Expecting value: line 1 column 1 (char 0)
2026-09-12T12:19:32+00:00 error      -        JSONDecodeError: Expecting value: line 1 column 1 (char 0)
2026-09-12T12:21:33+00:00 error      -        JSONDecodeError: Expecting value: line 1 column 1 (char 0)
2026-09-12T12:23:33+00:00 error      -        JSONDecodeError: Expecting value: line 1 column 1 (char 0)
2026-09-12T12:25:34+00:00 error      -        JSONDecodeError: Expecting value: line 1 column 1 (char 0)
2026-09-12T12:27:35+00:00 error      -        JSONDecodeError: Expecting value: line 1 column 1 (char 0)
2026-09-12T12:29:36+00:00 error      -        JSONDecodeError: Expecting value: line 1 column 1 (char 0)
2026-09-12T12:31:36+00:00 error      -        JSONDecodeError: Expecting value: line 1 column 1 (char 0)
2026-09-12T12:33:37+00:00 error      -        JSONDecodeError: Expecting value: line 1 column 1 (char 0)
2026-09-12T12:35:38+00:00 error      -        JSONDecodeError: Expecting value: line 1 column 1 (char 0)
2026-09-12T12:37:39+00:00 error      -        JSONDecodeError: Expecting value: line 1 column 1 (char 0)
2026-09-12T12:39:39+00:00 error      -        JSONDecodeError: Expecting value: line 1 column 1 (char 0)
2026-09-12T12:41:40+00:00 error      -        JSONDecodeError: Expecting value: line 1 column 1 (char 0)
2026-09-12T12:43:41+00:00 error      -        JSONDecodeError: Expecting value: line 1 column 1 (char 0)
2026-09-12T12:45:41+00:00 error      -        JSONDecodeError: Expecting value: line 1 column 1 (char 0)
2026-09-12T12:47:42+00:00 error      -        JSONDecodeError: Expecting value: line 1 column 1 (char 0)
2026-09-12T12:49:43+00:00 error      -        JSONDecodeError: Expecting value: line 1 column 1 (char 0)
2026-09-12T12:51:44+00:00 error      -        JSONDecodeError: Expecting value: line 1 column 1 (char 0)
2026-09-12T12:53:44+00:00 error      -        JSONDecodeError: Expecting value: line 1 column 1 (char 0)
2026-09-12T12:55:45+00:00 error      -        JSONDecodeError: Expecting value: line 1 column 1 (char 0)
2026-09-12T12:57:46+00:00 error      -        JSONDecodeError: Expecting value: line 1 column 1 (char 0)
2026-09-12T12:59:47+00:00 error      -        JSONDecodeError: Expecting value: line 1 column 1 (char 0)
2026-09-12T13:01:48+00:00 error      -        JSONDecodeError: Expecting value: line 1 column 1 (char 0)
2026-09-12T13:03:48+00:00 error      -        JSONDecodeError: Expecting value: line 1 column 1 (char 0)
2026-09-12T13:05:49+00:00 error      -        JSONDecodeError: Expecting value: line 1 column 1 (char 0)
2026-09-12T13:07:50+00:00 error      -        JSONDecodeError: Expecting value: line 1 column 1 (char 0)
2026-09-12T13:09:51+00:00 error      -        JSONDecodeError: Expecting value: line 1 column 1 (char 0)
2026-09-12T13:11:51+00:00 error      -        JSONDecodeError: Expecting value: line 1 column 1 (char 0)
2026-09-12T13:13:52+00:00 error      -        JSONDecodeError: Expecting value: line 1 column 1 (char 0)
2026-09-12T13:15:53+00:00 error      -        JSONDecodeError: Expecting value: line 1 column 1 (char 0)
2026-09-12T13:17:54+00:00 error      -        JSONDecodeError: Expecting value: line 1 column 1 (char 0)
2026-09-12T13:19:54+00:00 error      -        JSONDecodeError: Expecting value: line 1 column 1 (char 0)
2026-09-12T13:21:55+00:00 error      -        JSONDecodeError: Expecting value: line 1 column 1 (char 0)
2026-09-12T13:23:56+00:00 error      -        JSONDecodeError: Expecting value: line 1 column 1 (char 0)
2026-09-12T13:25:57+00:00 error      -        JSONDecodeError: Expecting value: line 1 column 1 (char 0)
2026-09-12T13:27:57+00:00 error      -        JSONDecodeError: Expecting value: line 1 column 1 (char 0)
2026-09-12T13:29:58+00:00 error      -        JSONDecodeError: Expecting value: line 1 column 1 (char 0)
2026-09-12T13:31:59+00:00 error      -        JSONDecodeError: Expecting value: line 1 column 1 (char 0)
2026-09-12T13:33:59+00:00 error      -        JSONDecodeError: Expecting value: line 1 column 1 (char 0)
2026-09-12T13:36:00+00:00 error      -        JSONDecodeError: Expecting value: line 1 column 1 (char 0)
2026-09-12T13:38:01+00:00 error      -        JSONDecodeError: Expecting value: line 1 column 1 (char 0)
2026-09-12T13:40:02+00:00 error      -        JSONDecodeError: Expecting value: line 1 column 1 (char 0)
2026-09-12T13:42:02+00:00 error      -        JSONDecodeError: Expecting value: line 1 column 1 (char 0)
2026-09-12T13:44:03+00:00 error      -        JSONDecodeError: Expecting value: line 1 column 1 (char 0)
2026-09-12T13:46:04+00:00 error      -        JSONDecodeError: Expecting value: line 1 column 1 (char 0)
2026-09-12T13:48:05+00:00 error      -        JSONDecodeError: Expecting value: line 1 column 1 (char 0)
2026-09-12T13:50:05+00:00 error      -        JSONDecodeError: Expecting value: line 1 column 1 (char 0)
2026-09-12T13:52:06+00:00 error      -        JSONDecodeError: Expecting value: line 1 column 1 (char 0)
2026-09-12T13:54:07+00:00 error      -        JSONDecodeError: Expecting value: line 1 column 1 (char 0)
2026-09-12T13:56:08+00:00 error      -        JSONDecodeError: Expecting value: line 1 column 1 (char 0)
2026-09-12T13:58:09+00:00 error      -        JSONDecodeError: Expecting value: line 1 column 1 (char 0)
2026-09-12T14:00:11+00:00 error      -        JSONDecodeError: Expecting value: line 1 column 1 (char 0)
2026-09-12T14:02:12+00:00 error      -        JSONDecodeError: Expecting value: line 1 column 1 (char 0)
2026-09-12T14:04:13+00:00 error      -        JSONDecodeError: Expecting value: line 1 column 1 (char 0)
2026-09-12T14:06:13+00:00 error      -        JSONDecodeError: Expecting value: line 1 column 1 (char 0)
2026-09-12T14:08:14+00:00 error      -        JSONDecodeError: Expecting value: line 1 column 1 (char 0)
2026-09-12T14:10:18+00:00 error      -        JSONDecodeError: Expecting value: line 1 column 1 (char 0)
2026-09-12T14:12:19+00:00 error      -        JSONDecodeError: Expecting value: line 1 column 1 (char 0)
2026-09-12T14:14:20+00:00 error      -        JSONDecodeError: Expecting value: line 1 column 1 (char 0)
2026-09-12T14:16:21+00:00 error      -        JSONDecodeError: Expecting value: line 1 column 1 (char 0)
2026-09-12T14:18:22+00:00 error      -        JSONDecodeError: Expecting value: line 1 column 1 (char 0)
2026-09-12T14:20:23+00:00 error      -        JSONDecodeError: Expecting value: line 1 column 1 (char 0)
2026-09-12T14:22:24+00:00 error      -        JSONDecodeError: Expecting value: line 1 column 1 (char 0)
2026-09-12T14:24:28+00:00 error      -        JSONDecodeError: Expecting value: line 1 column 1 (char 0)
2026-09-12T14:28:37+00:00 error      -        JSONDecodeError: Expecting value: line 1 column 1 (char 0)
2026-09-12T14:30:41+00:00 error      -        JSONDecodeError: Expecting value: line 1 column 1 (char 0)
2026-09-12T14:32:43+00:00 error      -        JSONDecodeError: Expecting value: line 1 column 1 (char 0)
2026-09-12T14:34:45+00:00 error      -        JSONDecodeError: Expecting value: line 1 column 1 (char 0)
2026-09-12T14:36:45+00:00 error      -        JSONDecodeError: Expecting value: line 1 column 1 (char 0)
2026-09-12T14:38:46+00:00 error      -        JSONDecodeError: Expecting value: line 1 column 1 (char 0)
2026-09-12T14:40:47+00:00 error      -        JSONDecodeError: Expecting value: line 1 column 1 (char 0)
2026-09-12T14:42:47+00:00 error      -        JSONDecodeError: Expecting value: line 1 column 1 (char 0)
2026-09-12T14:44:48+00:00 error      -        JSONDecodeError: Expecting value: line 1 column 1 (char 0)
2026-09-12T14:46:49+00:00 error      -        JSONDecodeError: Expecting value: line 1 column 1 (char 0)
2026-09-12T14:48:50+00:00 error      -        JSONDecodeError: Expecting value: line 1 column 1 (char 0)
2026-09-12T14:50:51+00:00 error      -        JSONDecodeError: Expecting value: line 1 column 1 (char 0)
2026-09-12T14:52:51+00:00 error      -        JSONDecodeError: Expecting value: line 1 column 1 (char 0)
2026-09-12T14:54:52+00:00 error      -        JSONDecodeError: Expecting value: line 1 column 1 (char 0)
2026-09-12T14:56:53+00:00 error      -        JSONDecodeError: Expecting value: line 1 column 1 (char 0)
2026-09-12T14:58:54+00:00 error      -        JSONDecodeError: Expecting value: line 1 column 1 (char 0)
2026-09-12T15:00:54+00:00 error      -        JSONDecodeError: Expecting value: line 1 column 1 (char 0)
2026-09-12T15:02:55+00:00 error      -        JSONDecodeError: Expecting value: line 1 column 1 (char 0)
2026-09-12T15:04:56+00:00 error      -        JSONDecodeError: Expecting value: line 1 column 1 (char 0)
2026-09-12T15:06:57+00:00 error      -        JSONDecodeError: Expecting value: line 1 column 1 (char 0)
2026-09-12T15:08:57+00:00 error      -        JSONDecodeError: Expecting value: line 1 column 1 (char 0)
2026-09-12T15:10:58+00:00 error      -        JSONDecodeError: Expecting value: line 1 column 1 (char 0)
2026-09-12T15:12:59+00:00 error      -        JSONDecodeError: Expecting value: line 1 column 1 (char 0)
2026-09-12T15:15:00+00:00 error      -        JSONDecodeError: Expecting value: line 1 column 1 (char 0)
2026-09-12T15:17:00+00:00 error      -        JSONDecodeError: Expecting value: line 1 column 1 (char 0)
2026-09-12T15:19:01+00:00 error      -        JSONDecodeError: Expecting value: line 1 column 1 (char 0)
2026-09-12T15:21:02+00:00 error      -        JSONDecodeError: Expecting value: line 1 column 1 (char 0)
2026-09-12T15:23:02+00:00 error      -        JSONDecodeError: Expecting value: line 1 column 1 (char 0)
2026-09-12T15:25:03+00:00 error      -        JSONDecodeError: Expecting value: line 1 column 1 (char 0)
2026-09-12T15:27:04+00:00 error      -        JSONDecodeError: Expecting value: line 1 column 1 (char 0)
2026-09-12T15:29:05+00:00 error      -        JSONDecodeError: Expecting value: line 1 column 1 (char 0)
2026-09-12T15:31:05+00:00 error      -        JSONDecodeError: Expecting value: line 1 column 1 (char 0)
2026-09-12T15:33:06+00:00 error      -        JSONDecodeError: Expecting value: line 1 column 1 (char 0)
2026-09-12T15:35:07+00:00 error      -        JSONDecodeError: Expecting value: line 1 column 1 (char 0)
2026-09-12T15:37:07+00:00 error      -        JSONDecodeError: Expecting value: line 1 column 1 (char 0)
2026-09-12T15:39:08+00:00 error      -        JSONDecodeError: Expecting value: line 1 column 1 (char 0)
2026-09-12T15:41:09+00:00 error      -        JSONDecodeError: Expecting value: line 1 column 1 (char 0)
2026-09-12T15:43:10+00:00 error      -        JSONDecodeError: Expecting value: line 1 column 1 (char 0)
2026-09-12T15:45:11+00:00 error      -        JSONDecodeError: Expecting value: line 1 column 1 (char 0)
2026-09-12T15:47:11+00:00 error      -        JSONDecodeError: Expecting value: line 1 column 1 (char 0)
2026-09-12T15:49:12+00:00 error      -        JSONDecodeError: Expecting value: line 1 column 1 (char 0)
2026-09-12T15:51:13+00:00 error      -        JSONDecodeError: Expecting value: line 1 column 1 (char 0)
2026-09-12T15:53:14+00:00 error      -        JSONDecodeError: Expecting value: line 1 column 1 (char 0)
2026-09-12T15:55:14+00:00 error      -        JSONDecodeError: Expecting value: line 1 column 1 (char 0)
2026-09-12T15:57:15+00:00 error      -        JSONDecodeError: Expecting value: line 1 column 1 (char 0)
2026-09-12T15:59:16+00:00 error      -        JSONDecodeError: Expecting value: line 1 column 1 (char 0)
2026-09-12T16:01:16+00:00 error      -        JSONDecodeError: Expecting value: line 1 column 1 (char 0)
2026-09-12T16:03:17+00:00 error      -        JSONDecodeError: Expecting value: line 1 column 1 (char 0)
2026-09-12T16:05:18+00:00 error      -        JSONDecodeError: Expecting value: line 1 column 1 (char 0)
2026-09-12T16:07:19+00:00 error      -        JSONDecodeError: Expecting value: line 1 column 1 (char 0)
2026-09-12T16:09:19+00:00 error      -        JSONDecodeError: Expecting value: line 1 column 1 (char 0)
2026-09-12T16:11:20+00:00 error      -        JSONDecodeError: Expecting value: line 1 column 1 (char 0)
2026-09-12T16:13:21+00:00 error      -        JSONDecodeError: Expecting value: line 1 column 1 (char 0)
2026-09-12T16:15:22+00:00 error      -        JSONDecodeError: Expecting value: line 1 column 1 (char 0)
2026-09-12T16:17:22+00:00 error      -        JSONDecodeError: Expecting value: line 1 column 1 (char 0)
2026-09-12T16:19:23+00:00 error      -        JSONDecodeError: Expecting value: line 1 column 1 (char 0)
2026-09-12T16:21:24+00:00 error      -        JSONDecodeError: Expecting value: line 1 column 1 (char 0)
2026-09-12T16:23:24+00:00 error      -        JSONDecodeError: Expecting value: line 1 column 1 (char 0)
2026-09-12T16:25:25+00:00 error      -        JSONDecodeError: Expecting value: line 1 column 1 (char 0)
2026-09-12T16:27:26+00:00 error      -        JSONDecodeError: Expecting value: line 1 column 1 (char 0)
2026-09-12T16:29:27+00:00 error      -        JSONDecodeError: Expecting value: line 1 column 1 (char 0)
2026-09-12T16:31:27+00:00 error      -        JSONDecodeError: Expecting value: line 1 column 1 (char 0)
2026-09-12T16:33:28+00:00 error      -        JSONDecodeError: Expecting value: line 1 column 1 (char 0)
2026-09-12T16:35:29+00:00 error      -        JSONDecodeError: Expecting value: line 1 column 1 (char 0)
2026-09-12T16:37:29+00:00 error      -        JSONDecodeError: Expecting value: line 1 column 1 (char 0)
2026-09-12T16:39:30+00:00 error      -        JSONDecodeError: Expecting value: line 1 column 1 (char 0)
2026-09-12T16:41:31+00:00 error      -        JSONDecodeError: Expecting value: line 1 column 1 (char 0)
2026-09-12T16:43:32+00:00 error      -        JSONDecodeError: Expecting value: line 1 column 1 (char 0)
2026-09-12T16:45:32+00:00 error      -        JSONDecodeError: Expecting value: line 1 column 1 (char 0)
2026-09-12T16:47:33+00:00 error      -        JSONDecodeError: Expecting value: line 1 column 1 (char 0)
2026-09-12T16:49:34+00:00 error      -        JSONDecodeError: Expecting value: line 1 column 1 (char 0)
2026-09-12T16:51:36+00:00 error      -        JSONDecodeError: Expecting value: line 1 column 1 (char 0)
2026-09-12T16:53:36+00:00 error      -        JSONDecodeError: Expecting value: line 1 column 1 (char 0)
2026-09-12T16:55:37+00:00 error      -        JSONDecodeError: Expecting value: line 1 column 1 (char 0)
2026-09-12T16:57:38+00:00 error      -        JSONDecodeError: Expecting value: line 1 column 1 (char 0)
2026-09-12T16:59:38+00:00 error      -        JSONDecodeError: Expecting value: line 1 column 1 (char 0)
2026-09-12T17:01:39+00:00 error      -        JSONDecodeError: Expecting value: line 1 column 1 (char 0)
2026-09-12T17:03:40+00:00 error      -        JSONDecodeError: Expecting value: line 1 column 1 (char 0)
2026-09-12T17:05:40+00:00 error      -        JSONDecodeError: Expecting value: line 1 column 1 (char 0)
2026-09-12T17:07:41+00:00 error      -        JSONDecodeError: Expecting value: line 1 column 1 (char 0)
2026-09-12T17:09:42+00:00 error      -        JSONDecodeError: Expecting value: line 1 column 1 (char 0)
2026-09-12T17:11:43+00:00 error      -        JSONDecodeError: Expecting value: line 1 column 1 (char 0)
2026-09-12T17:13:44+00:00 error      -        JSONDecodeError: Expecting value: line 1 column 1 (char 0)
2026-09-12T17:15:44+00:00 error      -        JSONDecodeError: Expecting value: line 1 column 1 (char 0)
2026-09-12T17:17:45+00:00 error      -        JSONDecodeError: Expecting value: line 1 column 1 (char 0)
2026-09-12T17:19:46+00:00 error      -        JSONDecodeError: Expecting value: line 1 column 1 (char 0)
2026-09-12T17:21:46+00:00 error      -        JSONDecodeError: Expecting value: line 1 column 1 (char 0)
2026-09-12T17:23:47+00:00 error      -        JSONDecodeError: Expecting value: line 1 column 1 (char 0)
2026-09-12T17:25:48+00:00 error      -        JSONDecodeError: Expecting value: line 1 column 1 (char 0)
2026-09-12T17:27:49+00:00 error      -        JSONDecodeError: Expecting value: line 1 column 1 (char 0)
2026-09-12T17:29:49+00:00 error      -        JSONDecodeError: Expecting value: line 1 column 1 (char 0)
2026-09-12T17:31:50+00:00 error      -        JSONDecodeError: Expecting value: line 1 column 1 (char 0)
2026-09-12T17:33:51+00:00 error      -        JSONDecodeError: Expecting value: line 1 column 1 (char 0)
2026-09-12T17:35:52+00:00 error      -        JSONDecodeError: Expecting value: line 1 column 1 (char 0)
2026-09-12T17:37:53+00:00 error      -        JSONDecodeError: Expecting value: line 1 column 1 (char 0)
2026-09-12T17:39:53+00:00 error      -        JSONDecodeError: Expecting value: line 1 column 1 (char 0)
2026-09-12T17:41:54+00:00 error      -        JSONDecodeError: Expecting value: line 1 column 1 (char 0)
2026-09-12T17:43:55+00:00 error      -        JSONDecodeError: Expecting value: line 1 column 1 (char 0)
2026-09-12T17:45:56+00:00 error      -        JSONDecodeError: Expecting value: line 1 column 1 (char 0)
2026-09-12T17:47:57+00:00 error      -        JSONDecodeError: Expecting value: line 1 column 1 (char 0)
2026-09-12T17:49:57+00:00 error      -        JSONDecodeError: Expecting value: line 1 column 1 (char 0)
2026-09-12T17:51:58+00:00 error      -        JSONDecodeError: Expecting value: line 1 column 1 (char 0)
2026-09-12T17:53:59+00:00 error      -        JSONDecodeError: Expecting value: line 1 column 1 (char 0)
2026-09-12T17:55:59+00:00 error      -        JSONDecodeError: Expecting value: line 1 column 1 (char 0)
2026-09-12T17:58:00+00:00 error      -        JSONDecodeError: Expecting value: line 1 column 1 (char 0)
2026-09-12T18:00:02+00:00 error      -        JSONDecodeError: Expecting value: line 1 column 1 (char 0)
2026-09-12T18:02:03+00:00 error      -        JSONDecodeError: Expecting value: line 1 column 1 (char 0)
2026-09-12T18:04:03+00:00 error      -        JSONDecodeError: Expecting value: line 1 column 1 (char 0)
2026-09-12T18:06:04+00:00 error      -        JSONDecodeError: Expecting value: line 1 column 1 (char 0)
2026-09-12T18:08:05+00:00 error      -        JSONDecodeError: Expecting value: line 1 column 1 (char 0)
2026-09-12T18:10:06+00:00 error      -        JSONDecodeError: Expecting value: line 1 column 1 (char 0)
2026-09-12T18:12:06+00:00 error      -        JSONDecodeError: Expecting value: line 1 column 1 (char 0)
2026-09-12T18:14:07+00:00 error      -        JSONDecodeError: Expecting value: line 1 column 1 (char 0)
2026-09-12T18:16:08+00:00 error      -        JSONDecodeError: Expecting value: line 1 column 1 (char 0)
2026-09-12T18:18:08+00:00 error      -        JSONDecodeError: Expecting value: line 1 column 1 (char 0)
2026-09-12T18:20:09+00:00 error      -        JSONDecodeError: Expecting value: line 1 column 1 (char 0)
2026-09-12T18:22:10+00:00 error      -        JSONDecodeError: Expecting value: line 1 column 1 (char 0)
2026-09-12T18:24:11+00:00 error      -        JSONDecodeError: Expecting value: line 1 column 1 (char 0)
2026-09-12T18:26:12+00:00 error      -        JSONDecodeError: Expecting value: line 1 column 1 (char 0)
2026-09-12T18:28:13+00:00 error      -        JSONDecodeError: Expecting value: line 1 column 1 (char 0)
2026-09-12T18:30:13+00:00 error      -        JSONDecodeError: Expecting value: line 1 column 1 (char 0)
2026-09-12T18:32:14+00:00 error      -        JSONDecodeError: Expecting value: line 1 column 1 (char 0)
2026-09-12T18:34:15+00:00 error      -        JSONDecodeError: Expecting value: line 1 column 1 (char 0)
2026-09-12T18:36:16+00:00 error      -        JSONDecodeError: Expecting value: line 1 column 1 (char 0)
2026-09-12T18:38:16+00:00 error      -        JSONDecodeError: Expecting value: line 1 column 1 (char 0)
2026-09-12T18:40:17+00:00 error      -        JSONDecodeError: Expecting value: line 1 column 1 (char 0)
2026-09-12T18:42:18+00:00 error      -        JSONDecodeError: Expecting value: line 1 column 1 (char 0)
2026-09-12T18:44:19+00:00 error      -        JSONDecodeError: Expecting value: line 1 column 1 (char 0)
2026-09-12T18:46:19+00:00 error      -        JSONDecodeError: Expecting value: line 1 column 1 (char 0)
2026-09-12T18:48:20+00:00 error      -        JSONDecodeError: Expecting value: line 1 column 1 (char 0)
2026-09-12T18:50:21+00:00 error      -        JSONDecodeError: Expecting value: line 1 column 1 (char 0)
2026-09-12T18:52:21+00:00 error      -        JSONDecodeError: Expecting value: line 1 column 1 (char 0)
2026-09-12T18:54:22+00:00 error      -        JSONDecodeError: Expecting value: line 1 column 1 (char 0)
2026-09-12T18:56:23+00:00 error      -        JSONDecodeError: Expecting value: line 1 column 1 (char 0)
2026-09-12T18:58:24+00:00 error      -        JSONDecodeError: Expecting value: line 1 column 1 (char 0)
2026-09-12T19:00:24+00:00 error      -        JSONDecodeError: Expecting value: line 1 column 1 (char 0)
2026-09-12T19:02:25+00:00 error      -        JSONDecodeError: Expecting value: line 1 column 1 (char 0)
2026-09-12T19:04:26+00:00 error      -        JSONDecodeError: Expecting value: line 1 column 1 (char 0)
2026-09-12T19:06:27+00:00 error      -        JSONDecodeError: Expecting value: line 1 column 1 (char 0)
2026-09-12T19:08:27+00:00 error      -        JSONDecodeError: Expecting value: line 1 column 1 (char 0)
2026-09-12T19:10:28+00:00 error      -        JSONDecodeError: Expecting value: line 1 column 1 (char 0)
2026-09-12T19:12:29+00:00 error      -        JSONDecodeError: Expecting value: line 1 column 1 (char 0)
2026-09-12T19:14:30+00:00 error      -        JSONDecodeError: Expecting value: line 1 column 1 (char 0)
2026-09-12T19:16:31+00:00 error      -        JSONDecodeError: Expecting value: line 1 column 1 (char 0)
2026-09-12T19:18:31+00:00 error      -        JSONDecodeError: Expecting value: line 1 column 1 (char 0)
2026-09-12T19:20:32+00:00 error      -        JSONDecodeError: Expecting value: line 1 column 1 (char 0)
2026-09-12T19:22:33+00:00 error      -        JSONDecodeError: Expecting value: line 1 column 1 (char 0)
2026-09-12T19:24:33+00:00 error      -        JSONDecodeError: Expecting value: line 1 column 1 (char 0)
2026-09-12T19:26:34+00:00 error      -        JSONDecodeError: Expecting value: line 1 column 1 (char 0)
2026-09-12T19:28:35+00:00 error      -        JSONDecodeError: Expecting value: line 1 column 1 (char 0)
2026-09-12T19:30:35+00:00 error      -        JSONDecodeError: Expecting value: line 1 column 1 (char 0)
2026-09-12T19:32:36+00:00 error      -        JSONDecodeError: Expecting value: line 1 column 1 (char 0)
2026-09-12T19:34:37+00:00 error      -        JSONDecodeError: Expecting value: line 1 column 1 (char 0)
2026-09-12T19:36:38+00:00 error      -        JSONDecodeError: Expecting value: line 1 column 1 (char 0)
2026-09-12T19:38:38+00:00 error      -        JSONDecodeError: Expecting value: line 1 column 1 (char 0)
2026-09-12T19:40:39+00:00 error      -        JSONDecodeError: Expecting value: line 1 column 1 (char 0)
2026-09-12T19:42:40+00:00 error      -        JSONDecodeError: Expecting value: line 1 column 1 (char 0)
2026-09-12T19:44:41+00:00 error      -        JSONDecodeError: Expecting value: line 1 column 1 (char 0)
2026-09-12T19:46:41+00:00 error      -        JSONDecodeError: Expecting value: line 1 column 1 (char 0)
2026-09-12T19:48:42+00:00 error      -        JSONDecodeError: Expecting value: line 1 column 1 (char 0)
2026-09-12T19:50:43+00:00 error      -        JSONDecodeError: Expecting value: line 1 column 1 (char 0)
2026-09-12T19:52:43+00:00 error      -        JSONDecodeError: Expecting value: line 1 column 1 (char 0)
2026-09-12T19:54:44+00:00 error      -        JSONDecodeError: Expecting value: line 1 column 1 (char 0)
2026-09-12T19:56:45+00:00 error      -        JSONDecodeError: Expecting value: line 1 column 1 (char 0)
2026-09-12T19:58:46+00:00 error      -        JSONDecodeError: Expecting value: line 1 column 1 (char 0)
2026-09-12T20:00:46+00:00 error      -        JSONDecodeError: Expecting value: line 1 column 1 (char 0)
2026-09-12T20:02:47+00:00 error      -        JSONDecodeError: Expecting value: line 1 column 1 (char 0)
2026-09-12T20:04:48+00:00 error      -        JSONDecodeError: Expecting value: line 1 column 1 (char 0)
2026-09-12T20:06:48+00:00 error      -        JSONDecodeError: Expecting value: line 1 column 1 (char 0)
2026-09-12T20:08:49+00:00 error      -        JSONDecodeError: Expecting value: line 1 column 1 (char 0)
2026-09-12T20:10:50+00:00 error      -        JSONDecodeError: Expecting value: line 1 column 1 (char 0)
2026-09-12T20:12:50+00:00 error      -        JSONDecodeError: Expecting value: line 1 column 1 (char 0)
2026-09-12T20:14:51+00:00 error      -        JSONDecodeError: Expecting value: line 1 column 1 (char 0)
2026-09-12T20:16:52+00:00 error      -        JSONDecodeError: Expecting value: line 1 column 1 (char 0)
2026-09-12T20:18:53+00:00 error      -        JSONDecodeError: Expecting value: line 1 column 1 (char 0)
2026-09-12T20:20:54+00:00 error      -        JSONDecodeError: Expecting value: line 1 column 1 (char 0)
2026-09-12T20:22:55+00:00 error      -        JSONDecodeError: Expecting value: line 1 column 1 (char 0)
2026-09-12T20:24:55+00:00 error      -        JSONDecodeError: Expecting value: line 1 column 1 (char 0)
2026-09-12T20:26:56+00:00 error      -        JSONDecodeError: Expecting value: line 1 column 1 (char 0)
2026-09-12T20:28:57+00:00 error      -        JSONDecodeError: Expecting value: line 1 column 1 (char 0)
2026-09-12T20:30:58+00:00 error      -        JSONDecodeError: Expecting value: line 1 column 1 (char 0)
2026-09-12T20:32:58+00:00 error      -        JSONDecodeError: Expecting value: line 1 column 1 (char 0)
2026-09-12T20:34:59+00:00 error      -        JSONDecodeError: Expecting value: line 1 column 1 (char 0)
2026-09-12T20:37:00+00:00 error      -        JSONDecodeError: Expecting value: line 1 column 1 (char 0)
2026-09-12T20:39:00+00:00 error      -        JSONDecodeError: Expecting value: line 1 column 1 (char 0)
2026-09-12T20:41:02+00:00 error      -        JSONDecodeError: Expecting value: line 1 column 1 (char 0)
2026-09-12T20:43:03+00:00 error      -        JSONDecodeError: Expecting value: line 1 column 1 (char 0)
2026-09-12T20:45:04+00:00 error      -        JSONDecodeError: Expecting value: line 1 column 1 (char 0)
2026-09-12T20:47:05+00:00 error      -        JSONDecodeError: Expecting value: line 1 column 1 (char 0)
2026-09-12T20:49:06+00:00 error      -        JSONDecodeError: Expecting value: line 1 column 1 (char 0)
2026-09-12T20:51:06+00:00 error      -        JSONDecodeError: Expecting value: line 1 column 1 (char 0)
2026-09-12T20:53:07+00:00 error      -        JSONDecodeError: Expecting value: line 1 column 1 (char 0)
2026-09-12T20:55:08+00:00 error      -        JSONDecodeError: Expecting value: line 1 column 1 (char 0)
2026-09-12T20:57:09+00:00 error      -        JSONDecodeError: Expecting value: line 1 column 1 (char 0)
2026-09-12T20:59:09+00:00 error      -        JSONDecodeError: Expecting value: line 1 column 1 (char 0)
2026-09-12T21:01:11+00:00 error      -        JSONDecodeError: Expecting value: line 1 column 1 (char 0)
2026-09-12T21:03:11+00:00 error      -        JSONDecodeError: Expecting value: line 1 column 1 (char 0)
2026-09-12T21:05:12+00:00 error      -        JSONDecodeError: Expecting value: line 1 column 1 (char 0)
2026-09-12T21:07:13+00:00 error      -        JSONDecodeError: Expecting value: line 1 column 1 (char 0)
2026-09-12T21:09:13+00:00 error      -        JSONDecodeError: Expecting value: line 1 column 1 (char 0)
2026-09-12T21:11:14+00:00 error      -        JSONDecodeError: Expecting value: line 1 column 1 (char 0)
2026-09-12T21:13:15+00:00 error      -        JSONDecodeError: Expecting value: line 1 column 1 (char 0)
2026-09-12T21:15:16+00:00 error      -        JSONDecodeError: Expecting value: line 1 column 1 (char 0)
2026-09-12T21:17:16+00:00 error      -        JSONDecodeError: Expecting value: line 1 column 1 (char 0)
2026-09-12T21:19:17+00:00 error      -        JSONDecodeError: Expecting value: line 1 column 1 (char 0)
2026-09-12T21:21:18+00:00 error      -        JSONDecodeError: Expecting value: line 1 column 1 (char 0)
2026-09-12T21:23:19+00:00 error      -        JSONDecodeError: Expecting value: line 1 column 1 (char 0)
2026-09-12T21:25:19+00:00 error      -        JSONDecodeError: Expecting value: line 1 column 1 (char 0)
2026-09-12T21:27:20+00:00 error      -        JSONDecodeError: Expecting value: line 1 column 1 (char 0)
2026-09-12T21:29:21+00:00 error      -        JSONDecodeError: Expecting value: line 1 column 1 (char 0)
2026-09-12T21:31:21+00:00 error      -        JSONDecodeError: Expecting value: line 1 column 1 (char 0)
2026-09-12T21:33:22+00:00 error      -        JSONDecodeError: Expecting value: line 1 column 1 (char 0)
2026-09-12T21:35:23+00:00 error      -        JSONDecodeError: Expecting value: line 1 column 1 (char 0)
2026-09-12T21:37:24+00:00 error      -        JSONDecodeError: Expecting value: line 1 column 1 (char 0)
2026-09-12T21:39:25+00:00 error      -        JSONDecodeError: Expecting value: line 1 column 1 (char 0)
2026-09-12T21:41:25+00:00 error      -        JSONDecodeError: Expecting value: line 1 column 1 (char 0)
2026-09-12T21:43:26+00:00 error      -        JSONDecodeError: Expecting value: line 1 column 1 (char 0)
2026-09-12T21:45:27+00:00 error      -        JSONDecodeError: Expecting value: line 1 column 1 (char 0)
2026-09-12T21:47:28+00:00 error      -        JSONDecodeError: Expecting value: line 1 column 1 (char 0)
2026-09-12T21:49:29+00:00 error      -        JSONDecodeError: Expecting value: line 1 column 1 (char 0)
2026-09-12T21:51:30+00:00 error      -        JSONDecodeError: Expecting value: line 1 column 1 (char 0)
2026-09-12T21:53:31+00:00 error      -        JSONDecodeError: Expecting value: line 1 column 1 (char 0)
2026-09-12T21:55:31+00:00 error      -        JSONDecodeError: Expecting value: line 1 column 1 (char 0)
2026-09-12T21:57:32+00:00 error      -        JSONDecodeError: Expecting value: line 1 column 1 (char 0)
2026-09-12T21:59:33+00:00 error      -        JSONDecodeError: Expecting value: line 1 column 1 (char 0)
2026-09-12T22:01:34+00:00 error      -        JSONDecodeError: Expecting value: line 1 column 1 (char 0)
2026-09-12T22:03:35+00:00 error      -        JSONDecodeError: Expecting value: line 1 column 1 (char 0)
2026-09-12T22:05:36+00:00 error      -        JSONDecodeError: Expecting value: line 1 column 1 (char 0)
2026-09-12T22:07:36+00:00 error      -        JSONDecodeError: Expecting value: line 1 column 1 (char 0)
2026-09-12T22:09:37+00:00 error      -        JSONDecodeError: Expecting value: line 1 column 1 (char 0)
2026-09-12T22:11:38+00:00 error      -        JSONDecodeError: Expecting value: line 1 column 1 (char 0)
2026-09-12T22:13:39+00:00 error      -        JSONDecodeError: Expecting value: line 1 column 1 (char 0)
2026-09-12T22:15:39+00:00 error      -        JSONDecodeError: Expecting value: line 1 column 1 (char 0)
2026-09-12T22:17:40+00:00 error      -        JSONDecodeError: Expecting value: line 1 column 1 (char 0)
2026-09-12T22:19:41+00:00 error      -        JSONDecodeError: Expecting value: line 1 column 1 (char 0)
2026-09-12T22:21:42+00:00 error      -        JSONDecodeError: Expecting value: line 1 column 1 (char 0)
2026-09-12T22:23:42+00:00 error      -        JSONDecodeError: Expecting value: line 1 column 1 (char 0)
2026-09-12T22:25:43+00:00 error      -        JSONDecodeError: Expecting value: line 1 column 1 (char 0)
2026-09-12T22:27:44+00:00 error      -        JSONDecodeError: Expecting value: line 1 column 1 (char 0)
2026-09-12T22:29:44+00:00 error      -        JSONDecodeError: Expecting value: line 1 column 1 (char 0)
2026-09-12T22:31:45+00:00 error      -        JSONDecodeError: Expecting value: line 1 column 1 (char 0)
2026-09-12T22:33:46+00:00 error      -        JSONDecodeError: Expecting value: line 1 column 1 (char 0)
2026-09-12T22:35:47+00:00 error      -        JSONDecodeError: Expecting value: line 1 column 1 (char 0)
2026-09-12T22:37:47+00:00 error      -        JSONDecodeError: Expecting value: line 1 column 1 (char 0)
2026-09-12T22:39:48+00:00 error      -        JSONDecodeError: Expecting value: line 1 column 1 (char 0)
2026-09-12T22:41:49+00:00 error      -        JSONDecodeError: Expecting value: line 1 column 1 (char 0)
2026-09-12T22:43:49+00:00 error      -        JSONDecodeError: Expecting value: line 1 column 1 (char 0)
2026-09-12T22:45:50+00:00 error      -        JSONDecodeError: Expecting value: line 1 column 1 (char 0)
2026-09-12T22:47:51+00:00 error      -        JSONDecodeError: Expecting value: line 1 column 1 (char 0)
2026-09-12T22:49:52+00:00 error      -        JSONDecodeError: Expecting value: line 1 column 1 (char 0)
2026-09-12T22:51:52+00:00 error      -        JSONDecodeError: Expecting value: line 1 column 1 (char 0)
2026-09-12T22:53:53+00:00 error      -        JSONDecodeError: Expecting value: line 1 column 1 (char 0)
2026-09-12T22:55:54+00:00 error      -        JSONDecodeError: Expecting value: line 1 column 1 (char 0)
2026-09-12T22:57:54+00:00 error      -        JSONDecodeError: Expecting value: line 1 column 1 (char 0)
2026-09-12T22:59:55+00:00 error      -        JSONDecodeError: Expecting value: line 1 column 1 (char 0)
2026-09-12T23:01:56+00:00 error      -        JSONDecodeError: Expecting value: line 1 column 1 (char 0)
2026-09-12T23:03:57+00:00 error      -        JSONDecodeError: Expecting value: line 1 column 1 (char 0)
2026-09-12T23:05:57+00:00 error      -        JSONDecodeError: Expecting value: line 1 column 1 (char 0)
2026-09-12T23:07:58+00:00 error      -        JSONDecodeError: Expecting value: line 1 column 1 (char 0)
2026-09-12T23:09:59+00:00 error      -        JSONDecodeError: Expecting value: line 1 column 1 (char 0)
2026-09-12T23:12:00+00:00 error      -        JSONDecodeError: Expecting value: line 1 column 1 (char 0)
2026-09-12T23:14:01+00:00 error      -        JSONDecodeError: Expecting value: line 1 column 1 (char 0)
2026-09-12T23:16:02+00:00 error      -        JSONDecodeError: Expecting value: line 1 column 1 (char 0)
2026-09-12T23:18:03+00:00 error      -        JSONDecodeError: Expecting value: line 1 column 1 (char 0)
2026-09-12T23:20:03+00:00 error      -        JSONDecodeError: Expecting value: line 1 column 1 (char 0)
2026-09-12T23:22:04+00:00 error      -        JSONDecodeError: Expecting value: line 1 column 1 (char 0)
2026-09-12T23:24:05+00:00 error      -        JSONDecodeError: Expecting value: line 1 column 1 (char 0)
2026-09-12T23:26:05+00:00 error      -        JSONDecodeError: Expecting value: line 1 column 1 (char 0)
2026-09-12T23:28:06+00:00 error      -        JSONDecodeError: Expecting value: line 1 column 1 (char 0)
2026-09-12T23:30:07+00:00 error      -        JSONDecodeError: Expecting value: line 1 column 1 (char 0)
2026-09-12T23:32:08+00:00 error      -        JSONDecodeError: Expecting value: line 1 column 1 (char 0)
2026-09-12T23:34:08+00:00 error      -        JSONDecodeError: Expecting value: line 1 column 1 (char 0)
2026-09-12T23:36:09+00:00 error      -        JSONDecodeError: Expecting value: line 1 column 1 (char 0)
2026-09-12T23:38:10+00:00 error      -        JSONDecodeError: Expecting value: line 1 column 1 (char 0)
2026-09-12T23:40:10+00:00 error      -        JSONDecodeError: Expecting value: line 1 column 1 (char 0)
2026-09-12T23:42:11+00:00 error      -        JSONDecodeError: Expecting value: line 1 column 1 (char 0)
2026-09-12T23:44:12+00:00 error      -        JSONDecodeError: Expecting value: line 1 column 1 (char 0)
2026-09-12T23:46:13+00:00 error      -        JSONDecodeError: Expecting value: line 1 column 1 (char 0)
2026-09-12T23:48:13+00:00 error      -        JSONDecodeError: Expecting value: line 1 column 1 (char 0)
2026-09-12T23:50:14+00:00 error      -        JSONDecodeError: Expecting value: line 1 column 1 (char 0)
2026-09-12T23:52:15+00:00 error      -        JSONDecodeError: Expecting value: line 1 column 1 (char 0)
2026-09-12T23:54:15+00:00 error      -        JSONDecodeError: Expecting value: line 1 column 1 (char 0)
2026-09-12T23:56:16+00:00 error      -        JSONDecodeError: Expecting value: line 1 column 1 (char 0)
2026-09-12T23:58:17+00:00 error      -        JSONDecodeError: Expecting value: line 1 column 1 (char 0)
2026-09-13T00:00:18+00:00 error      -        JSONDecodeError: Expecting value: line 1 column 1 (char 0)
2026-09-13T00:02:19+00:00 error      -        JSONDecodeError: Expecting value: line 1 column 1 (char 0)
2026-09-13T00:04:19+00:00 error      -        JSONDecodeError: Expecting value: line 1 column 1 (char 0)
2026-09-13T00:06:20+00:00 error      -        JSONDecodeError: Expecting value: line 1 column 1 (char 0)
2026-09-13T00:08:21+00:00 error      -        JSONDecodeError: Expecting value: line 1 column 1 (char 0)
2026-09-13T00:10:21+00:00 error      -        JSONDecodeError: Expecting value: line 1 column 1 (char 0)
2026-09-13T00:12:22+00:00 error      -        JSONDecodeError: Expecting value: line 1 column 1 (char 0)
2026-09-13T00:14:23+00:00 error      -        JSONDecodeError: Expecting value: line 1 column 1 (char 0)
2026-09-13T00:16:23+00:00 error      -        JSONDecodeError: Expecting value: line 1 column 1 (char 0)
2026-09-13T00:18:24+00:00 error      -        JSONDecodeError: Expecting value: line 1 column 1 (char 0)
2026-09-13T00:20:25+00:00 error      -        JSONDecodeError: Expecting value: line 1 column 1 (char 0)
2026-09-13T00:22:26+00:00 error      -        JSONDecodeError: Expecting value: line 1 column 1 (char 0)
2026-09-13T00:24:26+00:00 error      -        JSONDecodeError: Expecting value: line 1 column 1 (char 0)
2026-09-13T00:26:27+00:00 error      -        JSONDecodeError: Expecting value: line 1 column 1 (char 0)
2026-09-13T00:28:28+00:00 error      -        JSONDecodeError: Expecting value: line 1 column 1 (char 0)
2026-09-13T00:30:29+00:00 error      -        JSONDecodeError: Expecting value: line 1 column 1 (char 0)
2026-09-13T00:32:29+00:00 error      -        JSONDecodeError: Expecting value: line 1 column 1 (char 0)
2026-09-13T00:34:30+00:00 error      -        JSONDecodeError: Expecting value: line 1 column 1 (char 0)
2026-09-13T00:36:31+00:00 error      -        JSONDecodeError: Expecting value: line 1 column 1 (char 0)
2026-09-13T00:38:31+00:00 error      -        JSONDecodeError: Expecting value: line 1 column 1 (char 0)
2026-09-13T00:40:32+00:00 error      -        JSONDecodeError: Expecting value: line 1 column 1 (char 0)
2026-09-13T00:42:33+00:00 error      -        JSONDecodeError: Expecting value: line 1 column 1 (char 0)
2026-09-13T00:44:34+00:00 error      -        JSONDecodeError: Expecting value: line 1 column 1 (char 0)
2026-09-13T00:46:34+00:00 error      -        JSONDecodeError: Expecting value: line 1 column 1 (char 0)
2026-09-13T00:48:35+00:00 error      -        JSONDecodeError: Expecting value: line 1 column 1 (char 0)
2026-09-13T00:50:36+00:00 error      -        JSONDecodeError: Expecting value: line 1 column 1 (char 0)
2026-09-13T00:52:37+00:00 error      -        JSONDecodeError: Expecting value: line 1 column 1 (char 0)
2026-09-13T00:54:38+00:00 error      -        JSONDecodeError: Expecting value: line 1 column 1 (char 0)
2026-09-13T00:56:38+00:00 error      -        JSONDecodeError: Expecting value: line 1 column 1 (char 0)
2026-09-13T00:58:39+00:00 error      -        JSONDecodeError: Expecting value: line 1 column 1 (char 0)
2026-09-13T01:00:40+00:00 error      -        JSONDecodeError: Expecting value: line 1 column 1 (char 0)
2026-09-13T01:02:40+00:00 error      -        JSONDecodeError: Expecting value: line 1 column 1 (char 0)
2026-09-13T01:04:41+00:00 error      -        JSONDecodeError: Expecting value: line 1 column 1 (char 0)
2026-09-13T01:06:42+00:00 error      -        JSONDecodeError: Expecting value: line 1 column 1 (char 0)
2026-09-13T01:08:42+00:00 error      -        JSONDecodeError: Expecting value: line 1 column 1 (char 0)
2026-09-13T01:10:43+00:00 error      -        JSONDecodeError: Expecting value: line 1 column 1 (char 0)
2026-09-13T01:12:44+00:00 error      -        JSONDecodeError: Expecting value: line 1 column 1 (char 0)
2026-09-13T01:14:44+00:00 error      -        JSONDecodeError: Expecting value: line 1 column 1 (char 0)
2026-09-13T01:16:45+00:00 error      -        JSONDecodeError: Expecting value: line 1 column 1 (char 0)
2026-09-13T01:18:46+00:00 error      -        JSONDecodeError: Expecting value: line 1 column 1 (char 0)
2026-09-13T01:20:47+00:00 error      -        JSONDecodeError: Expecting value: line 1 column 1 (char 0)
2026-09-13T01:22:47+00:00 error      -        JSONDecodeError: Expecting value: line 1 column 1 (char 0)
2026-09-13T01:24:48+00:00 error      -        JSONDecodeError: Expecting value: line 1 column 1 (char 0)
2026-09-13T01:26:49+00:00 error      -        JSONDecodeError: Expecting value: line 1 column 1 (char 0)
2026-09-13T01:28:50+00:00 error      -        JSONDecodeError: Expecting value: line 1 column 1 (char 0)
2026-09-13T01:30:50+00:00 error      -        JSONDecodeError: Expecting value: line 1 column 1 (char 0)
2026-09-13T01:32:51+00:00 error      -        JSONDecodeError: Expecting value: line 1 column 1 (char 0)
2026-09-13T01:34:52+00:00 error      -        JSONDecodeError: Expecting value: line 1 column 1 (char 0)
2026-09-13T01:36:53+00:00 error      -        JSONDecodeError: Expecting value: line 1 column 1 (char 0)
2026-09-13T01:38:53+00:00 error      -        JSONDecodeError: Expecting value: line 1 column 1 (char 0)
2026-09-13T01:40:54+00:00 error      -        JSONDecodeError: Expecting value: line 1 column 1 (char 0)
2026-09-13T01:42:55+00:00 error      -        JSONDecodeError: Expecting value: line 1 column 1 (char 0)
2026-09-13T01:44:56+00:00 error      -        JSONDecodeError: Expecting value: line 1 column 1 (char 0)
2026-09-13T01:46:57+00:00 error      -        JSONDecodeError: Expecting value: line 1 column 1 (char 0)
2026-09-13T01:48:57+00:00 error      -        JSONDecodeError: Expecting value: line 1 column 1 (char 0)
2026-09-13T01:50:58+00:00 error      -        JSONDecodeError: Expecting value: line 1 column 1 (char 0)
2026-09-13T01:52:59+00:00 error      -        JSONDecodeError: Expecting value: line 1 column 1 (char 0)
2026-09-13T01:54:59+00:00 error      -        JSONDecodeError: Expecting value: line 1 column 1 (char 0)
2026-09-13T01:57:00+00:00 error      -        JSONDecodeError: Expecting value: line 1 column 1 (char 0)
2026-09-13T01:59:01+00:00 error      -        JSONDecodeError: Expecting value: line 1 column 1 (char 0)
2026-09-13T02:01:02+00:00 error      -        JSONDecodeError: Expecting value: line 1 column 1 (char 0)
2026-09-13T02:03:03+00:00 error      -        JSONDecodeError: Expecting value: line 1 column 1 (char 0)
2026-09-13T02:05:03+00:00 error      -        JSONDecodeError: Expecting value: line 1 column 1 (char 0)
2026-09-13T02:07:04+00:00 error      -        JSONDecodeError: Expecting value: line 1 column 1 (char 0)
2026-09-13T02:09:05+00:00 error      -        JSONDecodeError: Expecting value: line 1 column 1 (char 0)
2026-09-13T02:11:06+00:00 error      -        JSONDecodeError: Expecting value: line 1 column 1 (char 0)
2026-09-13T02:13:07+00:00 error      -        JSONDecodeError: Expecting value: line 1 column 1 (char 0)
2026-09-13T02:15:07+00:00 error      -        JSONDecodeError: Expecting value: line 1 column 1 (char 0)
2026-09-13T02:17:08+00:00 error      -        JSONDecodeError: Expecting value: line 1 column 1 (char 0)
2026-09-13T02:19:09+00:00 error      -        JSONDecodeError: Expecting value: line 1 column 1 (char 0)
2026-09-13T02:21:10+00:00 error      -        JSONDecodeError: Expecting value: line 1 column 1 (char 0)
2026-09-13T02:23:10+00:00 error      -        JSONDecodeError: Expecting value: line 1 column 1 (char 0)
2026-09-13T02:25:11+00:00 error      -        JSONDecodeError: Expecting value: line 1 column 1 (char 0)
2026-09-13T02:27:12+00:00 error      -        JSONDecodeError: Expecting value: line 1 column 1 (char 0)
2026-09-13T02:29:13+00:00 error      -        JSONDecodeError: Expecting value: line 1 column 1 (char 0)
2026-09-13T02:31:13+00:00 error      -        JSONDecodeError: Expecting value: line 1 column 1 (char 0)
2026-09-13T02:33:14+00:00 error      -        JSONDecodeError: Expecting value: line 1 column 1 (char 0)
2026-09-13T02:35:15+00:00 error      -        JSONDecodeError: Expecting value: line 1 column 1 (char 0)
2026-09-13T02:37:16+00:00 error      -        JSONDecodeError: Expecting value: line 1 column 1 (char 0)
2026-09-13T02:39:16+00:00 error      -        JSONDecodeError: Expecting value: line 1 column 1 (char 0)
2026-09-13T02:41:17+00:00 error      -        JSONDecodeError: Expecting value: line 1 column 1 (char 0)
2026-09-13T02:43:18+00:00 error      -        JSONDecodeError: Expecting value: line 1 column 1 (char 0)
2026-09-13T02:45:19+00:00 error      -        JSONDecodeError: Expecting value: line 1 column 1 (char 0)
2026-09-13T02:47:19+00:00 error      -        JSONDecodeError: Expecting value: line 1 column 1 (char 0)
2026-09-13T02:49:20+00:00 error      -        JSONDecodeError: Expecting value: line 1 column 1 (char 0)
2026-09-13T02:51:21+00:00 error      -        JSONDecodeError: Expecting value: line 1 column 1 (char 0)
2026-09-13T02:53:22+00:00 error      -        JSONDecodeError: Expecting value: line 1 column 1 (char 0)
2026-09-13T02:55:22+00:00 error      -        JSONDecodeError: Expecting value: line 1 column 1 (char 0)
2026-09-13T02:57:23+00:00 error      -        JSONDecodeError: Expecting value: line 1 column 1 (char 0)
2026-09-13T02:59:24+00:00 error      -        JSONDecodeError: Expecting value: line 1 column 1 (char 0)
2026-09-13T03:01:25+00:00 error      -        JSONDecodeError: Expecting value: line 1 column 1 (char 0)
2026-09-13T03:03:26+00:00 error      -        JSONDecodeError: Expecting value: line 1 column 1 (char 0)
2026-09-13T03:05:27+00:00 error      -        JSONDecodeError: Expecting value: line 1 column 1 (char 0)
2026-09-13T03:07:27+00:00 error      -        JSONDecodeError: Expecting value: line 1 column 1 (char 0)
2026-09-13T03:09:28+00:00 error      -        JSONDecodeError: Expecting value: line 1 column 1 (char 0)
2026-09-13T03:11:29+00:00 error      -        JSONDecodeError: Expecting value: line 1 column 1 (char 0)
2026-09-13T03:13:29+00:00 error      -        JSONDecodeError: Expecting value: line 1 column 1 (char 0)
2026-09-13T03:15:30+00:00 error      -        JSONDecodeError: Expecting value: line 1 column 1 (char 0)
2026-09-13T03:17:31+00:00 error      -        JSONDecodeError: Expecting value: line 1 column 1 (char 0)
2026-09-13T03:19:32+00:00 error      -        JSONDecodeError: Expecting value: line 1 column 1 (char 0)
2026-09-13T03:21:32+00:00 error      -        JSONDecodeError: Expecting value: line 1 column 1 (char 0)
2026-09-13T03:23:33+00:00 error      -        JSONDecodeError: Expecting value: line 1 column 1 (char 0)
2026-09-13T03:25:34+00:00 error      -        JSONDecodeError: Expecting value: line 1 column 1 (char 0)
2026-09-13T03:27:35+00:00 error      -        JSONDecodeError: Expecting value: line 1 column 1 (char 0)
2026-09-13T03:29:35+00:00 error      -        JSONDecodeError: Expecting value: line 1 column 1 (char 0)
2026-09-13T03:31:36+00:00 error      -        JSONDecodeError: Expecting value: line 1 column 1 (char 0)
2026-09-13T03:33:37+00:00 error      -        JSONDecodeError: Expecting value: line 1 column 1 (char 0)
2026-09-13T03:35:38+00:00 error      -        JSONDecodeError: Expecting value: line 1 column 1 (char 0)
2026-09-13T03:37:38+00:00 error      -        JSONDecodeError: Expecting value: line 1 column 1 (char 0)
2026-09-13T03:39:39+00:00 error      -        JSONDecodeError: Expecting value: line 1 column 1 (char 0)
2026-09-13T03:41:40+00:00 error      -        JSONDecodeError: Expecting value: line 1 column 1 (char 0)
2026-09-13T03:43:40+00:00 error      -        JSONDecodeError: Expecting value: line 1 column 1 (char 0)
2026-09-13T03:45:41+00:00 error      -        JSONDecodeError: Expecting value: line 1 column 1 (char 0)
2026-09-13T03:47:42+00:00 error      -        JSONDecodeError: Expecting value: line 1 column 1 (char 0)
2026-09-13T03:49:43+00:00 error      -        JSONDecodeError: Expecting value: line 1 column 1 (char 0)
2026-09-13T03:51:43+00:00 error      -        JSONDecodeError: Expecting value: line 1 column 1 (char 0)
2026-09-13T03:53:44+00:00 error      -        JSONDecodeError: Expecting value: line 1 column 1 (char 0)
2026-09-13T03:55:45+00:00 error      -        JSONDecodeError: Expecting value: line 1 column 1 (char 0)
2026-09-13T03:57:46+00:00 error      -        JSONDecodeError: Expecting value: line 1 column 1 (char 0)
2026-09-13T03:59:46+00:00 error      -        JSONDecodeError: Expecting value: line 1 column 1 (char 0)
2026-09-13T04:01:47+00:00 error      -        JSONDecodeError: Expecting value: line 1 column 1 (char 0)
2026-09-13T04:03:50+00:00 error      -        JSONDecodeError: Expecting value: line 1 column 1 (char 0)
2026-09-13T04:05:51+00:00 error      -        JSONDecodeError: Expecting value: line 1 column 1 (char 0)
2026-09-13T04:07:52+00:00 error      -        JSONDecodeError: Expecting value: line 1 column 1 (char 0)
2026-09-13T04:09:52+00:00 error      -        JSONDecodeError: Expecting value: line 1 column 1 (char 0)
2026-09-13T04:11:53+00:00 error      -        JSONDecodeError: Expecting value: line 1 column 1 (char 0)
2026-09-13T04:13:54+00:00 error      -        JSONDecodeError: Expecting value: line 1 column 1 (char 0)
2026-09-13T04:15:55+00:00 error      -        JSONDecodeError: Expecting value: line 1 column 1 (char 0)
2026-09-13T04:17:56+00:00 error      -        JSONDecodeError: Expecting value: line 1 column 1 (char 0)
2026-09-13T04:19:56+00:00 error      -        JSONDecodeError: Expecting value: line 1 column 1 (char 0)
2026-09-13T04:21:57+00:00 error      -        JSONDecodeError: Expecting value: line 1 column 1 (char 0)
2026-09-13T04:23:58+00:00 error      -        JSONDecodeError: Expecting value: line 1 column 1 (char 0)
2026-09-13T04:25:59+00:00 error      -        JSONDecodeError: Expecting value: line 1 column 1 (char 0)
2026-09-13T04:27:59+00:00 error      -        JSONDecodeError: Expecting value: line 1 column 1 (char 0)
2026-09-13T04:30:00+00:00 error      -        JSONDecodeError: Expecting value: line 1 column 1 (char 0)
2026-09-13T04:32:01+00:00 error      -        JSONDecodeError: Expecting value: line 1 column 1 (char 0)
2026-09-13T04:34:02+00:00 error      -        JSONDecodeError: Expecting value: line 1 column 1 (char 0)
2026-09-13T04:36:03+00:00 error      -        JSONDecodeError: Expecting value: line 1 column 1 (char 0)
2026-09-13T04:38:03+00:00 error      -        JSONDecodeError: Expecting value: line 1 column 1 (char 0)
2026-09-13T04:40:04+00:00 error      -        JSONDecodeError: Expecting value: line 1 column 1 (char 0)
2026-09-13T04:42:05+00:00 error      -        JSONDecodeError: Expecting value: line 1 column 1 (char 0)
2026-09-13T04:44:06+00:00 error      -        JSONDecodeError: Expecting value: line 1 column 1 (char 0)
2026-09-13T04:46:06+00:00 error      -        JSONDecodeError: Expecting value: line 1 column 1 (char 0)
2026-09-13T04:48:07+00:00 error      -        JSONDecodeError: Expecting value: line 1 column 1 (char 0)
2026-09-13T04:50:08+00:00 error      -        JSONDecodeError: Expecting value: line 1 column 1 (char 0)
2026-09-13T04:52:08+00:00 error      -        JSONDecodeError: Expecting value: line 1 column 1 (char 0)
2026-09-13T04:54:09+00:00 error      -        JSONDecodeError: Expecting value: line 1 column 1 (char 0)
2026-09-13T04:56:10+00:00 error      -        JSONDecodeError: Expecting value: line 1 column 1 (char 0)
2026-09-13T04:58:11+00:00 error      -        JSONDecodeError: Expecting value: line 1 column 1 (char 0)
2026-09-13T05:00:11+00:00 error      -        JSONDecodeError: Expecting value: line 1 column 1 (char 0)
2026-09-13T05:02:12+00:00 error      -        JSONDecodeError: Expecting value: line 1 column 1 (char 0)
2026-09-13T05:04:13+00:00 error      -        JSONDecodeError: Expecting value: line 1 column 1 (char 0)
2026-09-13T05:06:13+00:00 error      -        JSONDecodeError: Expecting value: line 1 column 1 (char 0)
2026-09-13T05:08:14+00:00 error      -        JSONDecodeError: Expecting value: line 1 column 1 (char 0)
2026-09-13T05:10:15+00:00 error      -        JSONDecodeError: Expecting value: line 1 column 1 (char 0)
2026-09-13T05:12:15+00:00 error      -        JSONDecodeError: Expecting value: line 1 column 1 (char 0)
2026-09-13T05:14:16+00:00 error      -        JSONDecodeError: Expecting value: line 1 column 1 (char 0)
2026-09-13T05:16:17+00:00 error      -        JSONDecodeError: Expecting value: line 1 column 1 (char 0)
2026-09-13T05:18:18+00:00 error      -        JSONDecodeError: Expecting value: line 1 column 1 (char 0)
2026-09-13T05:20:18+00:00 error      -        JSONDecodeError: Expecting value: line 1 column 1 (char 0)
2026-09-13T05:22:19+00:00 error      -        JSONDecodeError: Expecting value: line 1 column 1 (char 0)
2026-09-13T05:24:20+00:00 error      -        JSONDecodeError: Expecting value: line 1 column 1 (char 0)
2026-09-13T05:26:21+00:00 error      -        JSONDecodeError: Expecting value: line 1 column 1 (char 0)
2026-09-13T05:28:21+00:00 error      -        JSONDecodeError: Expecting value: line 1 column 1 (char 0)
2026-09-13T05:30:22+00:00 error      -        JSONDecodeError: Expecting value: line 1 column 1 (char 0)
2026-09-13T05:32:23+00:00 error      -        JSONDecodeError: Expecting value: line 1 column 1 (char 0)
2026-09-13T05:34:23+00:00 error      -        JSONDecodeError: Expecting value: line 1 column 1 (char 0)
2026-09-13T05:36:24+00:00 error      -        JSONDecodeError: Expecting value: line 1 column 1 (char 0)
2026-09-13T05:38:25+00:00 error      -        JSONDecodeError: Expecting value: line 1 column 1 (char 0)
2026-09-13T05:40:26+00:00 error      -        JSONDecodeError: Expecting value: line 1 column 1 (char 0)
2026-09-13T05:42:26+00:00 error      -        JSONDecodeError: Expecting value: line 1 column 1 (char 0)
2026-09-13T05:44:27+00:00 error      -        JSONDecodeError: Expecting value: line 1 column 1 (char 0)
2026-09-13T05:46:28+00:00 error      -        JSONDecodeError: Expecting value: line 1 column 1 (char 0)
2026-09-13T05:48:29+00:00 error      -        JSONDecodeError: Expecting value: line 1 column 1 (char 0)
2026-09-13T05:50:29+00:00 error      -        JSONDecodeError: Expecting value: line 1 column 1 (char 0)
2026-09-13T05:52:30+00:00 error      -        JSONDecodeError: Expecting value: line 1 column 1 (char 0)
2026-09-13T05:54:31+00:00 error      -        JSONDecodeError: Expecting value: line 1 column 1 (char 0)
2026-09-13T05:56:31+00:00 error      -        JSONDecodeError: Expecting value: line 1 column 1 (char 0)
2026-09-13T05:58:32+00:00 error      -        JSONDecodeError: Expecting value: line 1 column 1 (char 0)
2026-09-13T06:00:33+00:00 error      -        JSONDecodeError: Expecting value: line 1 column 1 (char 0)
2026-09-13T06:02:34+00:00 error      -        JSONDecodeError: Expecting value: line 1 column 1 (char 0)
2026-09-13T06:04:34+00:00 error      -        JSONDecodeError: Expecting value: line 1 column 1 (char 0)
2026-09-13T06:06:35+00:00 error      -        JSONDecodeError: Expecting value: line 1 column 1 (char 0)
2026-09-13T06:08:36+00:00 error      -        JSONDecodeError: Expecting value: line 1 column 1 (char 0)
2026-09-13T06:10:36+00:00 error      -        JSONDecodeError: Expecting value: line 1 column 1 (char 0)
2026-09-13T06:12:37+00:00 error      -        JSONDecodeError: Expecting value: line 1 column 1 (char 0)
2026-09-13T06:14:38+00:00 error      -        JSONDecodeError: Expecting value: line 1 column 1 (char 0)
2026-09-13T06:16:39+00:00 error      -        JSONDecodeError: Expecting value: line 1 column 1 (char 0)
2026-09-13T06:18:39+00:00 error      -        JSONDecodeError: Expecting value: line 1 column 1 (char 0)
2026-09-13T06:20:40+00:00 error      -        JSONDecodeError: Expecting value: line 1 column 1 (char 0)
2026-09-13T06:22:41+00:00 error      -        JSONDecodeError: Expecting value: line 1 column 1 (char 0)
2026-09-13T06:24:42+00:00 error      -        JSONDecodeError: Expecting value: line 1 column 1 (char 0)
2026-09-13T06:26:43+00:00 error      -        JSONDecodeError: Expecting value: line 1 column 1 (char 0)
2026-09-13T06:28:43+00:00 error      -        JSONDecodeError: Expecting value: line 1 column 1 (char 0)
2026-09-13T06:30:44+00:00 error      -        JSONDecodeError: Expecting value: line 1 column 1 (char 0)
2026-09-13T06:32:45+00:00 error      -        JSONDecodeError: Expecting value: line 1 column 1 (char 0)
2026-09-13T06:34:45+00:00 error      -        JSONDecodeError: Expecting value: line 1 column 1 (char 0)
2026-09-13T06:36:46+00:00 error      -        JSONDecodeError: Expecting value: line 1 column 1 (char 0)
2026-09-13T06:38:47+00:00 error      -        JSONDecodeError: Expecting value: line 1 column 1 (char 0)
2026-09-13T06:40:48+00:00 error      -        JSONDecodeError: Expecting value: line 1 column 1 (char 0)
2026-09-13T06:42:48+00:00 error      -        JSONDecodeError: Expecting value: line 1 column 1 (char 0)
2026-09-13T06:44:49+00:00 error      -        JSONDecodeError: Expecting value: line 1 column 1 (char 0)
2026-09-13T06:46:50+00:00 error      -        JSONDecodeError: Expecting value: line 1 column 1 (char 0)
2026-09-13T06:48:51+00:00 error      -        JSONDecodeError: Expecting value: line 1 column 1 (char 0)
2026-09-13T06:50:51+00:00 error      -        JSONDecodeError: Expecting value: line 1 column 1 (char 0)
2026-09-13T06:52:53+00:00 error      -        JSONDecodeError: Expecting value: line 1 column 1 (char 0)
2026-09-13T06:54:53+00:00 error      -        JSONDecodeError: Expecting value: line 1 column 1 (char 0)
2026-09-13T06:56:54+00:00 error      -        JSONDecodeError: Expecting value: line 1 column 1 (char 0)
2026-09-13T06:58:55+00:00 error      -        JSONDecodeError: Expecting value: line 1 column 1 (char 0)
2026-09-13T07:00:56+00:00 error      -        JSONDecodeError: Expecting value: line 1 column 1 (char 0)
2026-09-13T07:02:56+00:00 error      -        JSONDecodeError: Expecting value: line 1 column 1 (char 0)
2026-09-13T07:04:57+00:00 error      -        JSONDecodeError: Expecting value: line 1 column 1 (char 0)
2026-09-13T07:06:58+00:00 error      -        JSONDecodeError: Expecting value: line 1 column 1 (char 0)
2026-09-13T07:08:59+00:00 error      -        JSONDecodeError: Expecting value: line 1 column 1 (char 0)
2026-09-13T07:11:00+00:00 error      -        JSONDecodeError: Expecting value: line 1 column 1 (char 0)
2026-09-13T07:13:00+00:00 error      -        JSONDecodeError: Expecting value: line 1 column 1 (char 0)
2026-09-13T07:15:01+00:00 error      -        JSONDecodeError: Expecting value: line 1 column 1 (char 0)
2026-09-13T07:17:02+00:00 error      -        JSONDecodeError: Expecting value: line 1 column 1 (char 0)
2026-09-13T07:19:03+00:00 error      -        JSONDecodeError: Expecting value: line 1 column 1 (char 0)
2026-09-13T07:21:03+00:00 error      -        JSONDecodeError: Expecting value: line 1 column 1 (char 0)
2026-09-13T07:23:04+00:00 error      -        JSONDecodeError: Expecting value: line 1 column 1 (char 0)
2026-09-13T07:25:05+00:00 error      -        JSONDecodeError: Expecting value: line 1 column 1 (char 0)
2026-09-13T07:27:05+00:00 error      -        JSONDecodeError: Expecting value: line 1 column 1 (char 0)
2026-09-13T07:29:06+00:00 error      -        JSONDecodeError: Expecting value: line 1 column 1 (char 0)
2026-09-13T07:31:07+00:00 error      -        JSONDecodeError: Expecting value: line 1 column 1 (char 0)
2026-09-13T07:33:08+00:00 error      -        JSONDecodeError: Expecting value: line 1 column 1 (char 0)
2026-09-13T07:35:09+00:00 error      -        JSONDecodeError: Expecting value: line 1 column 1 (char 0)
2026-09-13T07:37:09+00:00 error      -        JSONDecodeError: Expecting value: line 1 column 1 (char 0)
2026-09-13T07:39:10+00:00 error      -        JSONDecodeError: Expecting value: line 1 column 1 (char 0)
2026-09-13T07:41:11+00:00 error      -        JSONDecodeError: Expecting value: line 1 column 1 (char 0)
2026-09-13T07:43:11+00:00 error      -        JSONDecodeError: Expecting value: line 1 column 1 (char 0)
2026-09-13T07:45:12+00:00 error      -        JSONDecodeError: Expecting value: line 1 column 1 (char 0)
2026-09-13T07:47:13+00:00 error      -        JSONDecodeError: Expecting value: line 1 column 1 (char 0)
2026-09-13T07:49:13+00:00 error      -        JSONDecodeError: Expecting value: line 1 column 1 (char 0)
2026-09-13T07:51:14+00:00 error      -        JSONDecodeError: Expecting value: line 1 column 1 (char 0)
2026-09-13T07:53:15+00:00 error      -        JSONDecodeError: Expecting value: line 1 column 1 (char 0)
2026-09-13T07:55:16+00:00 error      -        JSONDecodeError: Expecting value: line 1 column 1 (char 0)
2026-09-13T07:57:16+00:00 error      -        JSONDecodeError: Expecting value: line 1 column 1 (char 0)
2026-09-13T07:59:17+00:00 error      -        JSONDecodeError: Expecting value: line 1 column 1 (char 0)
2026-09-13T08:01:18+00:00 error      -        JSONDecodeError: Expecting value: line 1 column 1 (char 0)
2026-09-13T08:03:19+00:00 error      -        JSONDecodeError: Expecting value: line 1 column 1 (char 0)
2026-09-13T08:05:19+00:00 error      -        JSONDecodeError: Expecting value: line 1 column 1 (char 0)
2026-09-13T08:07:20+00:00 error      -        JSONDecodeError: Expecting value: line 1 column 1 (char 0)
2026-09-13T08:09:21+00:00 error      -        JSONDecodeError: Expecting value: line 1 column 1 (char 0)
2026-09-13T08:11:21+00:00 error      -        JSONDecodeError: Expecting value: line 1 column 1 (char 0)
2026-09-13T08:13:22+00:00 error      -        JSONDecodeError: Expecting value: line 1 column 1 (char 0)
2026-09-13T08:15:23+00:00 error      -        JSONDecodeError: Expecting value: line 1 column 1 (char 0)
2026-09-13T08:17:24+00:00 error      -        JSONDecodeError: Expecting value: line 1 column 1 (char 0)
2026-09-13T08:19:24+00:00 error      -        JSONDecodeError: Expecting value: line 1 column 1 (char 0)
2026-09-13T08:21:25+00:00 error      -        JSONDecodeError: Expecting value: line 1 column 1 (char 0)
2026-09-13T08:23:26+00:00 error      -        JSONDecodeError: Expecting value: line 1 column 1 (char 0)
2026-09-13T08:25:26+00:00 error      -        JSONDecodeError: Expecting value: line 1 column 1 (char 0)
2026-09-13T08:27:27+00:00 error      -        JSONDecodeError: Expecting value: line 1 column 1 (char 0)
2026-09-13T08:29:28+00:00 error      -        JSONDecodeError: Expecting value: line 1 column 1 (char 0)
2026-09-13T08:31:29+00:00 error      -        JSONDecodeError: Expecting value: line 1 column 1 (char 0)
2026-09-13T08:33:29+00:00 error      -        JSONDecodeError: Expecting value: line 1 column 1 (char 0)
2026-09-13T08:35:30+00:00 error      -        JSONDecodeError: Expecting value: line 1 column 1 (char 0)
2026-09-13T08:37:31+00:00 error      -        JSONDecodeError: Expecting value: line 1 column 1 (char 0)
2026-09-13T08:39:31+00:00 error      -        JSONDecodeError: Expecting value: line 1 column 1 (char 0)
2026-09-13T08:41:32+00:00 error      -        JSONDecodeError: Expecting value: line 1 column 1 (char 0)
2026-09-13T08:43:33+00:00 error      -        JSONDecodeError: Expecting value: line 1 column 1 (char 0)
2026-09-13T08:45:34+00:00 error      -        JSONDecodeError: Expecting value: line 1 column 1 (char 0)
2026-09-13T08:47:34+00:00 error      -        JSONDecodeError: Expecting value: line 1 column 1 (char 0)
2026-09-13T08:49:35+00:00 error      -        JSONDecodeError: Expecting value: line 1 column 1 (char 0)
2026-09-13T08:51:36+00:00 error      -        JSONDecodeError: Expecting value: line 1 column 1 (char 0)
2026-09-13T08:53:36+00:00 error      -        JSONDecodeError: Expecting value: line 1 column 1 (char 0)
2026-09-13T08:55:37+00:00 error      -        JSONDecodeError: Expecting value: line 1 column 1 (char 0)
2026-09-13T08:57:38+00:00 error      -        JSONDecodeError: Expecting value: line 1 column 1 (char 0)
2026-09-13T08:59:38+00:00 error      -        JSONDecodeError: Expecting value: line 1 column 1 (char 0)
2026-09-13T09:01:39+00:00 error      -        JSONDecodeError: Expecting value: line 1 column 1 (char 0)
2026-09-13T09:03:40+00:00 error      -        JSONDecodeError: Expecting value: line 1 column 1 (char 0)
2026-09-13T09:05:41+00:00 error      -        JSONDecodeError: Expecting value: line 1 column 1 (char 0)
2026-09-13T09:07:41+00:00 error      -        JSONDecodeError: Expecting value: line 1 column 1 (char 0)
2026-09-13T09:09:42+00:00 error      -        JSONDecodeError: Expecting value: line 1 column 1 (char 0)
2026-09-13T09:11:43+00:00 error      -        JSONDecodeError: Expecting value: line 1 column 1 (char 0)
2026-09-13T09:13:43+00:00 error      -        JSONDecodeError: Expecting value: line 1 column 1 (char 0)
2026-09-13T09:15:44+00:00 error      -        JSONDecodeError: Expecting value: line 1 column 1 (char 0)
2026-09-13T09:17:45+00:00 error      -        JSONDecodeError: Expecting value: line 1 column 1 (char 0)
2026-09-13T09:19:46+00:00 error      -        JSONDecodeError: Expecting value: line 1 column 1 (char 0)
2026-09-13T09:21:46+00:00 error      -        JSONDecodeError: Expecting value: line 1 column 1 (char 0)
2026-09-13T09:23:47+00:00 error      -        JSONDecodeError: Expecting value: line 1 column 1 (char 0)
2026-09-13T09:25:48+00:00 error      -        JSONDecodeError: Expecting value: line 1 column 1 (char 0)
2026-09-13T09:27:48+00:00 error      -        JSONDecodeError: Expecting value: line 1 column 1 (char 0)
2026-09-13T09:29:49+00:00 error      -        JSONDecodeError: Expecting value: line 1 column 1 (char 0)
2026-09-13T09:31:50+00:00 error      -        JSONDecodeError: Expecting value: line 1 column 1 (char 0)
2026-09-13T09:33:51+00:00 error      -        JSONDecodeError: Expecting value: line 1 column 1 (char 0)
2026-09-13T09:35:51+00:00 error      -        JSONDecodeError: Expecting value: line 1 column 1 (char 0)
2026-09-13T09:37:52+00:00 error      -        JSONDecodeError: Expecting value: line 1 column 1 (char 0)
2026-09-13T09:39:53+00:00 error      -        JSONDecodeError: Expecting value: line 1 column 1 (char 0)
2026-09-13T09:41:53+00:00 error      -        JSONDecodeError: Expecting value: line 1 column 1 (char 0)
2026-09-13T09:43:54+00:00 error      -        JSONDecodeError: Expecting value: line 1 column 1 (char 0)
2026-09-13T09:45:55+00:00 error      -        JSONDecodeError: Expecting value: line 1 column 1 (char 0)
2026-09-13T09:47:56+00:00 error      -        JSONDecodeError: Expecting value: line 1 column 1 (char 0)
2026-09-13T09:49:56+00:00 error      -        JSONDecodeError: Expecting value: line 1 column 1 (char 0)
2026-09-13T09:51:57+00:00 error      -        JSONDecodeError: Expecting value: line 1 column 1 (char 0)
2026-09-13T09:53:58+00:00 error      -        JSONDecodeError: Expecting value: line 1 column 1 (char 0)
2026-09-13T09:55:58+00:00 error      -        JSONDecodeError: Expecting value: line 1 column 1 (char 0)
2026-09-13T09:57:59+00:00 error      -        JSONDecodeError: Expecting value: line 1 column 1 (char 0)
2026-09-13T10:00:00+00:00 error      -        JSONDecodeError: Expecting value: line 1 column 1 (char 0)
2026-09-13T10:02:01+00:00 error      -        JSONDecodeError: Expecting value: line 1 column 1 (char 0)
2026-09-13T10:04:02+00:00 error      -        JSONDecodeError: Expecting value: line 1 column 1 (char 0)
2026-09-13T10:06:02+00:00 error      -        JSONDecodeError: Expecting value: line 1 column 1 (char 0)
2026-09-13T10:08:03+00:00 error      -        JSONDecodeError: Expecting value: line 1 column 1 (char 0)
2026-09-13T10:10:04+00:00 error      -        JSONDecodeError: Expecting value: line 1 column 1 (char 0)
2026-09-13T10:12:05+00:00 error      -        JSONDecodeError: Expecting value: line 1 column 1 (char 0)
2026-09-13T10:14:05+00:00 error      -        JSONDecodeError: Expecting value: line 1 column 1 (char 0)
2026-09-13T10:16:06+00:00 error      -        JSONDecodeError: Expecting value: line 1 column 1 (char 0)
2026-09-13T10:18:07+00:00 error      -        JSONDecodeError: Expecting value: line 1 column 1 (char 0)
2026-09-13T10:20:07+00:00 error      -        JSONDecodeError: Expecting value: line 1 column 1 (char 0)
2026-09-13T10:22:08+00:00 error      -        JSONDecodeError: Expecting value: line 1 column 1 (char 0)
2026-09-13T10:24:09+00:00 error      -        JSONDecodeError: Expecting value: line 1 column 1 (char 0)
2026-09-13T10:26:09+00:00 error      -        JSONDecodeError: Expecting value: line 1 column 1 (char 0)
2026-09-13T10:28:10+00:00 error      -        JSONDecodeError: Expecting value: line 1 column 1 (char 0)
2026-09-13T10:30:11+00:00 error      -        JSONDecodeError: Expecting value: line 1 column 1 (char 0)
2026-09-13T10:32:12+00:00 error      -        JSONDecodeError: Expecting value: line 1 column 1 (char 0)
2026-09-13T10:34:12+00:00 error      -        JSONDecodeError: Expecting value: line 1 column 1 (char 0)
2026-09-13T10:36:13+00:00 error      -        JSONDecodeError: Expecting value: line 1 column 1 (char 0)
2026-09-13T10:38:14+00:00 error      -        JSONDecodeError: Expecting value: line 1 column 1 (char 0)
2026-09-13T10:40:14+00:00 error      -        JSONDecodeError: Expecting value: line 1 column 1 (char 0)
2026-09-13T10:42:15+00:00 error      -        JSONDecodeError: Expecting value: line 1 column 1 (char 0)
2026-09-13T10:44:16+00:00 error      -        JSONDecodeError: Expecting value: line 1 column 1 (char 0)
2026-09-13T10:46:17+00:00 error      -        JSONDecodeError: Expecting value: line 1 column 1 (char 0)
2026-09-13T10:48:17+00:00 error      -        JSONDecodeError: Expecting value: line 1 column 1 (char 0)
2026-09-13T10:50:18+00:00 error      -        JSONDecodeError: Expecting value: line 1 column 1 (char 0)
2026-09-13T10:52:19+00:00 error      -        JSONDecodeError: Expecting value: line 1 column 1 (char 0)
2026-09-13T10:54:19+00:00 error      -        JSONDecodeError: Expecting value: line 1 column 1 (char 0)
2026-09-13T10:56:20+00:00 error      -        JSONDecodeError: Expecting value: line 1 column 1 (char 0)
2026-09-13T10:58:21+00:00 error      -        JSONDecodeError: Expecting value: line 1 column 1 (char 0)
2026-09-13T11:00:21+00:00 error      -        JSONDecodeError: Expecting value: line 1 column 1 (char 0)
2026-09-13T11:02:22+00:00 error      -        JSONDecodeError: Expecting value: line 1 column 1 (char 0)
2026-09-13T11:04:23+00:00 error      -        JSONDecodeError: Expecting value: line 1 column 1 (char 0)
2026-09-13T11:06:24+00:00 error      -        JSONDecodeError: Expecting value: line 1 column 1 (char 0)
2026-09-13T11:08:24+00:00 error      -        JSONDecodeError: Expecting value: line 1 column 1 (char 0)
2026-09-13T11:10:25+00:00 error      -        JSONDecodeError: Expecting value: line 1 column 1 (char 0)
2026-09-13T11:12:26+00:00 error      -        JSONDecodeError: Expecting value: line 1 column 1 (char 0)
2026-09-13T11:14:26+00:00 error      -        JSONDecodeError: Expecting value: line 1 column 1 (char 0)
2026-09-13T11:16:27+00:00 error      -        JSONDecodeError: Expecting value: line 1 column 1 (char 0)
2026-09-13T11:18:28+00:00 error      -        JSONDecodeError: Expecting value: line 1 column 1 (char 0)
2026-09-13T11:20:29+00:00 error      -        JSONDecodeError: Expecting value: line 1 column 1 (char 0)
2026-09-13T11:22:29+00:00 error      -        JSONDecodeError: Expecting value: line 1 column 1 (char 0)
2026-09-13T11:24:30+00:00 error      -        JSONDecodeError: Expecting value: line 1 column 1 (char 0)
2026-09-13T11:26:31+00:00 error      -        JSONDecodeError: Expecting value: line 1 column 1 (char 0)
2026-09-13T11:28:31+00:00 error      -        JSONDecodeError: Expecting value: line 1 column 1 (char 0)
2026-09-13T11:30:32+00:00 error      -        JSONDecodeError: Expecting value: line 1 column 1 (char 0)
2026-09-13T11:32:33+00:00 error      -        JSONDecodeError: Expecting value: line 1 column 1 (char 0)
2026-09-13T11:34:34+00:00 error      -        JSONDecodeError: Expecting value: line 1 column 1 (char 0)
2026-09-13T11:36:34+00:00 error      -        JSONDecodeError: Expecting value: line 1 column 1 (char 0)
2026-09-13T11:38:35+00:00 error      -        JSONDecodeError: Expecting value: line 1 column 1 (char 0)
2026-09-13T11:40:36+00:00 error      -        JSONDecodeError: Expecting value: line 1 column 1 (char 0)
2026-09-13T11:42:36+00:00 error      -        JSONDecodeError: Expecting value: line 1 column 1 (char 0)
2026-09-13T11:44:37+00:00 error      -        JSONDecodeError: Expecting value: line 1 column 1 (char 0)
2026-09-13T11:46:38+00:00 error      -        JSONDecodeError: Expecting value: line 1 column 1 (char 0)
2026-09-13T11:48:39+00:00 error      -        JSONDecodeError: Expecting value: line 1 column 1 (char 0)
2026-09-13T11:50:39+00:00 error      -        JSONDecodeError: Expecting value: line 1 column 1 (char 0)
2026-09-13T11:52:40+00:00 error      -        JSONDecodeError: Expecting value: line 1 column 1 (char 0)
2026-09-13T11:54:41+00:00 error      -        JSONDecodeError: Expecting value: line 1 column 1 (char 0)
2026-09-13T11:56:41+00:00 error      -        JSONDecodeError: Expecting value: line 1 column 1 (char 0)
2026-09-13T11:58:42+00:00 error      -        JSONDecodeError: Expecting value: line 1 column 1 (char 0)
2026-09-13T12:00:43+00:00 error      -        JSONDecodeError: Expecting value: line 1 column 1 (char 0)
2026-09-13T12:02:43+00:00 error      -        JSONDecodeError: Expecting value: line 1 column 1 (char 0)
2026-09-13T12:04:44+00:00 error      -        JSONDecodeError: Expecting value: line 1 column 1 (char 0)
2026-09-13T12:06:45+00:00 error      -        JSONDecodeError: Expecting value: line 1 column 1 (char 0)
2026-09-13T12:08:46+00:00 error      -        JSONDecodeError: Expecting value: line 1 column 1 (char 0)
2026-09-13T12:10:46+00:00 error      -        JSONDecodeError: Expecting value: line 1 column 1 (char 0)
2026-09-13T12:12:47+00:00 error      -        JSONDecodeError: Expecting value: line 1 column 1 (char 0)
2026-09-13T12:14:48+00:00 error      -        JSONDecodeError: Expecting value: line 1 column 1 (char 0)
2026-09-13T12:16:48+00:00 error      -        JSONDecodeError: Expecting value: line 1 column 1 (char 0)
2026-09-13T12:18:49+00:00 error      -        JSONDecodeError: Expecting value: line 1 column 1 (char 0)
2026-09-13T12:20:50+00:00 error      -        JSONDecodeError: Expecting value: line 1 column 1 (char 0)
2026-09-13T12:22:51+00:00 error      -        JSONDecodeError: Expecting value: line 1 column 1 (char 0)
2026-09-13T12:24:52+00:00 error      -        JSONDecodeError: Expecting value: line 1 column 1 (char 0)
2026-09-13T12:26:52+00:00 error      -        JSONDecodeError: Expecting value: line 1 column 1 (char 0)
2026-09-13T12:28:53+00:00 error      -        JSONDecodeError: Expecting value: line 1 column 1 (char 0)
2026-09-13T12:30:54+00:00 error      -        JSONDecodeError: Expecting value: line 1 column 1 (char 0)
2026-09-13T12:32:55+00:00 error      -        JSONDecodeError: Expecting value: line 1 column 1 (char 0)
2026-09-13T12:34:55+00:00 error      -        JSONDecodeError: Expecting value: line 1 column 1 (char 0)
2026-09-13T12:36:56+00:00 error      -        JSONDecodeError: Expecting value: line 1 column 1 (char 0)
2026-09-13T12:38:57+00:00 error      -        JSONDecodeError: Expecting value: line 1 column 1 (char 0)
2026-09-13T12:40:57+00:00 error      -        JSONDecodeError: Expecting value: line 1 column 1 (char 0)
2026-09-13T12:42:58+00:00 error      -        JSONDecodeError: Expecting value: line 1 column 1 (char 0)
2026-09-13T12:45:02+00:00 error      -        JSONDecodeError: Expecting value: line 1 column 1 (char 0)
2026-09-13T12:47:03+00:00 error      -        JSONDecodeError: Expecting value: line 1 column 1 (char 0)
2026-09-13T12:49:04+00:00 error      -        JSONDecodeError: Expecting value: line 1 column 1 (char 0)
2026-09-13T12:51:04+00:00 error      -        JSONDecodeError: Expecting value: line 1 column 1 (char 0)
2026-09-13T12:53:08+00:00 error      -        JSONDecodeError: Expecting value: line 1 column 1 (char 0)
2026-09-13T12:55:09+00:00 error      -        JSONDecodeError: Expecting value: line 1 column 1 (char 0)
2026-09-13T12:57:10+00:00 error      -        JSONDecodeError: Expecting value: line 1 column 1 (char 0)
2026-09-13T12:59:10+00:00 error      -        JSONDecodeError: Expecting value: line 1 column 1 (char 0)
2026-09-13T13:01:11+00:00 error      -        JSONDecodeError: Expecting value: line 1 column 1 (char 0)
2026-09-13T13:03:12+00:00 error      -        JSONDecodeError: Expecting value: line 1 column 1 (char 0)
2026-09-13T13:05:13+00:00 error      -        JSONDecodeError: Expecting value: line 1 column 1 (char 0)
2026-09-13T13:07:13+00:00 error      -        JSONDecodeError: Expecting value: line 1 column 1 (char 0)
2026-09-13T13:09:14+00:00 error      -        JSONDecodeError: Expecting value: line 1 column 1 (char 0)
2026-09-13T13:11:16+00:00 error      -        JSONDecodeError: Expecting value: line 1 column 1 (char 0)
2026-09-13T13:13:17+00:00 error      -        JSONDecodeError: Expecting value: line 1 column 1 (char 0)
2026-09-13T13:15:18+00:00 error      -        JSONDecodeError: Expecting value: line 1 column 1 (char 0)
2026-09-13T13:17:19+00:00 error      -        JSONDecodeError: Expecting value: line 1 column 1 (char 0)
2026-09-13T13:19:27+00:00 error      -        JSONDecodeError: Expecting value: line 1 column 1 (char 0)
2026-09-13T13:21:28+00:00 error      -        JSONDecodeError: Expecting value: line 1 column 1 (char 0)
2026-09-13T13:25:38+00:00 error      -        JSONDecodeError: Expecting value: line 1 column 1 (char 0)
2026-09-13T13:27:42+00:00 error      -        JSONDecodeError: Expecting value: line 1 column 1 (char 0)
2026-09-13T13:29:42+00:00 error      -        JSONDecodeError: Expecting value: line 1 column 1 (char 0)
2026-09-13T13:31:43+00:00 error      -        JSONDecodeError: Expecting value: line 1 column 1 (char 0)
2026-09-13T13:34:15+00:00 error      -        JSONDecodeError: Expecting value: line 1 column 1 (char 0)
2026-09-13T13:36:23+00:00 error      -        JSONDecodeError: Expecting value: line 1 column 1 (char 0)
2026-09-13T13:38:24+00:00 error      -        JSONDecodeError: Expecting value: line 1 column 1 (char 0)
2026-09-13T13:40:32+00:00 error      -        JSONDecodeError: Expecting value: line 1 column 1 (char 0)
2026-09-13T13:42:34+00:00 error      -        JSONDecodeError: Expecting value: line 1 column 1 (char 0)
2026-09-13T13:44:41+00:00 error      -        JSONDecodeError: Expecting value: line 1 column 1 (char 0)
2026-09-13T13:48:52+00:00 error      -        JSONDecodeError: Expecting value: line 1 column 1 (char 0)
2026-09-13T13:50:54+00:00 error      -        JSONDecodeError: Expecting value: line 1 column 1 (char 0)
2026-09-13T13:52:55+00:00 error      -        JSONDecodeError: Expecting value: line 1 column 1 (char 0)
2026-09-13T13:54:57+00:00 error      -        JSONDecodeError: Expecting value: line 1 column 1 (char 0)
2026-09-13T13:57:01+00:00 error      -        JSONDecodeError: Expecting value: line 1 column 1 (char 0)
2026-09-13T13:59:01+00:00 error      -        JSONDecodeError: Expecting value: line 1 column 1 (char 0)
2026-09-13T14:01:03+00:00 error      -        JSONDecodeError: Expecting value: line 1 column 1 (char 0)
2026-09-13T14:03:05+00:00 error      -        JSONDecodeError: Expecting value: line 1 column 1 (char 0)
2026-09-13T14:05:05+00:00 error      -        JSONDecodeError: Expecting value: line 1 column 1 (char 0)
2026-09-13T14:07:07+00:00 error      -        JSONDecodeError: Expecting value: line 1 column 1 (char 0)
2026-09-13T14:09:11+00:00 error      -        JSONDecodeError: Expecting value: line 1 column 1 (char 0)
2026-09-13T14:11:12+00:00 error      -        JSONDecodeError: Expecting value: line 1 column 1 (char 0)
2026-09-13T14:13:13+00:00 error      -        JSONDecodeError: Expecting value: line 1 column 1 (char 0)
2026-09-13T14:15:14+00:00 error      -        JSONDecodeError: Expecting value: line 1 column 1 (char 0)
2026-09-13T14:17:15+00:00 error      -        JSONDecodeError: Expecting value: line 1 column 1 (char 0)
2026-09-13T14:19:19+00:00 error      -        JSONDecodeError: Expecting value: line 1 column 1 (char 0)
2026-09-13T14:21:19+00:00 error      -        JSONDecodeError: Expecting value: line 1 column 1 (char 0)
2026-09-13T14:23:20+00:00 error      -        JSONDecodeError: Expecting value: line 1 column 1 (char 0)
2026-09-13T14:25:21+00:00 error      -        JSONDecodeError: Expecting value: line 1 column 1 (char 0)
2026-09-13T14:27:37+00:00 error      -        JSONDecodeError: Expecting value: line 1 column 1 (char 0)
2026-09-13T14:30:09+00:00 error      -        JSONDecodeError: Expecting value: line 1 column 1 (char 0)
2026-09-13T14:32:11+00:00 error      -        JSONDecodeError: Expecting value: line 1 column 1 (char 0)
2026-09-13T14:34:13+00:00 error      -        JSONDecodeError: Expecting value: line 1 column 1 (char 0)
2026-09-13T14:36:29+00:00 error      -        JSONDecodeError: Expecting value: line 1 column 1 (char 0)
2026-09-13T14:38:30+00:00 error      -        JSONDecodeError: Expecting value: line 1 column 1 (char 0)
2026-09-13T14:41:03+00:00 error      -        JSONDecodeError: Expecting value: line 1 column 1 (char 0)
2026-09-13T14:43:07+00:00 error      -        JSONDecodeError: Expecting value: line 1 column 1 (char 0)
2026-09-13T14:45:07+00:00 error      -        JSONDecodeError: Expecting value: line 1 column 1 (char 0)
2026-09-13T14:47:15+00:00 error      -        JSONDecodeError: Expecting value: line 1 column 1 (char 0)
2026-09-13T14:49:17+00:00 error      -        JSONDecodeError: Expecting value: line 1 column 1 (char 0)
2026-09-13T14:51:21+00:00 error      -        JSONDecodeError: Expecting value: line 1 column 1 (char 0)
2026-09-13T14:53:22+00:00 error      -        JSONDecodeError: Expecting value: line 1 column 1 (char 0)
2026-09-13T14:55:23+00:00 error      -        JSONDecodeError: Expecting value: line 1 column 1 (char 0)
2026-09-13T14:57:24+00:00 error      -        JSONDecodeError: Expecting value: line 1 column 1 (char 0)
2026-09-13T14:59:25+00:00 error      -        JSONDecodeError: Expecting value: line 1 column 1 (char 0)
2026-09-13T15:01:28+00:00 error      -        JSONDecodeError: Expecting value: line 1 column 1 (char 0)
2026-09-13T15:03:32+00:00 error      -        JSONDecodeError: Expecting value: line 1 column 1 (char 0)
2026-09-13T15:05:33+00:00 error      -        JSONDecodeError: Expecting value: line 1 column 1 (char 0)
2026-09-13T15:07:33+00:00 error      -        JSONDecodeError: Expecting value: line 1 column 1 (char 0)
2026-09-13T15:09:34+00:00 error      -        JSONDecodeError: Expecting value: line 1 column 1 (char 0)
2026-09-13T15:11:35+00:00 error      -        JSONDecodeError: Expecting value: line 1 column 1 (char 0)
2026-09-13T15:13:36+00:00 error      -        JSONDecodeError: Expecting value: line 1 column 1 (char 0)
2026-09-13T15:15:37+00:00 error      -        JSONDecodeError: Expecting value: line 1 column 1 (char 0)
2026-09-13T15:17:37+00:00 error      -        JSONDecodeError: Expecting value: line 1 column 1 (char 0)
2026-09-13T15:19:38+00:00 error      -        JSONDecodeError: Expecting value: line 1 column 1 (char 0)
2026-09-13T15:21:39+00:00 error      -        JSONDecodeError: Expecting value: line 1 column 1 (char 0)
2026-09-13T15:23:39+00:00 error      -        JSONDecodeError: Expecting value: line 1 column 1 (char 0)
2026-09-13T15:25:40+00:00 error      -        JSONDecodeError: Expecting value: line 1 column 1 (char 0)
2026-09-13T15:27:41+00:00 error      -        JSONDecodeError: Expecting value: line 1 column 1 (char 0)
2026-09-13T15:29:42+00:00 error      -        JSONDecodeError: Expecting value: line 1 column 1 (char 0)
2026-09-13T15:31:42+00:00 error      -        JSONDecodeError: Expecting value: line 1 column 1 (char 0)
2026-09-13T15:33:43+00:00 error      -        JSONDecodeError: Expecting value: line 1 column 1 (char 0)
2026-09-13T15:35:44+00:00 error      -        JSONDecodeError: Expecting value: line 1 column 1 (char 0)
2026-09-13T15:37:45+00:00 error      -        JSONDecodeError: Expecting value: line 1 column 1 (char 0)
2026-09-13T15:39:45+00:00 orphan     STL-22   review c1 watcher dead → rework
2026-09-13T15:39:51+00:00 orphan     STL-27   implement c2 watcher dead → partial
2026-09-13T15:39:51+00:00 orphan     STL-31   review c1 watcher dead → rework
2026-09-13T15:40:01+00:00 sweep      -        archived concluded lane 5e652255 (forge implement STL-27 c2)
2026-09-13T15:40:07+00:00 sweep      -        archived concluded lane ba827b03 (forge implement STL-22 c2)
2026-09-13T15:40:16+00:00 start      STL-22   implement
2026-09-13T15:41:35+00:00 boot       -        repo=/home/rpw/repos/stellarc-dev tick=120s parallel=4
2026-09-13T15:41:49+00:00 start      STL-27   implement
2026-09-13T18:49:07+00:00 boot       -        repo=/home/rpw/repos/stellarc-dev tick=120s parallel=4
2026-09-13T18:49:08+00:00 error      -        JSONDecodeError: Expecting value: line 1 column 1 (char 0)
2026-09-13T18:51:09+00:00 error      -        JSONDecodeError: Expecting value: line 1 column 1 (char 0)
2026-09-13T18:52:22+00:00 boot       -        repo=/home/rpw/repos/stellarc-dev tick=120s parallel=4
2026-09-13T18:52:36+00:00 sweep      -        archived concluded lane fbf18f7b (forge implement STL-22 c2)
2026-09-13T18:52:45+00:00 start      STL-22   implement
2026-09-13T19:03:30+00:00 ok         STL-22   implement: dispatched 4c79278f-a4a4-4a09-ad28-d617a57e9ca5 on forge/stl-22-c1 (hermes:accept_edits/ocg/glm-5.3); waiting up to 10800s… | STL-22 implement c3 → https://github.com/NevrLabs/stellarc/pull/32
2026-09-13T19:03:31+00:00 start      STL-31   implement
2026-09-13T20:41:47+00:00 ok         STL-31   implement: dispatched 153d0f81-9547-4594-a288-ac3c1a4e5179 on forge/stl-31-c2 (hermes:accept_edits/glm/glm-5.3-flash); waiting up to 10800s… | STL-31 implement c2 → https://github.com/NevrLabs/stellarc/pull/35
2026-09-13T20:43:54+00:00 orphan     STL-22   implement c3 watcher dead → partial
2026-09-13T20:44:03+00:00 orphan     STL-31   implement c2 watcher dead → partial
2026-09-13T20:44:17+00:00 sweep      STL-27   stopped overdue lane e781f5bf after 18127s
2026-09-13T20:44:21+00:00 sweep      -        archived concluded lane 153d0f81 (forge implement STL-31 c2)
2026-09-13T20:44:26+00:00 sweep      -        archived concluded lane 4c79278f (forge implement STL-22 c3 (cont.))
2026-09-13T20:44:34+00:00 start      STL-22   review
2026-09-13T20:58:51+00:00 ok         STL-22   review: dispatched a2570b3e-2d46-4290-859f-184c37a04e7a; waiting… | STL-22 review c3 → REWORK
2026-09-13T20:58:54+00:00 start      STL-27   implement
2026-09-13T22:35:50+00:00 ok         STL-27   implement: dispatched 77216eb9-ebf2-4aac-9ea0-cfb718096800 on forge/stl-27-c4 (hermes:accept_edits/glm/glm-5.3); waiting up to 10800s… | STL-27 implement c4 → https://github.com/NevrLabs/stellarc/pull/36
2026-09-13T22:35:51+00:00 start      STL-31   review
2026-09-13T22:54:43+00:00 ok         STL-31   review: dispatched e9793ec5-8ce4-4726-b52c-51aa081e533d; waiting… | STL-31 review c2 → REWORK
2026-09-13T22:56:46+00:00 orphan     STL-22   review c3 watcher dead → rework
2026-09-13T22:56:51+00:00 orphan     STL-27   implement c4 watcher dead → partial
2026-09-13T22:56:51+00:00 orphan     STL-31   review c2 watcher dead → pass
2026-09-13T22:57:00+00:00 sweep      -        archived concluded lane e9793ec5 (forge review STL-31 c2)
2026-09-13T22:57:05+00:00 sweep      -        archived concluded lane 77216eb9 (forge implement STL-27 c4)
2026-09-13T22:57:09+00:00 sweep      -        archived concluded lane a2570b3e (forge review STL-22 c3)
2026-09-13T22:57:18+00:00 start      STL-22   implement
2026-09-13T22:57:18+00:00 fail       STL-22   implement rc=1: forge: STL-22 hit 3 rework cycles — escalate to a human
2026-09-13T22:57:19+00:00 start      STL-27   review
2026-09-13T23:03:37+00:00 ok         STL-27   review: dispatched c01591f8-a8fb-43ad-acfe-15866566ba00; waiting… | STL-27 review c4 → REWORK
2026-09-13T23:03:39+00:00 start      STL-31   implement
2026-09-13T23:22:23+00:00 fail       STL-31   implement rc=1: Polling the background full-integration run: | [Thought] The full integration suite run went to background (session proc_bfc5946fd93d). The foundation.test.ts tweak was applied (git show > file). I need to poll the background process for the result of the full integration config run. | Let me poll it.
2026-09-13T23:24:25+00:00 orphan     STL-27   review c4 watcher dead → rework
2026-09-13T23:24:31+00:00 orphan     STL-31   implement c3 watcher dead → partial
2026-09-13T23:24:42+00:00 sweep      -        archived concluded lane 666ee005 (forge implement STL-31 c3)
2026-09-13T23:24:46+00:00 sweep      -        archived concluded lane c01591f8 (forge review STL-27 c4)
2026-09-13T23:24:55+00:00 start      STL-22   implement
2026-09-13T23:24:55+00:00 fail       STL-22   implement rc=1: forge: STL-22 hit 3 rework cycles — escalate to a human
2026-09-13T23:24:56+00:00 start      STL-27   implement
2026-09-13T23:24:56+00:00 fail       STL-27   implement rc=1: forge: STL-27 hit 3 rework cycles — escalate to a human
2026-09-13T23:24:57+00:00 start      STL-31   implement
2026-09-14T01:25:54+00:00 ok         STL-31   implement: dispatched 3f95a34f-2f0c-449b-a8df-6548c16e593e on forge/stl-31-c4 (hermes:accept_edits/glm/glm-5.3); waiting up to 10800s… | STL-31 implement c4 → https://github.com/NevrLabs/stellarc/pull/37
2026-09-14T01:28:01+00:00 orphan     STL-31   implement c4 watcher dead → partial
2026-09-14T01:28:09+00:00 sweep      -        archived concluded lane 3f95a34f (forge implement STL-31 c4)
2026-09-14T01:28:19+00:00 start      STL-22   implement
2026-09-14T01:28:19+00:00 fail       STL-22   implement rc=1: forge: STL-22 hit 3 rework cycles — escalate to a human
2026-09-14T01:28:20+00:00 start      STL-27   implement
2026-09-14T01:28:20+00:00 fail       STL-27   implement rc=1: forge: STL-27 hit 3 rework cycles — escalate to a human
2026-09-14T01:28:21+00:00 start      STL-31   review
2026-09-14T01:54:56+00:00 ok         STL-31   review: dispatched 2d097ae9-91c4-4e7b-a94a-881d7d950eea; waiting… | STL-31 review c4 → REWORK
2026-09-14T01:56:59+00:00 orphan     STL-31   review c4 watcher dead → pass
2026-09-14T01:57:09+00:00 sweep      -        archived concluded lane 2d097ae9 (forge review STL-31 c4)
2026-09-14T01:57:18+00:00 start      STL-22   implement
2026-09-14T01:57:18+00:00 fail       STL-22   implement rc=1: forge: STL-22 hit 3 rework cycles — escalate to a human
2026-09-14T01:57:19+00:00 start      STL-27   implement
2026-09-14T01:57:19+00:00 fail       STL-27   implement rc=1: forge: STL-27 hit 3 rework cycles — escalate to a human
2026-09-14T01:57:20+00:00 start      STL-31   implement
2026-09-14T01:57:20+00:00 fail       STL-31   implement rc=1: forge: STL-31 hit 3 rework cycles — escalate to a human
2026-09-14T01:59:36+00:00 start      STL-22   implement
2026-09-14T01:59:36+00:00 fail       STL-22   implement rc=1: forge: STL-22 hit 3 rework cycles — escalate to a human
2026-09-14T01:59:38+00:00 start      STL-27   implement
2026-09-14T01:59:38+00:00 fail       STL-27   implement rc=1: forge: STL-27 hit 3 rework cycles — escalate to a human
2026-09-14T01:59:39+00:00 start      STL-31   implement
2026-09-14T01:59:39+00:00 fail       STL-31   implement rc=1: forge: STL-31 hit 3 rework cycles — escalate to a human
2026-09-14T02:01:54+00:00 start      STL-22   implement
2026-09-14T02:01:54+00:00 fail       STL-22   implement rc=1: forge: STL-22 hit 3 rework cycles — escalate to a human
2026-09-14T02:01:55+00:00 start      STL-27   implement
2026-09-14T02:01:55+00:00 fail       STL-27   implement rc=1: forge: STL-27 hit 3 rework cycles — escalate to a human
2026-09-14T02:01:56+00:00 start      STL-31   implement
2026-09-14T02:01:56+00:00 fail       STL-31   implement rc=1: forge: STL-31 hit 3 rework cycles — escalate to a human
2026-09-14T02:04:07+00:00 sweep      -        archived concluded lane e781f5bf (forge implement STL-27 c3 (cont.))
2026-09-14T02:04:16+00:00 start      STL-22   implement
2026-09-14T02:04:16+00:00 fail       STL-22   implement rc=1: forge: STL-22 hit 3 rework cycles — escalate to a human
2026-09-14T02:04:17+00:00 start      STL-27   implement
2026-09-14T02:04:17+00:00 fail       STL-27   implement rc=1: forge: STL-27 hit 3 rework cycles — escalate to a human
2026-09-14T02:04:18+00:00 start      STL-31   implement
2026-09-14T02:04:18+00:00 fail       STL-31   implement rc=1: forge: STL-31 hit 3 rework cycles — escalate to a human
2026-09-14T02:06:33+00:00 start      STL-22   implement
2026-09-14T02:06:33+00:00 fail       STL-22   implement rc=1: forge: STL-22 hit 3 rework cycles — escalate to a human
2026-09-14T02:06:34+00:00 start      STL-27   implement
2026-09-14T02:06:34+00:00 fail       STL-27   implement rc=1: forge: STL-27 hit 3 rework cycles — escalate to a human
2026-09-14T02:06:35+00:00 start      STL-31   implement
2026-09-14T02:06:35+00:00 fail       STL-31   implement rc=1: forge: STL-31 hit 3 rework cycles — escalate to a human
2026-09-14T02:08:53+00:00 start      STL-22   implement
2026-09-14T02:08:53+00:00 fail       STL-22   implement rc=1: forge: STL-22 hit 3 rework cycles — escalate to a human
2026-09-14T02:08:54+00:00 start      STL-27   implement
2026-09-14T02:08:54+00:00 fail       STL-27   implement rc=1: forge: STL-27 hit 3 rework cycles — escalate to a human
2026-09-14T02:08:55+00:00 start      STL-31   implement
2026-09-14T02:08:55+00:00 fail       STL-31   implement rc=1: forge: STL-31 hit 3 rework cycles — escalate to a human
2026-09-14T02:11:11+00:00 start      STL-22   implement
2026-09-14T02:11:11+00:00 fail       STL-22   implement rc=1: forge: STL-22 hit 3 rework cycles — escalate to a human
2026-09-14T02:11:12+00:00 start      STL-27   implement
2026-09-14T02:11:12+00:00 fail       STL-27   implement rc=1: forge: STL-27 hit 3 rework cycles — escalate to a human
2026-09-14T02:11:13+00:00 start      STL-31   implement
2026-09-14T02:11:13+00:00 fail       STL-31   implement rc=1: forge: STL-31 hit 3 rework cycles — escalate to a human
2026-09-14T02:13:28+00:00 start      STL-22   implement
2026-09-14T02:13:28+00:00 fail       STL-22   implement rc=1: forge: STL-22 hit 3 rework cycles — escalate to a human
2026-09-14T02:13:29+00:00 start      STL-27   implement
2026-09-14T02:13:29+00:00 fail       STL-27   implement rc=1: forge: STL-27 hit 3 rework cycles — escalate to a human
2026-09-14T02:13:30+00:00 start      STL-31   implement
2026-09-14T02:13:30+00:00 fail       STL-31   implement rc=1: forge: STL-31 hit 3 rework cycles — escalate to a human
2026-09-14T02:15:44+00:00 start      STL-22   implement
2026-09-14T02:15:45+00:00 fail       STL-22   implement rc=1: forge: STL-22 hit 3 rework cycles — escalate to a human
2026-09-14T02:15:46+00:00 start      STL-27   implement
2026-09-14T02:15:46+00:00 fail       STL-27   implement rc=1: forge: STL-27 hit 3 rework cycles — escalate to a human
2026-09-14T02:15:47+00:00 start      STL-31   implement
2026-09-14T02:15:47+00:00 fail       STL-31   implement rc=1: forge: STL-31 hit 3 rework cycles — escalate to a human
2026-09-14T02:18:02+00:00 start      STL-22   implement
2026-09-14T02:18:02+00:00 fail       STL-22   implement rc=1: forge: STL-22 hit 3 rework cycles — escalate to a human
2026-09-14T02:18:03+00:00 start      STL-27   implement
2026-09-14T02:18:03+00:00 fail       STL-27   implement rc=1: forge: STL-27 hit 3 rework cycles — escalate to a human
2026-09-14T02:18:04+00:00 start      STL-31   implement
2026-09-14T02:18:04+00:00 fail       STL-31   implement rc=1: forge: STL-31 hit 3 rework cycles — escalate to a human
2026-09-14T02:20:20+00:00 start      STL-22   implement
2026-09-14T02:20:21+00:00 fail       STL-22   implement rc=1: forge: STL-22 hit 3 rework cycles — escalate to a human
2026-09-14T02:20:22+00:00 start      STL-27   implement
2026-09-14T02:20:22+00:00 fail       STL-27   implement rc=1: forge: STL-27 hit 3 rework cycles — escalate to a human
2026-09-14T02:20:23+00:00 start      STL-31   implement
2026-09-14T02:20:23+00:00 fail       STL-31   implement rc=1: forge: STL-31 hit 3 rework cycles — escalate to a human
2026-09-14T02:22:38+00:00 start      STL-22   implement
2026-09-14T02:22:38+00:00 fail       STL-22   implement rc=1: forge: STL-22 hit 3 rework cycles — escalate to a human
2026-09-14T02:22:39+00:00 start      STL-27   implement
2026-09-14T02:22:39+00:00 fail       STL-27   implement rc=1: forge: STL-27 hit 3 rework cycles — escalate to a human
2026-09-14T02:22:40+00:00 start      STL-31   implement
2026-09-14T02:22:41+00:00 fail       STL-31   implement rc=1: forge: STL-31 hit 3 rework cycles — escalate to a human
2026-09-14T02:24:55+00:00 start      STL-22   implement
2026-09-14T02:24:55+00:00 fail       STL-22   implement rc=1: forge: STL-22 hit 3 rework cycles — escalate to a human
2026-09-14T02:24:56+00:00 start      STL-27   implement
2026-09-14T02:24:56+00:00 fail       STL-27   implement rc=1: forge: STL-27 hit 3 rework cycles — escalate to a human
2026-09-14T02:24:57+00:00 start      STL-31   implement
2026-09-14T02:24:57+00:00 fail       STL-31   implement rc=1: forge: STL-31 hit 3 rework cycles — escalate to a human
2026-09-14T02:27:12+00:00 start      STL-22   implement
2026-09-14T02:27:12+00:00 fail       STL-22   implement rc=1: forge: STL-22 hit 3 rework cycles — escalate to a human
2026-09-14T02:27:13+00:00 start      STL-27   implement
2026-09-14T02:27:13+00:00 fail       STL-27   implement rc=1: forge: STL-27 hit 3 rework cycles — escalate to a human
2026-09-14T02:27:14+00:00 start      STL-31   implement
2026-09-14T02:27:14+00:00 fail       STL-31   implement rc=1: forge: STL-31 hit 3 rework cycles — escalate to a human
2026-09-14T02:29:29+00:00 start      STL-22   implement
2026-09-14T02:29:29+00:00 fail       STL-22   implement rc=1: forge: STL-22 hit 3 rework cycles — escalate to a human
2026-09-14T02:29:30+00:00 start      STL-27   implement
2026-09-14T02:29:30+00:00 fail       STL-27   implement rc=1: forge: STL-27 hit 3 rework cycles — escalate to a human
2026-09-14T02:29:31+00:00 start      STL-31   implement
2026-09-14T02:29:32+00:00 fail       STL-31   implement rc=1: forge: STL-31 hit 3 rework cycles — escalate to a human
2026-09-14T02:31:47+00:00 start      STL-22   implement
2026-09-14T02:31:47+00:00 fail       STL-22   implement rc=1: forge: STL-22 hit 3 rework cycles — escalate to a human
2026-09-14T02:31:48+00:00 start      STL-27   implement
2026-09-14T02:31:48+00:00 fail       STL-27   implement rc=1: forge: STL-27 hit 3 rework cycles — escalate to a human
2026-09-14T02:31:49+00:00 start      STL-31   implement
2026-09-14T02:31:49+00:00 fail       STL-31   implement rc=1: forge: STL-31 hit 3 rework cycles — escalate to a human
2026-09-14T02:34:04+00:00 start      STL-22   implement
2026-09-14T02:34:04+00:00 fail       STL-22   implement rc=1: forge: STL-22 hit 3 rework cycles — escalate to a human
2026-09-14T02:34:05+00:00 start      STL-27   implement
2026-09-14T02:34:05+00:00 fail       STL-27   implement rc=1: forge: STL-27 hit 3 rework cycles — escalate to a human
2026-09-14T02:34:07+00:00 start      STL-31   implement
2026-09-14T02:34:07+00:00 fail       STL-31   implement rc=1: forge: STL-31 hit 3 rework cycles — escalate to a human
2026-09-14T02:36:23+00:00 start      STL-22   implement
2026-09-14T02:36:23+00:00 fail       STL-22   implement rc=1: forge: STL-22 hit 3 rework cycles — escalate to a human
2026-09-14T02:36:24+00:00 start      STL-27   implement
2026-09-14T02:36:24+00:00 fail       STL-27   implement rc=1: forge: STL-27 hit 3 rework cycles — escalate to a human
2026-09-14T02:36:25+00:00 start      STL-31   implement
2026-09-14T02:36:25+00:00 fail       STL-31   implement rc=1: forge: STL-31 hit 3 rework cycles — escalate to a human
2026-09-14T02:38:40+00:00 start      STL-22   implement
2026-09-14T02:38:40+00:00 fail       STL-22   implement rc=1: forge: STL-22 hit 3 rework cycles — escalate to a human
2026-09-14T02:38:41+00:00 start      STL-27   implement
2026-09-14T02:38:41+00:00 fail       STL-27   implement rc=1: forge: STL-27 hit 3 rework cycles — escalate to a human
2026-09-14T02:38:42+00:00 start      STL-31   implement
2026-09-14T02:38:42+00:00 fail       STL-31   implement rc=1: forge: STL-31 hit 3 rework cycles — escalate to a human
2026-09-14T02:40:57+00:00 start      STL-22   implement
2026-09-14T02:40:57+00:00 fail       STL-22   implement rc=1: forge: STL-22 hit 3 rework cycles — escalate to a human
2026-09-14T02:40:58+00:00 start      STL-27   implement
2026-09-14T02:40:58+00:00 fail       STL-27   implement rc=1: forge: STL-27 hit 3 rework cycles — escalate to a human
2026-09-14T02:40:59+00:00 start      STL-31   implement
2026-09-14T02:40:59+00:00 fail       STL-31   implement rc=1: forge: STL-31 hit 3 rework cycles — escalate to a human
2026-09-14T02:43:15+00:00 start      STL-22   implement
2026-09-14T02:43:15+00:00 fail       STL-22   implement rc=1: forge: STL-22 hit 3 rework cycles — escalate to a human
2026-09-14T02:43:16+00:00 start      STL-27   implement
2026-09-14T02:43:16+00:00 fail       STL-27   implement rc=1: forge: STL-27 hit 3 rework cycles — escalate to a human
2026-09-14T02:43:17+00:00 start      STL-31   implement
2026-09-14T02:43:17+00:00 fail       STL-31   implement rc=1: forge: STL-31 hit 3 rework cycles — escalate to a human
2026-09-14T02:45:31+00:00 start      STL-22   implement
2026-09-14T02:45:31+00:00 fail       STL-22   implement rc=1: forge: STL-22 hit 3 rework cycles — escalate to a human
2026-09-14T02:45:32+00:00 start      STL-27   implement
2026-09-14T02:45:32+00:00 fail       STL-27   implement rc=1: forge: STL-27 hit 3 rework cycles — escalate to a human
2026-09-14T02:45:33+00:00 start      STL-31   implement
2026-09-14T02:45:33+00:00 fail       STL-31   implement rc=1: forge: STL-31 hit 3 rework cycles — escalate to a human
2026-09-14T02:47:49+00:00 start      STL-22   implement
2026-09-14T02:47:50+00:00 fail       STL-22   implement rc=1: forge: STL-22 hit 3 rework cycles — escalate to a human
2026-09-14T02:47:50+00:00 start      STL-27   implement
2026-09-14T02:47:51+00:00 fail       STL-27   implement rc=1: forge: STL-27 hit 3 rework cycles — escalate to a human
2026-09-14T02:47:52+00:00 start      STL-31   implement
2026-09-14T02:47:52+00:00 fail       STL-31   implement rc=1: forge: STL-31 hit 3 rework cycles — escalate to a human
2026-09-14T02:50:07+00:00 start      STL-22   implement
2026-09-14T02:50:07+00:00 fail       STL-22   implement rc=1: forge: STL-22 hit 3 rework cycles — escalate to a human
2026-09-14T02:50:08+00:00 start      STL-27   implement
2026-09-14T02:50:08+00:00 fail       STL-27   implement rc=1: forge: STL-27 hit 3 rework cycles — escalate to a human
2026-09-14T02:50:09+00:00 start      STL-31   implement
2026-09-14T02:50:09+00:00 fail       STL-31   implement rc=1: forge: STL-31 hit 3 rework cycles — escalate to a human
2026-09-14T02:51:27+00:00 boot       -        repo=/home/rpw/repos/stellarc-dev tick=120s parallel=4
2026-09-14T02:51:41+00:00 start      STL-22   implement
2026-09-14T02:56:51+00:00 boot       -        repo=/home/rpw/repos/stellarc-dev tick=120s parallel=4
2026-09-14T02:57:10+00:00 start      STL-27   implement
2026-09-14T03:02:13+00:00 start      STL-31   merge
2026-09-14T03:57:24+00:00 ok         STL-27   implement: dispatched 7ab537e4-afc5-4417-ab02-812cc4482b9c on forge/stl-27-c5 (hermes:accept_edits/glm/glm-5.3-flash); waiting up to 10800s… | STL-27 implement c5 → https://github.com/NevrLabs/stellarc/pull/38 | forge: implement STL-27: skipping hermes:accept_edits/ocg/deepseek-v4-pro — preflight failed: HTTP 503: {"error":{"message":"[opencode-go/deepseek-v4-pro] [429]: {\"type\":\"error\",\"error\":{\"type\":\"GoUsageLimitError\",\"message\":\"5-hour usage limit reached
2026-09-14T03:57:25+00:00 start      STL-31   merge
2026-09-14T04:07:57+00:00 ok         STL-31   merge: STL-31 MERGED → 5779c556
2026-09-14T04:10:05+00:00 orphan     STL-22   implement c4 watcher dead → partial
2026-09-14T04:10:10+00:00 orphan     STL-27   implement c5 watcher dead → partial
2026-09-14T04:10:10+00:00 orphan     STL-31   merge-gate c watcher dead → fail
2026-09-14T04:10:10+00:00 orphan     STL-31   merge-gate c watcher dead → fail
2026-09-14T04:10:20+00:00 sweep      -        archived concluded lane 7ab537e4 (forge implement STL-27 c5)
2026-09-14T04:10:24+00:00 sweep      -        archived concluded lane 12f21593 (forge implement STL-22 c4)
2026-09-14T04:10:33+00:00 start      STL-15   implement
2026-09-14T06:10:23+00:00 ok         STL-15   implement: dispatched 1ffc5d9a-4ddf-49de-bf93-358c6241663f on forge/stl-15-c1 (hermes:accept_edits/glm/glm-5.3-flash); waiting up to 10800s… | STL-15 implement c1 → https://github.com/NevrLabs/stellarc/pull/39 | forge: implement STL-15: skipping hermes:accept_edits/ocg/deepseek-v4-pro — preflight failed: HTTP 503: {"error":{"message":"[opencode-go/deepseek-v4-pro] [429]: {\"type\":\"error\",\"error\":{\"type\":\"GoUsageLimitError\",\"message\":\"5-hour usage limit reached
2026-09-14T06:10:25+00:00 start      STL-16   implement
2026-09-14T06:12:07+00:00 fail       STL-16   implement rc=1:     "message": "Failed to create agent: Timeout waiting for message (60000ms)" |   } | }
2026-09-14T06:12:08+00:00 start      STL-17   implement
2026-09-14T08:34:12+00:00 fail       STL-17   implement rc=1: 4/4 CRUD tests green. Committing, then preferences + workflow-rule services with T18–T21 tests. | [Shell] terminal: cd /mnt/deepvault/forge-worktrees/stl-17-c1 && bunx biome check --write packa... | [Shell] terminal: cd /mnt/deepvault/forge-worktrees/stl-17-c1 && python3 - <<'EOF' from pathlib...
2026-09-14T08:34:13+00:00 start      STL-18   implement
2026-09-14T08:46:43+00:00 fail       STL-18   implement rc=1: dispatched f014132c-bb18-4e2e-92c2-26db4ca57fd4 on forge/stl-18-c1 (hermes:accept_edits/ocg/deepseek-v4-pro); waiting up to 10800s… | forge: implementer f014132c-bb18-4e2e-92c2-26db4ca57fd4 reported a spec gap — amend .forge/STL-18.spec.md then re-run `forge implement 18`
2026-09-14T08:46:44+00:00 throttle   STL-21   implement deferred; 4 heavy in flight
2026-09-14T08:46:44+00:00 throttle   STL-22   implement deferred; 4 heavy in flight
2026-09-14T08:46:44+00:00 throttle   STL-27   review deferred; 4 heavy in flight
2026-09-14T08:48:51+00:00 orphan     STL-15   implement c1 watcher dead → partial
2026-09-14T08:48:52+00:00 orphan     STL-16   implement c1 watcher dead → partial
2026-09-14T08:48:58+00:00 orphan     STL-17   implement c1 watcher dead → partial
2026-09-14T08:49:04+00:00 orphan     STL-18   implement c1 watcher dead → partial
2026-09-14T08:49:15+00:00 sweep      -        archived concluded lane f014132c (forge implement STL-18 c1)
2026-09-14T08:49:21+00:00 sweep      -        archived concluded lane 84690ced (forge implement STL-17 c1)
2026-09-14T08:49:27+00:00 sweep      -        archived concluded lane 1ffc5d9a (forge implement STL-15 c1)
2026-09-14T08:49:37+00:00 start      STL-15   review
2026-09-14T09:14:33+00:00 ok         STL-15   review: dispatched dc16c96a-5fa1-4150-8ae6-15d3877506a1; waiting… | STL-15 review c1 → REWORK
2026-09-14T09:14:35+00:00 start      STL-16   implement
2026-09-14T10:40:06+00:00 fail       STL-16   implement rc=1: [Shell] terminal: cd /mnt/deepvault/forge-worktrees/stl-16-c2 && grep -n "pluginId\|plugin_type... | [Thought] Event payload schemas exist. Now find the append helper the services use (how do they write to `event`?) — grep in work.ts for INSERT INTO event: | [Shell] terminal: cd /mnt/deepvault/forge-worktrees/stl-16-c2 && grep -n "INSERT INTO event" pa...
2026-09-14T10:40:07+00:00 start      STL-17   implement
2026-09-14T11:07:47+00:00 fail       STL-17   implement rc=1: The createComment wrapper is also async — but wait, the existing tests call `fx.run(createComment(...))`? No — the existing activity-notifications tests import createComment directly from the domain and call `fx.run(createComment(sql, {...}))`. The fixture never exposed createComment before; my new wrappers are async → Promise. | Fix: make the fixture wrappers non-async (return the Effect directly). | [Shell] terminal: cd /mnt/deepvault/forge-worktrees/stl-17-c2 && python3 - <<'EOF' p = "tests/h...
2026-09-14T11:07:47+00:00 escalate   STL-17   implement — human needed; delete .forge/STL-17.escalation to resume
2026-09-14T11:07:50+00:00 start      STL-18   implement
2026-09-14T12:51:46+00:00 fail       STL-18   implement rc=1: Actually wait — brief §5 file manifest says apps/stellarc-api/src/repository-http.ts CREATE ✓; MODIFY apps/stellarc-api/src/main.ts ✓ errors.ts ✓ http.ts (principalHeaders export? not needed) — keep edits minimal. | Let me write errors.ts patch + repository-http.ts + main.ts wiring + test. GO. | [Shell] terminal: cd /mnt/deepvault/forge-worktrees/stl-18-c1 && python3 - <<'EOF' p='apps/stel...
2026-09-14T12:51:48+00:00 throttle   STL-21   implement deferred; 4 heavy in flight
2026-09-14T12:51:48+00:00 throttle   STL-22   implement deferred; 4 heavy in flight
2026-09-14T12:51:48+00:00 throttle   STL-27   review deferred; 4 heavy in flight
2026-09-14T12:54:04+00:00 orphan     STL-15   review c1 watcher dead → rework
2026-09-14T12:54:09+00:00 orphan     STL-16   implement c2 watcher dead → partial
2026-09-14T12:54:14+00:00 orphan     STL-17   implement c2 watcher dead → partial
2026-09-14T12:55:23+00:00 orphan     STL-18   implement c1 watcher dead → partial
2026-09-14T12:55:31+00:00 sweep      -        archived concluded lane 751d76a8 (forge implement STL-18 c1)
2026-09-14T12:55:36+00:00 sweep      -        archived concluded lane a4c56718 (forge implement STL-17 c2)
2026-09-14T12:55:40+00:00 sweep      -        archived concluded lane 324a6b95 (forge implement STL-16 c2)
2026-09-14T12:55:45+00:00 sweep      -        archived concluded lane dc16c96a (forge review STL-15 c1)
2026-09-14T12:55:49+00:00 sweep      -        archived concluded lane affb3d2c (forge implement STL-16 c1)
2026-09-14T12:56:18+00:00 start      STL-15   implement
2026-09-14T14:02:35+00:00 fail       STL-15   implement rc=1: [Edit] /mnt/deepvault/forge-worktrees/stl-15-c2/tests/unit/identity-import-preflight.test.ts | [Shell] terminal: cd /mnt/deepvault/forge-worktrees/stl-15-c2 && python3 - <<'PYEOF' content = ... | [Shell] terminal: cd /mnt/deepvault/forge-worktrees/stl-15-c2 && export PATH="$HOME/.bun/bin:$P...
2026-09-14T14:02:39+00:00 start      STL-16   implement
2026-09-14T14:14:08+00:00 fail       STL-16   implement rc=1: dispatched 3f2dfa40-f5d4-4220-b364-bd3b434e2398 on forge/stl-16-c3 (hermes:accept_edits/ocg/glm-5.3); waiting up to 10800s… | forge: command failed (1): gh pr list --head forge/stl-16-c3 --json number,url,isDraft,state -R NevrLabs/stellarc | Post "https://api.github.com/graphql": dial tcp 20.205.243.168:443: i/o timeout
2026-09-14T14:14:10+00:00 start      STL-18   implement
2026-09-14T14:42:06+00:00 fail       STL-18   implement rc=1: [Thought] Line 129 = the probe decode with excess keys + onExcessProperty:error still doesn't throw. Why? `decodeEvent("foundation:probe-upserted", 1, payload, options)` → my branch: `if (REPOSITORY_TYPES.has(...))` false → `if pluginType === "foundation:probe-upserted" → this.decode(pluginType, version, payload)` — I FORGOT to forward `options` in decodeEvent's probe branches! Passing options → decode called without them. Fix: forward options in both probe branches. | [Shell] terminal: cd /mnt/deepvault/forge-worktrees/stl-18-c2 && python3 - <<'PYEOF' path = 'pa... | [Shell] terminal: cd /mnt/deepvault/forge-worktrees/stl-18-c2 && export PATH="$HOME/.bun/bin:$P...
2026-09-14T14:42:06+00:00 escalate   STL-18   implement — human needed; delete .forge/STL-18.escalation to resume
2026-09-14T14:42:09+00:00 start      STL-21   implement
2026-09-14T17:27:20+00:00 ok         STL-21   implement: forge: implement STL-21: skipping hermes:accept_edits/ocg/deepseek-v4-pro — preflight failed: HTTP 503: {"error":{"message":"[opencode-go/deepseek-v4-pro] [429]: {\"type\":\"error\",\"error\":{\"type\":\"GoUsageLimitError\",\"message\":\"Weekly usage limit reached | forge: implement STL-21: skipping hermes:accept_edits/glm/glm-5.3-flash — preflight failed: HTTP 503: {"error":{"message":"[glm/glm-5.3-flash] [429]: {\"error\":{\"code\":\"1302\",\"message\":\"Rate limit reached for requests\"}} (reset after 4s)"}} | forge: implement STL-21: skipping hermes:accept_edits/ocg/glm-5.3 — preflight failed: HTTP 503: {"error":{"message":"[opencode-go/glm-5.3] [429]: {\"type\":\"error\",\"error\":{\"type\":\"GoUsageLimitError\",\"message\":\"Weekly usage limit reached. Resets
2026-09-14T17:27:21+00:00 throttle   STL-22   implement deferred; 4 heavy in flight
2026-09-14T17:27:21+00:00 throttle   STL-27   review deferred; 4 heavy in flight
2026-09-14T17:29:27+00:00 orphan     STL-15   implement c2 watcher dead → partial
2026-09-14T17:29:32+00:00 orphan     STL-16   implement c3 watcher dead → partial
2026-09-14T17:29:36+00:00 orphan     STL-18   implement c2 watcher dead → partial
2026-09-14T17:29:42+00:00 orphan     STL-21   implement c1 watcher dead → partial
2026-09-14T17:29:50+00:00 sweep      -        archived concluded lane 04240053 (forge implement STL-21 c1)
2026-09-14T17:29:55+00:00 sweep      -        archived concluded lane df36b4fc (forge implement STL-18 c2)
2026-09-14T17:29:59+00:00 sweep      -        archived concluded lane 3f2dfa40 (forge implement STL-16 c3)
2026-09-14T17:30:04+00:00 sweep      -        archived concluded lane ade625a3 (forge implement STL-15 c2)
2026-09-14T17:30:13+00:00 start      STL-15   implement
2026-09-14T20:05:28+00:00 ok         STL-15   implement: dispatched 85b64819-8aad-4650-ad8e-f68d387bbf5b on forge/stl-15-c3 (hermes:accept_edits/glm/glm-5.3); waiting up to 10800s… | STL-15 implement c3 → https://github.com/NevrLabs/stellarc/pull/42 | forge: implement STL-15: skipping hermes:accept_edits/ocg/glm-5.3 — preflight failed: HTTP 503: {"error":{"message":"[opencode-go/glm-5.3] [429]: {\"type\":\"error\",\"error\":{\"type\":\"GoUsageLimitError\",\"message\":\"Weekly usage limit reached. Resets
2026-09-14T20:05:29+00:00 start      STL-16   implement
2026-09-14T21:25:41+00:00 ok         STL-16   implement: dispatched 66e392ca-3e4c-4dc6-b909-abf5a765ed23 on forge/stl-16-c4 (hermes:accept_edits/glm/glm-5.3); waiting up to 10800s… | STL-16 implement c4 → https://github.com/NevrLabs/stellarc/pull/43
2026-09-14T21:25:43+00:00 start      STL-21   implement
2026-09-15T00:28:16+00:00 fail       STL-21   implement rc=1: dispatched 128af756-7309-4b41-96cc-e96269ef855d on forge/stl-21-c1 (hermes:accept_edits/glm/glm-5.3-flash); waiting up to 10800s… | forge: agent 128af756-7309-4b41-96cc-e96269ef855d did not go idle within 10800s — `paseo logs 128af756-7309-4b41-96cc-e96269ef855d | tail`
2026-09-15T00:28:18+00:00 start      STL-22   implement
2026-09-15T01:20:13+00:00 ok         STL-22   implement: dispatched 45e3622f-12e2-4b6b-a78b-85e0a89c3085 on forge/stl-22-c1 (hermes:accept_edits/glm/glm-5.3-flash); waiting up to 10800s… | STL-22 implement c5 → https://github.com/NevrLabs/stellarc/pull/32 | forge: implement STL-22: skipping hermes:accept_edits/ocg/deepseek-v4-pro — preflight failed: HTTP 503: {"error":{"message":"[opencode-go/deepseek-v4-pro] [429]: {\"type\":\"error\",\"error\":{\"type\":\"GoUsageLimitError\",\"message\":\"Weekly usage limit reached
2026-09-15T01:20:14+00:00 throttle   STL-27   review deferred; 4 heavy in flight
2026-09-15T01:22:23+00:00 orphan     STL-15   implement c3 watcher dead → partial
2026-09-15T01:22:29+00:00 orphan     STL-16   implement c4 watcher dead → partial
2026-09-15T01:22:36+00:00 orphan     STL-21   implement c2 watcher dead → partial
2026-09-15T01:22:43+00:00 orphan     STL-22   implement c5 watcher dead → partial
2026-09-15T01:22:57+00:00 sweep      -        archived concluded lane 45e3622f (forge implement STL-22 c5 (cont.))
2026-09-15T01:23:04+00:00 sweep      -        archived concluded lane 128af756 (forge implement STL-21 c2 (cont.))
2026-09-15T01:23:09+00:00 sweep      -        archived concluded lane 66e392ca (forge implement STL-16 c4)
2026-09-15T01:23:15+00:00 sweep      -        archived concluded lane 85b64819 (forge implement STL-15 c3)
2026-09-15T01:23:25+00:00 start      STL-15   review
2026-09-15T01:34:05+00:00 fail       STL-15   review rc=1: dispatched ff2f8be6-0913-4ba3-964e-8fa1e527edbe; waiting… | forge: reviewer wrote nothing — `paseo logs ff2f8be6-0913-4ba3-964e-8fa1e527edbe`
2026-09-15T01:34:06+00:00 start      STL-16   review
2026-09-15T01:44:04+00:00 fail       STL-16   review rc=1: dispatched 8c28455b-5b2a-4256-9205-b00f11ac214a; waiting… | forge: reviewer wrote nothing — `paseo logs 8c28455b-5b2a-4256-9205-b00f11ac214a`
2026-09-15T01:44:05+00:00 start      STL-21   implement
2026-09-15T02:25:32+00:00 fail       STL-21   implement rc=1: dispatched 1c7bafd2-c4f2-4c2e-acdf-e73eaa1259df on forge/stl-21-c1 (hermes:accept_edits/glm/glm-5.3); waiting up to 10800s… | forge: implement STL-21: skipping hermes:accept_edits/ocg/glm-5.3 — preflight failed: HTTP 503: {"error":{"message":"[opencode-go/glm-5.3] [429]: {\"type\":\"error\",\"error\":{\"type\":\"GoUsageLimitError\",\"message\":\"Weekly usage limit reached. Resets | forge: implementer 1c7bafd2-c4f2-4c2e-acdf-e73eaa1259df pushed nothing to forge/stl-21-c1 — cycle wasted
2026-09-15T02:25:33+00:00 start      STL-22   review
2026-09-15T02:31:08+00:00 fail       STL-22   review rc=1: dispatched 2efeace0-a036-4054-a379-65ba8ea63ff1; waiting… | forge: reviewer wrote nothing — `paseo logs 2efeace0-a036-4054-a379-65ba8ea63ff1`
2026-09-15T02:31:10+00:00 throttle   STL-27   review deferred; 4 heavy in flight
2026-09-15T02:33:11+00:00 orphan     STL-15   review c3 watcher dead → fail
2026-09-15T02:33:11+00:00 orphan     STL-16   review c4 watcher dead → fail
2026-09-15T02:33:16+00:00 orphan     STL-21   implement c3 watcher dead → partial
2026-09-15T02:33:16+00:00 orphan     STL-22   review c5 watcher dead → fail
2026-09-15T02:33:28+00:00 sweep      -        archived concluded lane 2efeace0 (forge review STL-22 c5)
2026-09-15T02:33:34+00:00 sweep      -        archived concluded lane 1c7bafd2 (forge implement STL-21 c3 (cont.))
2026-09-15T02:33:39+00:00 sweep      -        archived concluded lane 8c28455b (forge review STL-16 c4)
2026-09-15T02:33:46+00:00 sweep      -        archived concluded lane ff2f8be6 (forge review STL-15 c3)
2026-09-15T02:33:56+00:00 start      STL-15   review
2026-09-15T02:41:19+00:00 fail       STL-15   review rc=1: dispatched 797c8cc8-d427-43a5-a91a-2e2df8eae44a; waiting… | forge: reviewer wrote nothing — `paseo logs 797c8cc8-d427-43a5-a91a-2e2df8eae44a`
2026-09-15T02:41:19+00:00 escalate   STL-15   review — human needed; delete .forge/STL-15.escalation to resume
2026-09-15T02:41:22+00:00 start      STL-16   review
2026-09-15T02:51:10+00:00 fail       STL-16   review rc=1: dispatched 24a517e2-8516-4618-a2a0-ad2a421607df; waiting… | forge: reviewer wrote nothing — `paseo logs 24a517e2-8516-4618-a2a0-ad2a421607df`
2026-09-15T02:51:10+00:00 escalate   STL-16   review — human needed; delete .forge/STL-16.escalation to resume
2026-09-15T02:51:12+00:00 start      STL-21   implement
2026-09-15T05:18:48+00:00 ok         STL-21   implement: dispatched cbefd81b-7434-475e-9b64-729de8e006ee on forge/stl-21-c4 (hermes:accept_edits/glm/glm-5.3); waiting up to 10800s… | STL-21 implement c4 → https://github.com/NevrLabs/stellarc/pull/44
2026-09-15T05:18:49+00:00 start      STL-22   review
2026-09-15T05:29:42+00:00 fail       STL-22   review rc=1: dispatched 5fe61d11-4d34-404b-83a4-bce460a40ce7; waiting… | forge: reviewer wrote nothing — `paseo logs 5fe61d11-4d34-404b-83a4-bce460a40ce7`
2026-09-15T05:29:42+00:00 escalate   STL-22   review — human needed; delete .forge/STL-22.escalation to resume
2026-09-15T05:29:44+00:00 throttle   STL-27   review deferred; 4 heavy in flight
2026-09-15T05:31:45+00:00 orphan     STL-15   review c3 watcher dead → fail
2026-09-15T05:31:45+00:00 orphan     STL-16   review c4 watcher dead → fail
2026-09-15T05:31:51+00:00 orphan     STL-21   implement c4 watcher dead → partial
2026-09-15T05:31:51+00:00 orphan     STL-22   review c5 watcher dead → fail
2026-09-15T05:32:04+00:00 sweep      -        archived concluded lane 5fe61d11 (forge review STL-22 c5)
2026-09-15T05:32:12+00:00 sweep      -        archived concluded lane cbefd81b (forge implement STL-21 c4)
2026-09-15T05:32:18+00:00 sweep      -        archived concluded lane 24a517e2 (forge review STL-16 c4)
2026-09-15T05:32:24+00:00 sweep      -        archived concluded lane 797c8cc8 (forge review STL-15 c3)
2026-09-15T05:32:34+00:00 start      STL-21   review
2026-09-15T05:39:33+00:00 fail       STL-21   review rc=1: dispatched 08374ac1-382b-4a04-b75b-1f93181e35f6; waiting… | forge: reviewer wrote nothing — `paseo logs 08374ac1-382b-4a04-b75b-1f93181e35f6`
2026-09-15T05:39:34+00:00 start      STL-27   review
2026-09-15T05:49:42+00:00 fail       STL-27   review rc=1: dispatched 94d93c29-4ca7-4258-a47c-5342a9fb8d2f; waiting… | forge: reviewer wrote nothing — `paseo logs 94d93c29-4ca7-4258-a47c-5342a9fb8d2f`
2026-09-15T05:51:44+00:00 orphan     STL-21   review c4 watcher dead → fail
2026-09-15T05:51:44+00:00 orphan     STL-27   review c5 watcher dead → fail
2026-09-15T05:51:56+00:00 sweep      -        archived concluded lane 94d93c29 (forge review STL-27 c5)
2026-09-15T05:52:02+00:00 sweep      -        archived concluded lane 08374ac1 (forge review STL-21 c4)
2026-09-15T05:52:11+00:00 start      STL-21   review
2026-09-15T05:54:40+00:00 fail       STL-21   review rc=1: dispatched ced66dfe-5dcb-41bc-ba9b-33d0e158c024; waiting… | forge: reviewer wrote nothing — `paseo logs ced66dfe-5dcb-41bc-ba9b-33d0e158c024`
2026-09-15T05:54:40+00:00 escalate   STL-21   review — human needed; delete .forge/STL-21.escalation to resume
2026-09-15T05:54:42+00:00 start      STL-27   review
2026-09-15T06:04:50+00:00 fail       STL-27   review rc=1: dispatched 3ae3849f-8307-4d71-ab2e-7794d9342b26; waiting… | forge: reviewer wrote nothing — `paseo logs 3ae3849f-8307-4d71-ab2e-7794d9342b26`
2026-09-15T06:04:50+00:00 escalate   STL-27   review — human needed; delete .forge/STL-27.escalation to resume
2026-09-15T06:06:53+00:00 orphan     STL-21   review c4 watcher dead → fail
2026-09-15T06:06:53+00:00 orphan     STL-27   review c5 watcher dead → fail
2026-09-15T06:07:05+00:00 sweep      -        archived concluded lane 3ae3849f (forge review STL-27 c5)
2026-09-15T06:07:11+00:00 sweep      -        archived concluded lane ced66dfe (forge review STL-21 c4)
2026-09-15T06:07:21+00:00 idle       -        2/16 merged; nothing runnable (waiting on agents, blockers, or escalations)
2026-09-15T06:09:37+00:00 idle       -        2/16 merged; nothing runnable (waiting on agents, blockers, or escalations)
2026-09-15T06:11:53+00:00 idle       -        2/16 merged; nothing runnable (waiting on agents, blockers, or escalations)
2026-09-15T06:14:11+00:00 idle       -        2/16 merged; nothing runnable (waiting on agents, blockers, or escalations)
2026-09-15T06:16:27+00:00 idle       -        2/16 merged; nothing runnable (waiting on agents, blockers, or escalations)
2026-09-15T06:18:43+00:00 idle       -        2/16 merged; nothing runnable (waiting on agents, blockers, or escalations)
2026-09-15T06:20:59+00:00 idle       -        2/16 merged; nothing runnable (waiting on agents, blockers, or escalations)
2026-09-15T06:23:14+00:00 idle       -        2/16 merged; nothing runnable (waiting on agents, blockers, or escalations)
2026-09-15T06:25:33+00:00 idle       -        2/16 merged; nothing runnable (waiting on agents, blockers, or escalations)
2026-09-15T06:27:50+00:00 idle       -        2/16 merged; nothing runnable (waiting on agents, blockers, or escalations)
2026-09-15T06:30:05+00:00 idle       -        2/16 merged; nothing runnable (waiting on agents, blockers, or escalations)
2026-09-15T06:32:23+00:00 idle       -        2/16 merged; nothing runnable (waiting on agents, blockers, or escalations)
2026-09-15T06:34:41+00:00 idle       -        2/16 merged; nothing runnable (waiting on agents, blockers, or escalations)
2026-09-15T06:36:57+00:00 idle       -        2/16 merged; nothing runnable (waiting on agents, blockers, or escalations)
2026-09-15T06:39:14+00:00 idle       -        2/16 merged; nothing runnable (waiting on agents, blockers, or escalations)
2026-09-15T06:41:31+00:00 idle       -        2/16 merged; nothing runnable (waiting on agents, blockers, or escalations)
2026-09-15T06:43:48+00:00 idle       -        2/16 merged; nothing runnable (waiting on agents, blockers, or escalations)
2026-09-15T06:46:03+00:00 idle       -        2/16 merged; nothing runnable (waiting on agents, blockers, or escalations)
2026-09-15T06:48:19+00:00 idle       -        2/16 merged; nothing runnable (waiting on agents, blockers, or escalations)
2026-09-15T06:50:37+00:00 idle       -        2/16 merged; nothing runnable (waiting on agents, blockers, or escalations)
2026-09-15T06:52:54+00:00 idle       -        2/16 merged; nothing runnable (waiting on agents, blockers, or escalations)
2026-09-15T06:55:10+00:00 idle       -        2/16 merged; nothing runnable (waiting on agents, blockers, or escalations)
2026-09-15T06:57:26+00:00 idle       -        2/16 merged; nothing runnable (waiting on agents, blockers, or escalations)
2026-09-15T06:59:43+00:00 idle       -        2/16 merged; nothing runnable (waiting on agents, blockers, or escalations)
2026-09-15T07:02:02+00:00 idle       -        2/16 merged; nothing runnable (waiting on agents, blockers, or escalations)
2026-09-15T07:04:23+00:00 idle       -        2/16 merged; nothing runnable (waiting on agents, blockers, or escalations)
2026-09-15T07:06:43+00:00 idle       -        2/16 merged; nothing runnable (waiting on agents, blockers, or escalations)
2026-09-15T07:09:03+00:00 idle       -        2/16 merged; nothing runnable (waiting on agents, blockers, or escalations)
2026-09-15T07:11:19+00:00 idle       -        2/16 merged; nothing runnable (waiting on agents, blockers, or escalations)
2026-09-15T07:13:35+00:00 idle       -        2/16 merged; nothing runnable (waiting on agents, blockers, or escalations)
2026-09-15T07:15:52+00:00 idle       -        2/16 merged; nothing runnable (waiting on agents, blockers, or escalations)
2026-09-15T07:18:08+00:00 idle       -        2/16 merged; nothing runnable (waiting on agents, blockers, or escalations)
2026-09-15T07:20:28+00:00 idle       -        2/16 merged; nothing runnable (waiting on agents, blockers, or escalations)
2026-09-15T07:22:44+00:00 idle       -        2/16 merged; nothing runnable (waiting on agents, blockers, or escalations)
2026-09-15T07:25:01+00:00 idle       -        2/16 merged; nothing runnable (waiting on agents, blockers, or escalations)
2026-09-15T07:27:17+00:00 idle       -        2/16 merged; nothing runnable (waiting on agents, blockers, or escalations)
2026-09-15T07:29:32+00:00 idle       -        2/16 merged; nothing runnable (waiting on agents, blockers, or escalations)
2026-09-15T07:31:48+00:00 idle       -        2/16 merged; nothing runnable (waiting on agents, blockers, or escalations)
2026-09-15T07:34:03+00:00 idle       -        2/16 merged; nothing runnable (waiting on agents, blockers, or escalations)
2026-09-15T07:36:19+00:00 idle       -        2/16 merged; nothing runnable (waiting on agents, blockers, or escalations)
2026-09-15T07:38:36+00:00 idle       -        2/16 merged; nothing runnable (waiting on agents, blockers, or escalations)
2026-09-15T07:40:54+00:00 idle       -        2/16 merged; nothing runnable (waiting on agents, blockers, or escalations)
2026-09-15T07:43:12+00:00 idle       -        2/16 merged; nothing runnable (waiting on agents, blockers, or escalations)
2026-09-15T07:45:30+00:00 idle       -        2/16 merged; nothing runnable (waiting on agents, blockers, or escalations)
2026-09-15T07:47:46+00:00 idle       -        2/16 merged; nothing runnable (waiting on agents, blockers, or escalations)
2026-09-15T07:50:02+00:00 idle       -        2/16 merged; nothing runnable (waiting on agents, blockers, or escalations)
2026-09-15T07:52:19+00:00 idle       -        2/16 merged; nothing runnable (waiting on agents, blockers, or escalations)
2026-09-15T07:54:35+00:00 idle       -        2/16 merged; nothing runnable (waiting on agents, blockers, or escalations)
2026-09-15T07:56:52+00:00 idle       -        2/16 merged; nothing runnable (waiting on agents, blockers, or escalations)
2026-09-15T07:59:09+00:00 idle       -        2/16 merged; nothing runnable (waiting on agents, blockers, or escalations)
2026-09-15T08:01:25+00:00 idle       -        2/16 merged; nothing runnable (waiting on agents, blockers, or escalations)
2026-09-15T08:03:41+00:00 idle       -        2/16 merged; nothing runnable (waiting on agents, blockers, or escalations)
2026-09-15T08:05:58+00:00 idle       -        2/16 merged; nothing runnable (waiting on agents, blockers, or escalations)
2026-09-15T08:08:15+00:00 idle       -        2/16 merged; nothing runnable (waiting on agents, blockers, or escalations)
2026-09-15T08:10:33+00:00 idle       -        2/16 merged; nothing runnable (waiting on agents, blockers, or escalations)
2026-09-15T08:12:49+00:00 idle       -        2/16 merged; nothing runnable (waiting on agents, blockers, or escalations)
2026-09-15T08:15:05+00:00 idle       -        2/16 merged; nothing runnable (waiting on agents, blockers, or escalations)
2026-09-15T08:17:22+00:00 idle       -        2/16 merged; nothing runnable (waiting on agents, blockers, or escalations)
2026-09-15T08:19:39+00:00 idle       -        2/16 merged; nothing runnable (waiting on agents, blockers, or escalations)
2026-09-15T08:21:55+00:00 idle       -        2/16 merged; nothing runnable (waiting on agents, blockers, or escalations)
2026-09-15T08:24:12+00:00 idle       -        2/16 merged; nothing runnable (waiting on agents, blockers, or escalations)
2026-09-15T08:26:29+00:00 idle       -        2/16 merged; nothing runnable (waiting on agents, blockers, or escalations)
2026-09-15T08:28:46+00:00 idle       -        2/16 merged; nothing runnable (waiting on agents, blockers, or escalations)
2026-09-15T08:31:03+00:00 idle       -        2/16 merged; nothing runnable (waiting on agents, blockers, or escalations)
2026-09-15T08:33:19+00:00 idle       -        2/16 merged; nothing runnable (waiting on agents, blockers, or escalations)
2026-09-15T08:35:36+00:00 idle       -        2/16 merged; nothing runnable (waiting on agents, blockers, or escalations)
2026-09-15T08:37:52+00:00 idle       -        2/16 merged; nothing runnable (waiting on agents, blockers, or escalations)
2026-09-15T08:40:09+00:00 idle       -        2/16 merged; nothing runnable (waiting on agents, blockers, or escalations)
2026-09-15T08:42:26+00:00 idle       -        2/16 merged; nothing runnable (waiting on agents, blockers, or escalations)
2026-09-15T08:44:44+00:00 idle       -        2/16 merged; nothing runnable (waiting on agents, blockers, or escalations)
2026-09-15T08:47:01+00:00 idle       -        2/16 merged; nothing runnable (waiting on agents, blockers, or escalations)
2026-09-15T08:49:17+00:00 idle       -        2/16 merged; nothing runnable (waiting on agents, blockers, or escalations)
2026-09-15T08:51:34+00:00 idle       -        2/16 merged; nothing runnable (waiting on agents, blockers, or escalations)
2026-09-15T08:53:51+00:00 idle       -        2/16 merged; nothing runnable (waiting on agents, blockers, or escalations)
2026-09-15T08:56:08+00:00 idle       -        2/16 merged; nothing runnable (waiting on agents, blockers, or escalations)
2026-09-15T08:58:24+00:00 idle       -        2/16 merged; nothing runnable (waiting on agents, blockers, or escalations)
2026-09-15T09:00:41+00:00 idle       -        2/16 merged; nothing runnable (waiting on agents, blockers, or escalations)
2026-09-15T09:02:58+00:00 idle       -        2/16 merged; nothing runnable (waiting on agents, blockers, or escalations)
2026-09-15T09:05:13+00:00 idle       -        2/16 merged; nothing runnable (waiting on agents, blockers, or escalations)
2026-09-15T09:07:29+00:00 idle       -        2/16 merged; nothing runnable (waiting on agents, blockers, or escalations)
2026-09-15T09:09:46+00:00 idle       -        2/16 merged; nothing runnable (waiting on agents, blockers, or escalations)
2026-09-15T09:12:02+00:00 idle       -        2/16 merged; nothing runnable (waiting on agents, blockers, or escalations)
2026-09-15T09:14:18+00:00 idle       -        2/16 merged; nothing runnable (waiting on agents, blockers, or escalations)
2026-09-15T09:16:36+00:00 idle       -        2/16 merged; nothing runnable (waiting on agents, blockers, or escalations)
2026-09-15T09:18:53+00:00 idle       -        2/16 merged; nothing runnable (waiting on agents, blockers, or escalations)
2026-09-15T09:21:12+00:00 idle       -        2/16 merged; nothing runnable (waiting on agents, blockers, or escalations)
2026-09-15T09:23:27+00:00 idle       -        2/16 merged; nothing runnable (waiting on agents, blockers, or escalations)
2026-09-15T09:25:43+00:00 idle       -        2/16 merged; nothing runnable (waiting on agents, blockers, or escalations)
2026-09-15T09:27:59+00:00 idle       -        2/16 merged; nothing runnable (waiting on agents, blockers, or escalations)
2026-09-15T09:30:16+00:00 idle       -        2/16 merged; nothing runnable (waiting on agents, blockers, or escalations)
2026-09-15T09:32:33+00:00 idle       -        2/16 merged; nothing runnable (waiting on agents, blockers, or escalations)
2026-09-15T09:34:52+00:00 idle       -        2/16 merged; nothing runnable (waiting on agents, blockers, or escalations)
2026-09-15T09:37:08+00:00 idle       -        2/16 merged; nothing runnable (waiting on agents, blockers, or escalations)
2026-09-15T09:39:24+00:00 idle       -        2/16 merged; nothing runnable (waiting on agents, blockers, or escalations)
2026-09-15T09:41:42+00:00 idle       -        2/16 merged; nothing runnable (waiting on agents, blockers, or escalations)
2026-09-15T09:43:58+00:00 idle       -        2/16 merged; nothing runnable (waiting on agents, blockers, or escalations)
2026-09-15T09:46:14+00:00 idle       -        2/16 merged; nothing runnable (waiting on agents, blockers, or escalations)
2026-09-15T09:48:31+00:00 idle       -        2/16 merged; nothing runnable (waiting on agents, blockers, or escalations)
2026-09-15T09:50:48+00:00 idle       -        2/16 merged; nothing runnable (waiting on agents, blockers, or escalations)
2026-09-15T09:53:05+00:00 idle       -        2/16 merged; nothing runnable (waiting on agents, blockers, or escalations)
2026-09-15T09:55:22+00:00 idle       -        2/16 merged; nothing runnable (waiting on agents, blockers, or escalations)
2026-09-15T09:57:38+00:00 idle       -        2/16 merged; nothing runnable (waiting on agents, blockers, or escalations)
2026-09-15T09:59:53+00:00 idle       -        2/16 merged; nothing runnable (waiting on agents, blockers, or escalations)
2026-09-15T10:02:10+00:00 idle       -        2/16 merged; nothing runnable (waiting on agents, blockers, or escalations)
2026-09-15T10:04:25+00:00 idle       -        2/16 merged; nothing runnable (waiting on agents, blockers, or escalations)
2026-09-15T10:06:41+00:00 idle       -        2/16 merged; nothing runnable (waiting on agents, blockers, or escalations)
2026-09-15T10:08:58+00:00 idle       -        2/16 merged; nothing runnable (waiting on agents, blockers, or escalations)
2026-09-15T10:11:15+00:00 idle       -        2/16 merged; nothing runnable (waiting on agents, blockers, or escalations)
2026-09-15T10:13:32+00:00 idle       -        2/16 merged; nothing runnable (waiting on agents, blockers, or escalations)
2026-09-15T10:15:48+00:00 idle       -        2/16 merged; nothing runnable (waiting on agents, blockers, or escalations)
2026-09-15T10:18:05+00:00 idle       -        2/16 merged; nothing runnable (waiting on agents, blockers, or escalations)
2026-09-15T10:20:22+00:00 idle       -        2/16 merged; nothing runnable (waiting on agents, blockers, or escalations)
2026-09-15T10:22:39+00:00 idle       -        2/16 merged; nothing runnable (waiting on agents, blockers, or escalations)
2026-09-15T10:24:55+00:00 idle       -        2/16 merged; nothing runnable (waiting on agents, blockers, or escalations)
2026-09-15T10:27:11+00:00 idle       -        2/16 merged; nothing runnable (waiting on agents, blockers, or escalations)
2026-09-15T10:29:26+00:00 idle       -        2/16 merged; nothing runnable (waiting on agents, blockers, or escalations)
2026-09-15T10:31:44+00:00 idle       -        2/16 merged; nothing runnable (waiting on agents, blockers, or escalations)
2026-09-15T10:34:00+00:00 idle       -        2/16 merged; nothing runnable (waiting on agents, blockers, or escalations)
2026-09-15T10:36:16+00:00 idle       -        2/16 merged; nothing runnable (waiting on agents, blockers, or escalations)
2026-09-15T10:38:33+00:00 idle       -        2/16 merged; nothing runnable (waiting on agents, blockers, or escalations)
2026-09-15T10:40:49+00:00 idle       -        2/16 merged; nothing runnable (waiting on agents, blockers, or escalations)
2026-09-15T10:43:07+00:00 idle       -        2/16 merged; nothing runnable (waiting on agents, blockers, or escalations)
2026-09-15T10:45:23+00:00 idle       -        2/16 merged; nothing runnable (waiting on agents, blockers, or escalations)
2026-09-15T10:47:39+00:00 idle       -        2/16 merged; nothing runnable (waiting on agents, blockers, or escalations)
2026-09-15T10:49:56+00:00 idle       -        2/16 merged; nothing runnable (waiting on agents, blockers, or escalations)
2026-09-15T10:52:13+00:00 idle       -        2/16 merged; nothing runnable (waiting on agents, blockers, or escalations)
2026-09-15T10:54:30+00:00 idle       -        2/16 merged; nothing runnable (waiting on agents, blockers, or escalations)
2026-09-15T10:56:47+00:00 idle       -        2/16 merged; nothing runnable (waiting on agents, blockers, or escalations)
2026-09-15T10:59:04+00:00 idle       -        2/16 merged; nothing runnable (waiting on agents, blockers, or escalations)
2026-09-15T11:01:21+00:00 idle       -        2/16 merged; nothing runnable (waiting on agents, blockers, or escalations)
2026-09-15T11:03:38+00:00 idle       -        2/16 merged; nothing runnable (waiting on agents, blockers, or escalations)
2026-09-15T11:05:55+00:00 idle       -        2/16 merged; nothing runnable (waiting on agents, blockers, or escalations)
2026-09-15T11:08:10+00:00 idle       -        2/16 merged; nothing runnable (waiting on agents, blockers, or escalations)
2026-09-15T11:10:26+00:00 idle       -        2/16 merged; nothing runnable (waiting on agents, blockers, or escalations)
2026-09-15T11:12:43+00:00 idle       -        2/16 merged; nothing runnable (waiting on agents, blockers, or escalations)
2026-09-15T11:14:59+00:00 idle       -        2/16 merged; nothing runnable (waiting on agents, blockers, or escalations)
2026-09-15T11:17:16+00:00 idle       -        2/16 merged; nothing runnable (waiting on agents, blockers, or escalations)
2026-09-15T11:19:33+00:00 idle       -        2/16 merged; nothing runnable (waiting on agents, blockers, or escalations)
2026-09-15T11:21:51+00:00 start      STL-15   review
2026-09-15T12:02:25+00:00 fail       STL-15   review rc=1: forge: review STL-15: skipping hermes:accept_edits/ocg/deepseek-v4-pro — preflight failed: HTTP 503: {"error":{"message":"[opencode-go/deepseek-v4-pro] [429]: {\"type\":\"error\",\"error\":{\"type\":\"GoUsageLimitError\",\"message\":\"Weekly usage limit reached | forge: review STL-15: no cross-family reviewer answers preflight; using same-family hermes:accept_edits/glm/glm-5.3 (flagged) | forge: agent 7161921f-b492-4a84-84c4-c03d8db77381 did not go idle within 2400s — `paseo logs 7161921f-b492-4a84-84c4-c03d8db77381 | tail`
2026-09-15T12:02:26+00:00 start      STL-16   review
2026-09-15T12:40:13+00:00 ok         STL-16   review: STL-16 review c4 → REWORK | forge: review STL-16: skipping hermes:accept_edits/ocg/deepseek-v4-pro — preflight failed: HTTP 503: {"error":{"message":"[opencode-go/deepseek-v4-pro] [429]: {\"type\":\"error\",\"error\":{\"type\":\"GoUsageLimitError\",\"message\":\"Weekly usage limit reached | forge: review STL-16: no cross-family reviewer answers preflight; using same-family hermes:accept_edits/glm/glm-5.3 (flagged)
2026-09-15T12:40:19+00:00 start      STL-21   review
2026-09-15T13:17:10+00:00 fail       STL-21   review rc=1: forge: review STL-21: no cross-family reviewer answers preflight; using same-family hermes:accept_edits/glm/glm-5.3 (flagged) | forge: command failed (1): gh issue edit 21 --remove-label forge:triage -R NevrLabs/stellarc | Post "https://api.github.com/graphql": dial tcp 20.205.243.168:443: i/o timeout
2026-09-15T13:17:13+00:00 start      STL-22   review
2026-09-15T13:17:47+00:00 fail       STL-22   review rc=1: forge: review STL-22: no cross-family reviewer answers preflight; using same-family hermes:accept_edits/glm/glm-5.3 (flagged) | forge: command failed (1): gh pr view 32 --json number,url,headRefName -R NevrLabs/stellarc | Post "https://api.github.com/graphql": dial tcp 20.205.243.168:443: i/o timeout
2026-09-15T13:17:48+00:00 throttle   STL-27   review deferred; 4 heavy in flight
2026-09-15T13:19:49+00:00 orphan     STL-15   review c3 watcher dead → rework
2026-09-15T13:19:49+00:00 orphan     STL-16   review c4 watcher dead → rework
2026-09-15T13:19:49+00:00 orphan     STL-21   review c4 watcher dead → rework
2026-09-15T13:19:59+00:00 sweep      -        archived concluded lane 3ab24ddb (forge review STL-21 c4)
2026-09-15T13:20:04+00:00 sweep      -        archived concluded lane fcdaeef8 (forge review STL-16 c4)
2026-09-15T13:20:09+00:00 sweep      -        archived concluded lane 7161921f (forge review STL-15 c3)
2026-09-15T13:20:50+00:00 start      STL-15   implement
2026-09-15T13:23:03+00:00 boot       -        repo=/home/rpw/repos/stellarc-dev tick=120s parallel=4
2026-09-15T13:24:32+00:00 start      STL-16   implement
